timestamp,date,ticker,mid,volume,spread,ret_1m,window_id,alpha_intraday,alpha_overnight,alpha_combined
2024-01-02 09:30:00,2024-01-02,STK1,100.1114772136325,4897.0,0.030921040871780915,0.0,window_0,-0.0025876796234364247,-0.0029027401378003415,-0.0026821977777455996
2024-01-02 09:31:00,2024-01-02,STK1,99.91634661403135,8727.0,0.03926867054910268,-0.0019510351886538365,window_0,0.0016092419113457003,-0.0029027401378003415,0.0002556472966018877
2024-01-02 09:32:00,2024-01-02,STK1,99.92912077657515,7457.0,0.013843408980266377,0.0001278404031672854,window_0,0.001287285234291001,-0.0029027401378003415,3.0277622663598303e-05
2024-01-02 09:33:00,2024-01-02,STK1,99.84391319498097,8074.0,0.021123940726977437,-0.0008530439275735801,window_0,0.0015990046876743999,-0.0029027401378003415,0.0002484812400319774
2024-01-02 09:34:00,2024-01-02,STK1,99.92160119409878,8034.0,0.034682848398124896,0.0007777919354289483,window_0,-0.0005842915550333109,-0.0029027401378003415,-0.00127982612986342
2024-01-02 09:35:00,2024-01-02,STK1,99.96832639753332,6794.0,0.016817161653543307,0.0004675093422520456,window_0,-0.00046705897294496755,-0.0029027401378003415,-0.0011977633224015797
2024-01-02 09:36:00,2024-01-02,STK1,100.00519659381493,8991.0,0.03482893515977746,0.00036875078408249884,window_0,-0.00035475756488835574,-0.0029027401378003415,-0.0011191523367619514
2024-01-02 09:37:00,2024-01-02,STK1,100.00020386790585,1574.0,0.03274263220256121,-4.99259109862529e-05,window_0,-0.0009996455064624073,-0.0029027401378003415,-0.0015705738958637875
2024-01-02 09:38:00,2024-01-02,STK1,99.9321339526841,1611.0,0.03679363363966593,-0.0006809295444039413,window_0,0.0013475632956111096,-0.0029027401378003415,7.247226558767421e-05
2024-01-02 09:39:00,2024-01-02,STK1,99.88933940508599,9736.0,0.015839161235559028,-0.00042832782216310723,window_0,0.0019170026832478445,-0.0029027401378003415,0.0004710798369333886
2024-01-02 09:40:00,2024-01-02,STK1,99.94252557247702,5480.0,0.014628684762026434,0.0005323091855533487,window_0,0.0021312969652813986,-0.0029027401378003415,0.0006210858343568765
2024-01-02 09:41:00,2024-01-02,STK1,99.98559218792242,1394.0,0.03234286467723451,0.00043082100300788275,window_0,0.0023348344960947786,-0.0029027401378003415,0.0007635621059262426
2024-01-02 09:42:00,2024-01-02,STK1,99.94496479818498,4697.0,0.021113791181046067,-0.0004064150163846156,window_0,0.003282946208018531,-0.0029027401378003415,0.001427240304272869
2024-01-02 09:43:00,2024-01-02,STK1,100.00654780487594,3932.0,0.01568414077252857,0.0006159794225754957,window_0,0.0037461242615689887,-0.0029027401378003415,0.0017514649417581893
2024-01-02 09:44:00,2024-01-02,STK1,99.99515296222373,7178.0,0.016807280471526524,-0.00011394745765487508,window_0,0.0040753381503706824,-0.0029027401378003415,0.0019819146639193748
2024-01-02 09:45:00,2024-01-02,STK1,100.0602302546715,5281.0,0.023114557566169924,0.0006505927878247011,window_0,0.004040324835664657,-0.0029027401378003415,0.0019574053436251576
2024-01-02 09:46:00,2024-01-02,STK1,100.11459315820697,7910.0,0.034142930724904055,0.000543154268305195,window_0,0.002203006933020115,-0.0029027401378003415,0.0006712828117739782
2024-01-02 09:47:00,2024-01-02,STK1,100.12627579210196,8490.0,0.018649843117907322,0.00011668580914072823,window_0,0.0014932014221128765,-0.0029027401378003415,0.00017441895413891108
2024-01-02 09:48:00,2024-01-02,STK1,100.21356673865344,6730.0,0.01599724607425325,0.0008714287779481899,window_0,0.0016686207742818578,-0.0029027401378003415,0.00029721250065719803
2024-01-02 09:49:00,2024-01-02,STK1,100.22033930708315,2257.0,0.03360773132506415,6.757906948889146e-05,window_0,0.0009397667397128327,-0.0029027401378003415,-0.00021298532354111952
2024-01-02 09:50:00,2024-01-02,STK1,100.28362720162677,5244.0,0.033421870930659035,0.0006312882258385404,window_0,0.0010845100759021237,-0.0029027401378003415,-0.00011166498820861588
2024-01-02 09:51:00,2024-01-02,STK1,100.23646761787663,7346.0,0.02706223587858681,-0.0004703726542927955,window_0,0.001304797970498442,-0.0029027401378003415,4.253653800880691e-05
2024-01-02 09:52:00,2024-01-02,STK1,100.20889212428689,3209.0,0.030052088853714146,-0.00027514225122668375,window_0,0.0014566331123528882,-0.0029027401378003415,0.00014882113730691924
2024-01-02 09:53:00,2024-01-02,STK1,100.30596921670744,2030.0,0.026957083194435662,0.0009682783545914808,window_0,-0.0023455817221953814,-0.0029027401378003415,-0.002512729246876869
2024-01-02 09:54:00,2024-01-02,STK1,100.27238387312683,6171.0,0.026607382019739875,-0.00033488502998577487,window_0,-0.001482718100619306,-0.0029027401378003415,-0.0019087247117736165
2024-01-02 09:55:00,2024-01-02,STK1,100.3437256248243,6712.0,0.019118502941878366,0.000711226579792855,window_0,-0.0035401358778569298,-0.0029027401378003415,-0.003348917155839953
2024-01-02 09:56:00,2024-01-02,STK1,100.30873935250584,4127.0,0.016437540184585875,-0.00034872507224843757,window_0,-0.003469011543438383,-0.0029027401378003415,-0.00329913012174697
2024-01-02 09:57:00,2024-01-02,STK1,100.289551692244,4930.0,0.035602092198044985,-0.0001913043248816149,window_0,-0.00431885105563307,-0.0029027401378003415,-0.003894017780283251
2024-01-02 09:58:00,2024-01-02,STK1,100.1759592042278,8395.0,0.018441516760659894,-0.0011332872140034807,window_0,-0.00443177693044247,-0.0029027401378003415,-0.003973065892649831
2024-01-02 09:59:00,2024-01-02,STK1,100.19022785504147,1524.0,0.029857495441806853,0.00014242573607056524,window_0,-0.005535937505858983,-0.0029027401378003415,-0.00474597829544139
2024-01-02 10:00:00,2024-01-02,STK1,100.14743045835488,5545.0,0.029929406209821624,-0.00042725264633653424,window_0,-0.003958821193974091,-0.0029027401378003415,-0.003641996877121966
2024-01-02 10:01:00,2024-01-02,STK1,100.11645498860491,8055.0,0.034420611539981036,-0.0003093465397202384,window_0,-0.0035780258636240497,-0.0029027401378003415,-0.0033754401458769368
2024-01-02 10:02:00,2024-01-02,STK1,100.05020723789154,4008.0,0.012701435823269252,-0.0006619259410666513,window_0,-0.005429063674658353,-0.0029027401378003415,-0.00467116661360095
2024-01-02 10:03:00,2024-01-02,STK1,99.93063474254168,1204.0,0.02385631690754162,-0.0011958396455890397,window_0,-0.005657935715724558,-0.0029027401378003415,-0.004831377042347293
2024-01-02 10:04:00,2024-01-02,STK1,99.88373807629912,9105.0,0.014569363081395052,-0.00046940234020272385,window_0,-0.006444453976106669,-0.0029027401378003415,-0.00538193982461477
2024-01-02 10:05:00,2024-01-02,STK1,99.92834923872475,5509.0,0.02338468826722092,0.0004465311760299441,window_0,-0.004906188875523445,-0.0029027401378003415,-0.004305154254206514
2024-01-02 10:06:00,2024-01-02,STK1,99.91850823143989,3148.0,0.028908477793566652,-9.848548450942362e-05,window_0,-0.006412780089249185,-0.0029027401378003415,-0.005359768103814532
2024-01-02 10:07:00,2024-01-02,STK1,99.75005445081058,3713.0,0.012629497579483031,-0.0016873344339580299,window_0,-0.005082722378953948,-0.0029027401378003415,-0.0044287277066078655
2024-01-02 10:08:00,2024-01-02,STK1,99.61820231206588,4050.0,0.03725742072122821,-0.0013226996123544023,window_0,-0.005812750201043662,-0.0029027401378003415,-0.004939747182070665
2024-01-02 10:09:00,2024-01-02,STK1,99.52804094211594,9657.0,0.017976098843785586,-0.0009054790553600608,window_0,-0.003749369405161509,-0.0029027401378003415,-0.003495380624953159
2024-01-02 10:10:00,2024-01-02,STK1,99.65743462709837,3371.0,0.03150670567476987,0.0012992282977860655,window_0,-0.005964059260746498,-0.0029027401378003415,-0.005045663523862651
2024-01-02 10:11:00,2024-01-02,STK1,99.56443610347414,8008.0,0.01816724685535477,-0.000933617680009877,window_0,-0.0038591751818374807,-0.0029027401378003415,-0.003572244668626339
2024-01-02 10:12:00,2024-01-02,STK1,99.46989260960406,5023.0,0.02367328869500833,-0.0009500220549105812,window_0,-0.0025753864987747514,-0.0029027401378003415,-0.0026735925904824284
2024-01-02 10:13:00,2024-01-02,STK1,99.29822453817255,9123.0,0.019178698724519577,-0.0017273204231923486,window_0,0.0008733087781758358,-0.0029027401378003415,-0.00025950589661701744
2024-01-02 10:14:00,2024-01-02,STK1,99.32183406769532,5922.0,0.03569842852277126,0.0002377356023322779,window_0,0.001955209259767241,-0.0029027401378003415,0.0004978244404969662
2024-01-02 10:15:00,2024-01-02,STK1,99.32899836106722,2590.0,0.031583888678528106,7.212950771386952e-05,window_0,0.004477254654047882,-0.0029027401378003415,0.0022632562164934143
2024-01-02 10:16:00,2024-01-02,STK1,99.35211254503963,3778.0,0.02752293906738207,0.00023267621135470397,window_0,0.002375413454789234,-0.0029027401378003415,0.0007919673770123612
2024-01-02 10:17:00,2024-01-02,STK1,99.32833490357031,6645.0,0.012533329634196674,-0.0002393556274730243,window_0,0.0003156849201661921,-0.0029027401378003415,-0.0006498425972237679
2024-01-02 10:18:00,2024-01-02,STK1,99.34614365016877,8081.0,0.02481972457733557,0.00017927563495631616,window_0,-0.002668484991491345,-0.0029027401378003415,-0.0027387615353840437
2024-01-02 10:19:00,2024-01-02,STK1,99.42914338415116,1374.0,0.014335725665981406,0.0008351112459145786,window_0,-0.0036107690354071115,-0.0029027401378003415,-0.0033983603661250803
2024-01-02 10:20:00,2024-01-02,STK1,99.57474484067198,2576.0,0.015117789056106584,0.0014633028912195618,window_0,-0.0009890645006784464,-0.0029027401378003415,-0.0015631671918150147
2024-01-02 10:21:00,2024-01-02,STK1,99.48252400913088,6288.0,0.027431834191011847,-0.0009265759414055249,window_0,-0.0011029397123536147,-0.0029027401378003415,-0.0016428798399876327
2024-01-02 10:22:00,2024-01-02,STK1,99.34566202601752,6512.0,0.010684116130890925,-0.0013766861475563088,window_0,-8.307881039077184e-05,-0.0029027401378003415,-0.0009289772086136426
2024-01-02 10:23:00,2024-01-02,STK1,99.19965120411783,6318.0,0.024469103108287007,-0.001470806294502658,window_0,0.0014715021856493199,-0.0029027401378003415,0.00015922948861442137
2024-01-02 10:24:00,2024-01-02,STK1,99.23075654415518,1584.0,0.024599749925144812,0.00031351384745019527,window_0,0.0011881428352325401,-0.0029027401378003415,-3.912205667732434e-05
2024-01-02 10:25:00,2024-01-02,STK1,99.52032299464588,1744.0,0.03813479364924949,0.0029138624660073296,window_0,0.0,-0.0029027401378003415,-0.0008708220413401024
2024-01-02 10:26:00,2024-01-02,STK1,99.42189254969533,5880.0,0.018009269892756807,-0.000989538120031864,window_0,0.0,-0.0029027401378003415,-0.0008708220413401024
2024-01-02 10:27:00,2024-01-02,STK1,99.34110125120091,5261.0,0.025620172074146134,-0.000812941095310326,window_0,0.0,-0.0029027401378003415,-0.0008708220413401024
2024-01-02 10:28:00,2024-01-02,STK1,99.28031348700583,3561.0,0.03478875772583073,-0.0006120967990598081,window_0,0.0,-0.0029027401378003415,-0.0008708220413401024
2024-01-02 10:29:00,2024-01-02,STK1,99.29590654241595,1194.0,0.014207472669958324,0.00015704856744534464,window_0,0.0,-0.0029027401378003415,-0.0008708220413401024
2024-01-03 09:30:00,2024-01-03,STK1,99.007676328976,6993.0,0.01843701351517025,0.0,window_0,-0.0011952922412847597,-0.0009153245786206465,-0.0011113019424855257
2024-01-03 09:31:00,2024-01-03,STK1,99.035470374076,7050.0,0.03180983842860648,0.0002806867669514257,window_0,-1.7794613237779305e-05,-0.0009153245786206465,-0.00028705360285263945
2024-01-03 09:32:00,2024-01-03,STK1,99.04837301301214,3886.0,0.037480355354128234,0.00013027452147288586,window_0,-0.0003272865427451947,-0.0009153245786206465,-0.0005036979535078302
2024-01-03 09:33:00,2024-01-03,STK1,98.93107576987983,1969.0,0.011122376685285394,-0.0011849437664170246,window_0,0.002626196135979737,-0.0009153245786206465,0.0015637399215996217
2024-01-03 09:34:00,2024-01-03,STK1,98.85935438539116,5921.0,0.03489369229397239,-0.0007252260645357532,window_0,0.0016247932652248627,-0.0009153245786206465,0.0008627579120712098
2024-01-03 09:35:00,2024-01-03,STK1,98.94228164868055,4338.0,0.019514166784681458,0.000838489203736345,window_0,0.002966742352506304,-0.0009153245786206465,0.001802122273168219
2024-01-03 09:36:00,2024-01-03,STK1,99.03449655388631,6713.0,0.025451713876951436,0.0009315730128742441,window_0,0.0017966125653633522,-0.0009153245786206465,0.0009830314221681525
2024-01-03 09:37:00,2024-01-03,STK1,99.03045973990815,3618.0,0.0380813071014689,-4.076252613543403e-05,window_0,0.0022679191565584864,-0.0009153245786206465,0.0013129460360047464
2024-01-03 09:38:00,2024-01-03,STK1,99.07464432912394,5798.0,0.023052911800091138,0.0004460722014820806,window_0,0.0022365442568432698,-0.0009153245786206465,0.0012909836062040948
2024-01-03 09:39:00,2024-01-03,STK1,98.94811398463415,1404.0,0.03675031798764742,-0.0012779375743196192,window_0,0.004885993632423574,-0.0009153245786206465,0.003145598169110308
2024-01-03 09:40:00,2024-01-03,STK1,99.10448551623165,8610.0,0.03680339919093589,0.001579091256410435,window_0,0.005016350332644231,-0.0009153245786206465,0.0032368478592647676
2024-01-03 09:41:00,2024-01-03,STK1,99.13281621737865,9017.0,0.019477871554923788,0.0002858261396025429,window_0,0.004172088673983714,-0.0009153245786206465,0.002645864698202406
2024-01-03 09:42:00,2024-01-03,STK1,99.15456660830802,4020.0,0.0212097318662113,0.00021938250136385634,window_0,0.0017677459391158108,-0.0009153245786206465,0.0009628247837948736
2024-01-03 09:43:00,2024-01-03,STK1,99.19708888234217,6954.0,0.032403688340470777,0.0004287564384616135,window_0,0.0021564695220111668,-0.0009153245786206465,0.0012349312918216227
2024-01-03 09:44:00,2024-01-03,STK1,99.21526687046342,1047.0,0.017229117250170543,0.00018323443722190614,window_0,0.001528457537216533,-0.0009153245786206465,0.0007953229024653789
2024-01-03 09:45:00,2024-01-03,STK1,99.37919940901305,9431.0,0.03493338016374718,0.0016509279322312496,window_0,0.00108758087877725,-0.0009153245786206465,0.00048670924155788106
2024-01-03 09:46:00,2024-01-03,STK1,99.36136053457675,7720.0,0.027981483745625306,-0.00017951921328260065,window_0,-0.002296560801458775,-0.0009153245786206465,-0.0018821899346073362
2024-01-03 09:47:00,2024-01-03,STK1,99.25142383313803,2613.0,0.019309710187002845,-0.001107045682043488,window_0,-0.0018196836565748582,-0.0009153245786206465,-0.0015483759331885946
2024-01-03 09:48:00,2024-01-03,STK1,99.31529547646784,3883.0,0.02502223558607027,0.0006433267946890444,window_0,-0.0035859087616593693,-0.0009153245786206465,-0.002784733506747752
2024-01-03 09:49:00,2024-01-03,STK1,99.29906442316867,9746.0,0.010418088631246046,-0.00016344289852451258,window_0,-0.005685078701924121,-0.0009153245786206465,-0.004254152464933078
2024-01-03 09:50:00,2024-01-03,STK1,99.4389244573317,3513.0,0.030329760208385723,0.0014074818613137169,window_0,-0.007342125470107684,-0.0009153245786206465,-0.005414085202661572
2024-01-03 09:51:00,2024-01-03,STK1,99.2352663870344,2186.0,0.02518989794861899,-0.0020501721010310224,window_0,-0.004234933867438406,-0.0009153245786206465,-0.0032390510807930777
2024-01-03 09:52:00,2024-01-03,STK1,99.15162347660936,7895.0,0.01599326954980173,-0.0008432302702928711,window_0,-0.00029364470067570726,-0.0009153245786206465,-0.00048014866405918905
2024-01-03 09:53:00,2024-01-03,STK1,99.11850012897388,6230.0,0.03146221388847405,-0.0003341234407008121,window_0,-0.0009481950817273983,-0.0009153245786206465,-0.0009383339307953726
2024-01-03 09:54:00,2024-01-03,STK1,98.98711722413567,8433.0,0.013712614109510338,-0.001326392717739564,window_0,0.001772303597287482,-0.0009153245786206465,0.0009660151445150434
2024-01-03 09:55:00,2024-01-03,STK1,99.03548564864326,2179.0,0.02192734581474822,0.0004885141874492638,window_0,0.0010514468946407594,-0.0009153245786206465,0.00046141545266233764
2024-01-03 09:56:00,2024-01-03,STK1,99.0030397007315,2189.0,0.02988592638290747,-0.00032767309436196085,window_0,0.005047628253375779,-0.0009153245786206465,0.003258742403776851
2024-01-03 09:57:00,2024-01-03,STK1,99.13553475822916,5397.0,0.01859338680646165,0.0013373981074427438,window_0,0.0021014948815589146,-0.0009153245786206465,0.0011964490435050462
2024-01-03 09:58:00,2024-01-03,STK1,99.06656611715191,5492.0,0.026655941269804743,-0.0006959426116707031,window_0,0.00393512015180454,-0.0009153245786206465,0.0024799867326769837
2024-01-03 09:59:00,2024-01-03,STK1,99.08406017788877,1223.0,0.0131769221125226,0.00017657335845371104,window_0,0.00229335479437704,-0.0009153245786206465,0.0013307509824777338
2024-01-03 10:00:00,2024-01-03,STK1,99.09302667853929,7739.0,0.03898695736429545,9.048978162787422e-05,window_0,0.0018347027723405027,-0.0009153245786206465,0.0010096945670521578
2024-01-03 10:01:00,2024-01-03,STK1,99.2791835307735,4772.0,0.037990696648006334,0.0018768446112816702,window_0,-0.0025190634170282446,-0.0009153245786206465,-0.002037941765505965
2024-01-03 10:02:00,2024-01-03,STK1,99.25065644457986,4888.0,0.033542903477565625,-0.0002873833615491761,window_0,-0.002170030333611733,-0.0009153245786206465,-0.0017936186071144072
2024-01-03 10:03:00,2024-01-03,STK1,99.2819853918896,5206.0,0.013274319902972048,0.0003156050035903405,window_0,-0.005389308949153455,-0.0009153245786206465,-0.0040471136379936126
2024-01-03 10:04:00,2024-01-03,STK1,99.20962688187663,3254.0,0.01697922225899301,-0.0007290838377436086,window_0,-0.006052625919340006,-0.0009153245786206465,-0.004511435517124198
2024-01-03 10:05:00,2024-01-03,STK1,99.19349016907518,8171.0,0.028180474621000325,-0.00016266592054490768,window_0,-0.000511098766611893,-0.0009153245786206465,-0.0006323665102145189
2024-01-03 10:06:00,2024-01-03,STK1,99.14098712425903,2070.0,0.022776462591205297,-0.0005294394273660738,window_0,0.0010653602077778125,-0.0009153245786206465,0.00047115477185827483
2024-01-03 10:07:00,2024-01-03,STK1,99.13164228202284,4367.0,0.03602471895256974,-9.426255425255699e-05,window_0,-0.0005501754597191668,-0.0009153245786206465,-0.0006597201953896107
2024-01-03 10:08:00,2024-01-03,STK1,98.98631830203625,5779.0,0.017099870889927433,-0.0014670452453909907,window_0,0.0028937120730012787,-0.0009153245786206465,0.001751001077514701
2024-01-03 10:09:00,2024-01-03,STK1,98.87781105112954,3230.0,0.03449706290271731,-0.0010967855784546397,window_0,0.004639988484571552,-0.0009153245786206465,0.002973394565613893
2024-01-03 10:10:00,2024-01-03,STK1,99.1654753735601,8934.0,0.02783300991269355,0.0029050671692404067,window_0,-0.0011049140549054186,-0.0009153245786206465,-0.001048037212019987
2024-01-03 10:11:00,2024-01-03,STK1,99.19935167712603,1599.0,0.03473992571369024,0.00034155555094050953,window_0,-0.0027262620676355913,-0.0009153245786206465,-0.0021829808209311075
2024-01-03 10:12:00,2024-01-03,STK1,99.10150438333623,9310.0,0.03762911417462351,-0.0009868570784282375,window_0,-0.0006610299563143751,-0.0009153245786206465,-0.0007373183430062565
2024-01-03 10:13:00,2024-01-03,STK1,99.14459972288769,2294.0,0.018541602470138065,0.00043476607446661864,window_0,-0.0013512373261739565,-0.0009153245786206465,-0.0012204635019079635
2024-01-03 10:14:00,2024-01-03,STK1,99.13133278636721,5100.0,0.0106344404900932,-0.00013382296451604114,window_0,-0.0005367346806124287,-0.0009153245786206465,-0.000650311650014894
2024-01-03 10:15:00,2024-01-03,STK1,99.10492895642615,2039.0,0.01523924412807558,-0.0002663874900089551,window_0,0.00504485596610256,-0.0009153245786206465,0.003256801802685598
2024-01-03 10:16:00,2024-01-03,STK1,99.04990857043046,4863.0,0.030421435803985195,-0.0005553272188190161,window_0,0.006753626541534088,-0.0009153245786206465,0.004452941205487668
2024-01-03 10:17:00,2024-01-03,STK1,99.06530502762469,6320.0,0.01953973290856148,0.00015542932766846604,window_0,0.0044521436921988525,-0.0009153245786206465,0.0028419032109530027
2024-01-03 10:18:00,2024-01-03,STK1,99.07057101830287,7624.0,0.03553394880466618,5.315534757786736e-05,window_0,0.005226919642555087,-0.0009153245786206465,0.003384246376202367
2024-01-03 10:19:00,2024-01-03,STK1,99.10193124793544,8875.0,0.015444952287895723,0.00031649426167330803,window_0,0.006336062157473079,-0.0009153245786206465,0.0041606461366449615
2024-01-03 10:20:00,2024-01-03,STK1,99.38120515928324,3052.0,0.027136979552283183,0.0028140838632647832,window_0,0.00037915240015973576,-0.0009153245786206465,-9.190693474378953e-06
2024-01-03 10:21:00,2024-01-03,STK1,99.41955845345021,3244.0,0.01147762359782782,0.0003858465525565008,window_0,-0.0002241823782184945,-0.0009153245786206465,-0.0004315250383391401
2024-01-03 10:22:00,2024-01-03,STK1,99.3090244871116,1839.0,0.011558855993953128,-0.001112411471983418,window_0,0.0013334006579039637,-0.0009153245786206465,0.0006587830869465806
2024-01-03 10:23:00,2024-01-03,STK1,99.35671850918511,8501.0,0.012973394247396266,0.00048014340339161085,window_0,0.0031296312811450715,-0.0009153245786206465,0.001916144523215356
2024-01-03 10:24:00,2024-01-03,STK1,99.448908496995,8206.0,0.03938712041759778,0.0009274384815581807,window_0,0.0017688601477851684,-0.0009153245786206465,0.0009636047298634237
2024-01-03 10:25:00,2024-01-03,STK1,99.40202692334596,9123.0,0.03338432622313987,-0.000471524807449949,window_0,0.0,-0.0009153245786206465,-0.00027459737358619395
2024-01-03 10:26:00,2024-01-03,STK1,99.40724236626633,6546.0,0.014036566252394411,5.246679835624363e-05,window_0,0.0,-0.0009153245786206465,-0.00027459737358619395
2024-01-03 10:27:00,2024-01-03,STK1,99.38219714550715,8010.0,0.025426686105712436,-0.00025197737820688537,window_0,0.0,-0.0009153245786206465,-0.00027459737358619395
2024-01-03 10:28:00,2024-01-03,STK1,99.52854489923054,8503.0,0.021552684883010605,0.001471491972993157,window_0,0.0,-0.0009153245786206465,-0.00027459737358619395
2024-01-03 10:29:00,2024-01-03,STK1,99.54611447426488,5165.0,0.01799389952502538,0.00017651242137244698,window_0,0.0,-0.0009153245786206465,-0.00027459737358619395
2024-01-04 09:30:00,2024-01-04,STK1,99.45499746898041,2486.0,0.01697709821586621,0.0,window_1,-0.0021253015250286707,0.003407459485645692,-0.00046547322182636185
2024-01-04 09:31:00,2024-01-04,STK1,99.30256422245974,4752.0,0.020991773494787425,-0.0015338614049161376,window_1,0.0014442507692294573,0.003407459485645692,0.0020332133841543276
2024-01-04 09:32:00,2024-01-04,STK1,99.26994618360949,4905.0,0.030572300363678362,-0.0003285252231228939,window_1,0.0021599128279566203,0.003407459485645692,0.002534176825263342
2024-01-04 09:33:00,2024-01-04,STK1,99.23675028897432,4415.0,0.03846573780146021,-0.00033445617235587665,window_1,0.0045604435514512405,0.003407459485645692,0.004214548331709576
2024-01-04 09:34:00,2024-01-04,STK1,99.29458794979989,8687.0,0.019850836150140664,0.0005826552419877071,window_1,0.003158026299891098,0.003407459485645692,0.003232856255617476
2024-01-04 09:35:00,2024-01-04,STK1,99.33819645391443,5328.0,0.035456814663208734,0.00043908667892957623,window_1,0.0037233236372817566,0.003407459485645692,0.0036285643917909373
2024-01-04 09:36:00,2024-01-04,STK1,99.38181481593986,2821.0,0.025981668281972202,0.00043899315873829875,window_1,8.018381028877205e-05,0.003407459485645692,0.001078366512895848
2024-01-04 09:37:00,2024-01-04,STK1,99.38842847994177,8239.0,0.018644668425473854,6.654581585920483e-05,window_1,-0.002159906192684395,0.003407459485645692,-0.0004896964891853688
2024-01-04 09:38:00,2024-01-04,STK1,99.48683035247603,1316.0,0.030843943864554947,0.0009895839345948532,window_1,-0.002796130049418165,0.003407459485645692,-0.0009350531888990077
2024-01-04 09:39:00,2024-01-04,STK1,99.46786489101159,2821.0,0.028431392216257595,-0.00019065105750515945,window_1,-0.004282699180272373,0.003407459485645692,-0.0019756515804969527
2024-01-04 09:40:00,2024-01-04,STK1,99.54258027335496,6596.0,0.012534796564705608,0.0007508689887312599,window_1,-0.006848159041775897,0.003407459485645692,-0.00377147348354942
2024-01-04 09:41:00,2024-01-04,STK1,99.38621826590033,7531.0,0.014122237901134066,-0.0015720402556532408,window_1,-0.005189288358684694,0.003407459485645692,-0.0026102640053855784
2024-01-04 09:42:00,2024-01-04,STK1,99.26980513508664,2524.0,0.02781046013399062,-0.0011720071925948158,window_1,-0.007207887219979146,0.003407459485645692,-0.0040232832082916946
2024-01-04 09:43:00,2024-01-04,STK1,99.33311317062378,8207.0,0.033853445169492576,0.000637533810897696,window_1,-0.008226894556337508,0.003407459485645692,-0.004736588343742547
2024-01-04 09:44:00,2024-01-04,STK1,99.23246848998916,1810.0,0.027702276860749275,-0.001013717366440399,window_1,-0.010116560044714616,0.003407459485645692,-0.0060593541856065235
2024-01-04 09:45:00,2024-01-04,STK1,99.16589192716546,3280.0,0.02848497100072364,-0.0006711402773965812,window_1,-0.007843999903847921,0.003407459485645692,-0.004468562086999837
2024-01-04 09:46:00,2024-01-04,STK1,99.1012257715689,2164.0,0.027172915421015492,-0.0006523134914165956,window_1,-0.006003986172930366,0.003407459485645692,-0.003180552475357549
2024-01-04 09:47:00,2024-01-04,STK1,98.8744161151917,6084.0,0.025678953265393684,-0.0022912895085981,window_1,-0.002898377922629748,0.003407459485645692,-0.001006626700147116
2024-01-04 09:48:00,2024-01-04,STK1,98.88153864921347,9281.0,0.024764596467262874,7.203357323257792e-05,window_1,-0.0026077445897860403,0.003407459485645692,-0.0008031833671565205
2024-01-04 09:49:00,2024-01-04,STK1,98.67773279612094,8193.0,0.037937087070703056,-0.002063238276804743,window_1,0.0016141178874633,0.003407459485645692,0.0021521203669180177
2024-01-04 09:50:00,2024-01-04,STK1,98.73605932340881,8073.0,0.012631270357323053,0.0005909063227933546,window_1,0.0002680538273295572,0.003407459485645692,0.0012098755248243977
2024-01-04 09:51:00,2024-01-04,STK1,98.77243610317497,2053.0,0.022558249023711383,0.0003683566127006584,window_1,0.0014113351166438056,0.003407459485645692,0.0020101724273443714
2024-01-04 09:52:00,2024-01-04,STK1,98.71605870254004,2874.0,0.020009132749847145,-0.0005709436615217946,window_1,0.0051322240107233895,0.003407459485645692,0.00461479465320008
2024-01-04 09:53:00,2024-01-04,STK1,98.73905017984738,7041.0,0.03287596441211957,0.00023287802013716836,window_1,0.003218380051874872,0.003407459485645692,0.003275103882006118
2024-01-04 09:54:00,2024-01-04,STK1,98.76574722303658,8157.0,0.019433199406127886,0.00027034323928172587,window_1,0.0027490516071903824,0.003407459485645692,0.0029465739707269754
2024-01-04 09:55:00,2024-01-04,STK1,98.75068436989203,4277.0,0.01443350117626575,-0.0001525225324523588,window_1,0.004579284455985328,0.003407459485645692,0.004227736964883437
2024-01-04 09:56:00,2024-01-04,STK1,98.8494670729659,5995.0,0.021499594683322295,0.0009998242469102946,window_1,0.006989903515271634,0.003407459485645692,0.0059151703063838506
2024-01-04 09:57:00,2024-01-04,STK1,98.9960166909137,4941.0,0.026589791957586997,0.0014814555476589733,window_1,0.0006698861123176289,0.003407459485645692,0.0014911581243160477
2024-01-04 09:58:00,2024-01-04,STK1,98.91465067066797,4247.0,0.02438108692373621,-0.0008222500172903204,window_1,0.002354526230569417,0.003407459485645692,0.002670406207092299
2024-01-04 09:59:00,2024-01-04,STK1,98.91578088141921,8022.0,0.03959894634772966,1.1426055560659332e-05,window_1,-0.0005671614753439965,0.003407459485645692,0.00062522481295291
2024-01-04 10:00:00,2024-01-04,STK1,99.00056764446666,8617.0,0.01355435731651124,0.0008567939825665268,window_1,-0.003551408032408389,0.003407459485645692,-0.0014637477769921645
2024-01-04 10:01:00,2024-01-04,STK1,99.23127502188771,9560.0,0.02911221651973623,0.002327653100346085,window_1,-0.006805753454182696,0.003407459485645692,-0.00374178957223418
2024-01-04 10:02:00,2024-01-04,STK1,99.0326619795778,5303.0,0.030582890953163466,-0.002003522292066514,window_1,-0.007358394402058767,0.003407459485645692,-0.004128638235747429
2024-01-04 10:03:00,2024-01-04,STK1,99.04334624345783,6294.0,0.023629538855252395,0.00010788044434303303,window_1,-0.008402816070707976,0.003407459485645692,-0.004859733403801875
2024-01-04 10:04:00,2024-01-04,STK1,98.88478016289163,4881.0,0.023756442453956535,-0.0016022595410589253,window_1,-0.00526497044750039,0.003407459485645692,-0.002663241467556565
2024-01-04 10:05:00,2024-01-04,STK1,98.80628334314504,3658.0,0.01905782174327475,-0.0007941362900254239,window_1,-0.0034174866784917315,0.003407459485645692,-0.0013700028292505044
2024-01-04 10:06:00,2024-01-04,STK1,98.85808997268347,7644.0,0.013317652329883314,0.000524187842812771,window_1,-0.00468828201344124,0.003407459485645692,-0.00225955956371516
2024-01-04 10:07:00,2024-01-04,STK1,98.6299811382432,8031.0,0.036376000729232354,-0.002310103436632644,window_1,0.0009713209379077039,0.003407459485645692,0.0017021625022291004
2024-01-04 10:08:00,2024-01-04,STK1,98.58346085138503,8001.0,0.013192585956141485,-0.00047177603363833575,window_1,0.0013442388107396785,0.003407459485645692,0.0019632050132114822
2024-01-04 10:09:00,2024-01-04,STK1,98.59709011223299,8532.0,0.012713221809523983,0.00013824143205868193,window_1,0.0025965885592252364,0.003407459485645692,0.0028398498371513727
2024-01-04 10:10:00,2024-01-04,STK1,98.61969227697902,8770.0,0.017224841741234412,0.00022921137411506843,window_1,-0.0005022744576442266,0.003407459485645692,0.0006706457253427491
2024-01-04 10:11:00,2024-01-04,STK1,98.60198064527076,1260.0,0.03330303822076656,-0.00017961141383145853,window_1,-0.0014041989382601288,0.003407459485645692,3.92985889116175e-05
2024-01-04 10:12:00,2024-01-04,STK1,98.68291957993196,1131.0,0.029688071179824707,0.0008205284754174188,window_1,-0.0025299279360835123,0.003407459485645692,-0.0007487117095647509
2024-01-04 10:13:00,2024-01-04,STK1,98.65668931847314,9195.0,0.010162895023861014,-0.00026583879191537904,window_1,0.0003520981970129873,0.003407459485645692,0.0012687065836027988
2024-01-04 10:14:00,2024-01-04,STK1,98.73856087319801,8379.0,0.03404445432578246,0.000829519042024073,window_1,0.0013009219082374787,0.003407459485645692,0.0019328831814599428
2024-01-04 10:15:00,2024-01-04,STK1,98.59232042460859,6453.0,0.03548226528769219,-0.0014821853974428209,window_1,0.0024689923866741334,0.003407459485645692,0.002750532516365601
2024-01-04 10:16:00,2024-01-04,STK1,98.52547143280198,7022.0,0.03783386290516841,-0.0006782644401551768,window_1,0.002088718729375949,0.003407459485645692,0.0024843409562568717
2024-01-04 10:17:00,2024-01-04,STK1,98.54496072120048,8208.0,0.030943623519359115,0.00019779008194185214,window_1,0.0031866084331426633,0.003407459485645692,0.003252863748893572
2024-01-04 10:18:00,2024-01-04,STK1,98.67588439249411,5018.0,0.016053463321571662,0.0013276861322676916,window_1,0.001492631143147204,0.003407459485645692,0.0020670796458967505
2024-01-04 10:19:00,2024-01-04,STK1,98.80954111476815,1361.0,0.02890035533729196,0.0013535858895693973,window_1,-9.848435150071099e-05,0.003407459485645692,0.0009532987996432099
2024-01-04 10:20:00,2024-01-04,STK1,98.72683281526616,5039.0,0.032038632758054846,-0.0008373982238274621,window_1,0.003099498455238955,0.003407459485645692,0.003191886764360976
2024-01-04 10:21:00,2024-01-04,STK1,98.63918909820809,2396.0,0.01812276253953401,-0.0008881338537336524,window_1,0.0037417578098011745,0.003407459485645692,0.0036414683125545293
2024-01-04 10:22:00,2024-01-04,STK1,98.71848592949675,5702.0,0.028346308179312087,0.0008035850193786016,window_1,0.0030605949891863156,0.003407459485645692,0.0031646543381241288
2024-01-04 10:23:00,2024-01-04,STK1,98.75727288018592,9821.0,0.02848926909782598,0.00039282746825991896,window_1,0.0029442837071824417,0.003407459485645692,0.0030832364407214164
2024-01-04 10:24:00,2024-01-04,STK1,98.80416379869745,2972.0,0.031287348553018623,0.000474697088463202,window_1,0.001463103459978304,0.003407459485645692,0.0020464102676785202
2024-01-04 10:25:00,2024-01-04,STK1,98.89592599140036,8957.0,0.012751630174725942,0.0009282969915684843,window_1,0.0,0.003407459485645692,0.0010222378456937076
2024-01-04 10:26:00,2024-01-04,STK1,98.84313952554663,4387.0,0.023756819273754694,-0.0005339002383735546,window_1,0.0,0.003407459485645692,0.0010222378456937076
2024-01-04 10:27:00,2024-01-04,STK1,98.88544260997516,9820.0,0.029092250263233303,0.00042789044069491724,window_1,0.0,0.003407459485645692,0.0010222378456937076
2024-01-04 10:28:00,2024-01-04,STK1,98.91794783886415,5018.0,0.03838073360674285,0.0003286620022824811,window_1,0.0,0.003407459485645692,0.0010222378456937076
2024-01-04 10:29:00,2024-01-04,STK1,98.88404594715452,2306.0,0.027340516474226265,-0.0003427861508643793,window_1,0.0,0.003407459485645692,0.0010222378456937076
2024-01-05 09:30:00,2024-01-05,STK1,99.22098932749617,4984.0,0.014453169697601739,0.0,window_1,0.0026228741450346,-0.004743989013046734,0.00041281519761019966
2024-01-05 09:31:00,2024-01-05,STK1,99.20797858512839,9465.0,0.02212103172222298,-0.00013113753020334493,window_1,-1.830867937532024e-05,-0.004743989013046734,-0.0014360127794767444
2024-01-05 09:32:00,2024-01-05,STK1,99.4017235353717,2164.0,0.01402283829618296,0.0019510125601262995,window_1,-0.004373766263045511,-0.004743989013046734,-0.004484833088045878
2024-01-05 09:33:00,2024-01-05,STK1,99.4176480318848,2072.0,0.01914113811282494,0.00016019059331707532,window_1,-0.0011628208774051416,-0.004743989013046734,-0.002237171318097619
2024-01-05 09:34:00,2024-01-05,STK1,99.33360993985298,8070.0,0.029038873522547887,-0.0008456610327673472,window_1,0.0009966904663634179,-0.004743989013046734,-0.0007255133774596278
2024-01-05 09:35:00,2024-01-05,STK1,99.36479647028473,6498.0,0.02226349328286091,0.0003139082114575536,window_1,-8.625971707110116e-05,-0.004743989013046734,-0.0014835785058637911
2024-01-05 09:36:00,2024-01-05,STK1,99.20697488709646,9542.0,0.019511227339517136,-0.001589567493308969,window_1,0.0021777002131143828,-0.004743989013046734,0.00010119344526604763
2024-01-05 09:37:00,2024-01-05,STK1,99.16148153375815,6294.0,0.022552001324705813,-0.000458675284939333,window_1,0.0009401513539285269,-0.004743989013046734,-0.0007650907561640515
2024-01-05 09:38:00,2024-01-05,STK1,99.35376643591536,2331.0,0.027173737993663467,0.0019372311624295169,window_1,-0.002160858338091323,-0.004743989013046734,-0.0029357975405779465
2024-01-05 09:39:00,2024-01-05,STK1,99.38831858697735,3030.0,0.03106006543331114,0.0003477084524509569,window_1,-0.0026238629140759866,-0.004743989013046734,-0.0032599007437672106
2024-01-05 09:40:00,2024-01-05,STK1,99.36006016127523,6284.0,0.019486424554721292,-0.00028436383804009515,window_1,-0.0024179264155377253,-0.004743989013046734,-0.0031157451947904278
2024-01-05 09:41:00,2024-01-05,STK1,99.3263571352483,6871.0,0.026474331507990383,-0.00033925848388401537,window_1,-0.00102659878589707,-0.004743989013046734,-0.002141815854041969
2024-01-05 09:42:00,2024-01-05,STK1,99.21299730845051,5766.0,0.020819720033507627,-0.001141938226142404,window_1,0.0021493224782198938,-0.004743989013046734,8.132903083990528e-05
2024-01-05 09:43:00,2024-01-05,STK1,99.23513218718489,6634.0,0.03210117065446661,0.0002230797426252751,window_1,0.0037121640747325227,-0.004743989013046734,0.0011753181483987454
2024-01-05 09:44:00,2024-01-05,STK1,99.24421461977029,2154.0,0.025108987755492976,9.152017817320818e-05,window_1,0.004369536977110952,-0.004743989013046734,0.0016354791800636463
2024-01-05 09:45:00,2024-01-05,STK1,99.22730409409421,9289.0,0.03399611232291509,-0.00017040758116420443,window_1,0.006376897709937963,-0.004743989013046734,0.0030406316930425537
2024-01-05 09:46:00,2024-01-05,STK1,99.27001092563644,5673.0,0.024824249395522704,0.00043030135895755326,window_1,0.001985348969420878,-0.004743989013046734,-3.3452425319405784e-05
2024-01-05 09:47:00,2024-01-05,STK1,99.33083103249648,8536.0,0.012161774412188311,0.0006124859105500651,window_1,0.0033470990603330624,-0.004743989013046734,0.0009197726383191234
2024-01-05 09:48:00,2024-01-05,STK1,99.43869201202955,8396.0,0.018418343084009678,0.00108528700444591,window_1,-0.001338556445892325,-0.004743989013046734,-0.0023601862160386477
2024-01-05 09:49:00,2024-01-05,STK1,99.48384400340403,1500.0,0.015189833355747813,0.0004539655793086961,window_1,-0.0031414022337312654,-0.004743989013046734,-0.0036221782675259057
2024-01-05 09:50:00,2024-01-05,STK1,99.5769593778105,1598.0,0.010440485306802123,0.0009355471254651493,window_1,-0.005840367297915903,-0.004743989013046734,-0.005511453812455151
2024-01-05 09:51:00,2024-01-05,STK1,99.37891757005517,7684.0,0.035696440707236744,-0.001990811995123998,window_1,-0.005064815806839401,-0.004743989013046734,-0.004968567768701601
2024-01-05 09:52:00,2024-01-05,STK1,99.51454919256805,7382.0,0.02802521223835243,0.0013638622298139094,window_1,-0.007679537269419771,-0.004743989013046734,-0.006798872792507861
2024-01-05 09:53:00,2024-01-05,STK1,99.36514051011845,2382.0,0.020947580832347573,-0.001502503456040897,window_1,-0.0043479079677117725,-0.004743989013046734,-0.004466732281312261
2024-01-05 09:54:00,2024-01-05,STK1,99.31115067555137,1689.0,0.03316314674063757,-0.0005434955079326346,window_1,-0.0017439944849787364,-0.004743989013046734,-0.0026439928433991356
2024-01-05 09:55:00,2024-01-05,STK1,99.25559445324846,9959.0,0.030629951474982778,-0.0005595722860494895,window_1,-0.0024861373645505406,-0.004743989013046734,-0.0031634928590993988
2024-01-05 09:56:00,2024-01-05,STK1,99.10078146375446,7777.0,0.029226659037584785,-0.0015609583529944428,window_1,-9.289984491119254e-06,-0.004743989013046734,-0.0014296996930578036
2024-01-05 09:57:00,2024-01-05,STK1,99.09224918919692,4490.0,0.016271729758067243,-8.61006518210485e-05,window_1,-0.0006542032904351745,-0.004743989013046734,-0.0018811390072186423
2024-01-05 09:58:00,2024-01-05,STK1,99.12640674561824,5200.0,0.01497720603629601,0.0003446452262360524,window_1,-0.0008105255918132654,-0.004743989013046734,-0.001990564618183306
2024-01-05 09:59:00,2024-01-05,STK1,99.21544392446951,2473.0,0.03967399008050816,0.000897815408410548,window_1,-0.003087511216195894,-0.004743989013046734,-0.0035844545552511458
2024-01-05 10:00:00,2024-01-05,STK1,99.1192367844053,2804.0,0.03970964992978818,-0.0009701495196514126,window_1,-0.0005158419640826741,-0.004743989013046734,-0.0017842860787718922
2024-01-05 10:01:00,2024-01-05,STK1,99.10027272886767,8551.0,0.023447368397630532,-0.00019134398669506028,window_1,0.0009842375056571433,-0.004743989013046734,-0.0007342304499540199
2024-01-05 10:02:00,2024-01-05,STK1,99.0564270214881,3957.0,0.03265990518384233,-0.0004425357118921839,window_1,-0.0025462239728573873,-0.004743989013046734,-0.003205553484914191
2024-01-05 10:03:00,2024-01-05,STK1,99.08200954901125,1720.0,0.024079808025712038,0.0002582288233226952,window_1,-0.006057126590118061,-0.004743989013046734,-0.005663185316996663
2024-01-05 10:04:00,2024-01-05,STK1,99.04617108615035,3757.0,0.037213108664686446,-0.00036177047744417125,window_1,-0.005727857213767844,-0.004743989013046734,-0.00543269675355151
2024-01-05 10:05:00,2024-01-05,STK1,99.09098316626238,2628.0,0.016985568548311188,0.0004523339506431387,window_1,-0.006830667516276082,-0.004743989013046734,-0.006204663965307278
2024-01-05 10:06:00,2024-01-05,STK1,99.15417092278426,2749.0,0.027593355190443876,0.0006374709026511215,window_1,-0.006705584123590566,-0.004743989013046734,-0.0061171055904274164
2024-01-05 10:07:00,2024-01-05,STK1,98.91705400036837,5411.0,0.012523460036706461,-0.0023942603049004717,window_1,-0.0016876248777115104,-0.004743989013046734,-0.0026045341183120775
2024-01-05 10:08:00,2024-01-05,STK1,98.7503741288358,8565.0,0.029127661014353774,-0.001686468151234102,window_1,0.005053410217557594,-0.004743989013046734,0.002114190448376295
2024-01-05 10:09:00,2024-01-05,STK1,98.73267701846285,8592.0,0.03010609766054065,-0.00017922662544975492,window_1,0.004821400079304272,-0.004743989013046734,0.0019517833515989703
2024-01-05 10:10:00,2024-01-05,STK1,98.71696152083858,6524.0,0.020998251547978374,-0.00015918487138006079,window_1,0.002853219268303431,-0.004743989013046734,0.0005740567838983814
2024-01-05 10:11:00,2024-01-05,STK1,98.78676423674622,1522.0,0.02015369449891978,0.0007068496408990508,window_1,0.0006421597466756411,-0.004743989013046734,-0.0009736848812410715
2024-01-05 10:12:00,2024-01-05,STK1,98.82480821243261,3979.0,0.03305882768378137,0.000385037937656101,window_1,0.0005503015074326509,-0.004743989013046734,-0.0010379856487111646
2024-01-05 10:13:00,2024-01-05,STK1,99.02612872279009,5343.0,0.025143744487104942,0.0020350733027310673,window_1,-0.004512338000044408,-0.004743989013046734,-0.004581833303945106
2024-01-05 10:14:00,2024-01-05,STK1,98.99572412909185,3744.0,0.03550822896501165,-0.00030708321833457675,window_1,-0.004246174407537857,-0.004743989013046734,-0.0043955187891905195
2024-01-05 10:15:00,2024-01-05,STK1,98.8726033693659,6284.0,0.024964508755944557,-0.0012444717876010753,window_1,-0.0010063183858625548,-0.004743989013046734,-0.0021276195740178084
2024-01-05 10:16:00,2024-01-05,STK1,98.82181853613343,5652.0,0.02195657520104622,-0.0005137710397701903,window_1,-0.00019985088522082354,-0.004743989013046734,-0.0015630923235685967
2024-01-05 10:17:00,2024-01-05,STK1,98.85485971110356,1944.0,0.028924967210942273,0.0003342951284977145,window_1,-0.002431347662935778,-0.004743989013046734,-0.0031251400679690646
2024-01-05 10:18:00,2024-01-05,STK1,98.7792117879207,1076.0,0.015748090289880994,-0.000765535277429713,window_1,0.0013709689162719257,-0.004743989013046734,-0.00046351846252367225
2024-01-05 10:19:00,2024-01-05,STK1,98.76344311270493,4049.0,0.0378238137551208,-0.000159648307422017,window_1,0.0012027866643081037,-0.004743989013046734,-0.0005812460388983476
2024-01-05 10:20:00,2024-01-05,STK1,98.81762259787844,4782.0,0.0279543157467321,0.0005484279208297995,window_1,-0.0018817233415829538,-0.004743989013046734,-0.002740403043022088
2024-01-05 10:21:00,2024-01-05,STK1,98.81090517892699,3767.0,0.018340663198024416,-6.79802559844049e-05,window_1,-0.003696112680585603,-0.004743989013046734,-0.004010475580323943
2024-01-05 10:22:00,2024-01-05,STK1,98.72204550197738,5732.0,0.03945417842627606,-0.0008996947864877539,window_1,-0.0041961549485300615,-0.004743989013046734,-0.004360505167885063
2024-01-05 10:23:00,2024-01-05,STK1,98.85404469504618,6703.0,0.024325176208831983,0.001336186100012171,window_1,-0.006182420077590042,-0.004743989013046734,-0.005750890758227049
2024-01-05 10:24:00,2024-01-05,STK1,98.82908548664375,6857.0,0.03162087840155055,-0.00025251733430296477,window_1,-0.0052776453448977086,-0.004743989013046734,-0.005117548445342416
2024-01-05 10:25:00,2024-01-05,STK1,98.71487075357155,9129.0,0.03346015512214531,-0.001156347660265333,window_1,0.0,-0.004743989013046734,-0.0014231967039140202
2024-01-05 10:26:00,2024-01-05,STK1,98.60909199551294,1667.0,0.03197240508981363,-0.0010721330214268593,window_1,0.0,-0.004743989013046734,-0.0014231967039140202
2024-01-05 10:27:00,2024-01-05,STK1,98.49313531794603,2026.0,0.026593114072338254,-0.001176614719429302,window_1,0.0,-0.004743989013046734,-0.0014231967039140202
2024-01-05 10:28:00,2024-01-05,STK1,98.51632809619011,4751.0,0.039537342442948736,0.00023544836830993032,window_1,0.0,-0.004743989013046734,-0.0014231967039140202
2024-01-05 10:29:00,2024-01-05,STK1,98.54086527571832,9728.0,0.03201260492313748,0.000249036122306942,window_1,0.0,-0.004743989013046734,-0.0014231967039140202
2024-01-06 09:30:00,2024-01-06,STK1,98.07338849351419,5573.0,0.024690992254507174,0.0,window_2,0.00022363628831936858,0.0,0.000156545401823558
2024-01-06 09:31:00,2024-01-06,STK1,98.15311544402259,7996.0,0.023949203685809592,0.0008126012877536446,window_2,-0.00027323361499765394,0.0,-0.00019126353049835775
2024-01-06 09:32:00,2024-01-06,STK1,97.97905191185534,3177.0,0.03381046451679918,-0.0017749620596421284,window_2,0.00036238982885687454,0.0,0.00025367288019981216
2024-01-06 09:33:00,2024-01-06,STK1,98.10400064525373,4704.0,0.026663851304132916,0.001274447216941239,window_2,-0.00340046442479536,0.0,-0.002380325097356752
2024-01-06 09:34:00,2024-01-06,STK1,98.04156601463814,3394.0,0.03467749271852295,-0.0006366152831022358,window_2,-0.0018133894176967146,0.0,-0.0012693725923877
2024-01-06 09:35:00,2024-01-06,STK1,98.08550822251102,9322.0,0.021181070239202026,0.0004480993639362036,window_2,9.4912207455428e-07,0.0,6.64385452187996e-07
2024-01-06 09:36:00,2024-01-06,STK1,98.13829580348747,4320.0,0.03025916886002452,0.0005380344399282511,window_2,-0.00048600709287827066,0.0,-0.00034020496501478947
2024-01-06 09:37:00,2024-01-06,STK1,97.9986723492655,1983.0,0.03321162048254879,-0.0014237344353990602,window_2,0.0029454218924730062,0.0,0.0020617953247311044
2024-01-06 09:38:00,2024-01-06,STK1,97.91965859801148,7658.0,0.03402614776319896,-0.0008065989043073726,window_2,0.006881700886158206,0.0,0.004817190620310744
2024-01-06 09:39:00,2024-01-06,STK1,97.94332320617247,7654.0,0.017036054513238957,0.0002416445216767513,window_2,0.002066182112148363,0.0,0.0014463274785038538
2024-01-06 09:40:00,2024-01-06,STK1,98.08555966552122,3102.0,0.010135003748189774,0.0014511788490210642,window_2,-0.001294101024248159,0.0,-0.0009058707169737112
2024-01-06 09:41:00,2024-01-06,STK1,98.11193973835755,8723.0,0.030318621980931916,0.0002689134476786009,window_2,-0.0023415686841841412,0.0,-0.0016390980789288989
2024-01-06 09:42:00,2024-01-06,STK1,98.15817472461895,7836.0,0.03686904644151091,0.00047113629339992934,window_2,-0.005203064574759035,0.0,-0.0036421452023313243
2024-01-06 09:43:00,2024-01-06,STK1,98.29202041015277,4612.0,0.01712975090081792,0.0013626426398033412,window_2,-0.006714822383014057,0.0,-0.00470037566810984
2024-01-06 09:44:00,2024-01-06,STK1,98.05514923059364,5717.0,0.035600340134321784,-0.00241278033092949,window_2,0.0013542356596774132,0.0,0.0009479649617741892
2024-01-06 09:45:00,2024-01-06,STK1,98.0154185436484,4132.0,0.02770960752649447,-0.0004052692654493318,window_2,0.0014772885864657876,0.0,0.0010341020105260512
2024-01-06 09:46:00,2024-01-06,STK1,97.9849910506394,2030.0,0.036596726865156075,-0.00031048397619594376,window_2,-0.00109306163396338,0.0,-0.000765143143774366
2024-01-06 09:47:00,2024-01-06,STK1,97.87595644349324,3473.0,0.012544347737072893,-0.0011133880419218482,window_2,0.0002148784176845306,0.0,0.0001504148923791714
2024-01-06 09:48:00,2024-01-06,STK1,97.92730657009386,5048.0,0.03422294817928845,0.0005245073752860862,window_2,0.002285454048321113,0.0,0.0015998178338247789
2024-01-06 09:49:00,2024-01-06,STK1,98.12852693196639,7458.0,0.018890861710334945,0.002052684981945891,window_2,-0.0003678947191122343,0.0,-0.00025752630337856397
2024-01-06 09:50:00,2024-01-06,STK1,98.09543129302523,5807.0,0.02724615788869101,-0.00033732516206850605,window_2,0.0005636337778954202,0.0,0.0003945436445267941
2024-01-06 09:51:00,2024-01-06,STK1,97.92580713964786,2231.0,0.02177107278765382,-0.0017306716055072182,window_2,0.0031122142504957343,0.0,0.0021785499753470138
2024-01-06 09:52:00,2024-01-06,STK1,97.88757810625316,2975.0,0.014031007399391844,-0.0003904639494628101,window_2,0.0021843788687181355,0.0,0.0015290652081026948
2024-01-06 09:53:00,2024-01-06,STK1,98.050979815022,5472.0,0.012015000065433008,0.0016678876111195198,window_2,-0.000982653091313532,0.0,-0.0006878571639194723
2024-01-06 09:54:00,2024-01-06,STK1,98.10857806262648,5993.0,0.023598397495004902,0.0005872591668027922,window_2,-0.0011729036319799155,0.0,-0.0008210325423859408
2024-01-06 09:55:00,2024-01-06,STK1,98.12598368698677,1159.0,0.020298773871367234,0.00017739611463694045,window_2,-0.00612527679189457,0.0,-0.004287693754326198
2024-01-06 09:56:00,2024-01-06,STK1,98.09421645075528,8986.0,0.03255889364724746,-0.0003237917042866007,window_2,-0.0068286738300271455,0.0,-0.004780071681019002
2024-01-06 09:57:00,2024-01-06,STK1,98.00573389472035,9632.0,0.018536226253354757,-0.0009024230947925126,window_2,-0.003692185577806275,0.0,-0.002584529904464392
2024-01-06 09:58:00,2024-01-06,STK1,97.99773815165739,4476.0,0.019760281915500312,-8.158776968512098e-05,window_2,-0.00284915322652118,0.0,-0.001994407258564826
2024-01-06 09:59:00,2024-01-06,STK1,98.04499099977721,3115.0,0.025886261658552172,0.00048206683552552525,window_2,-0.0030196439286517447,0.0,-0.0021137507500562213
2024-01-06 10:00:00,2024-01-06,STK1,97.79385285409948,2940.0,0.029603176270284852,-0.002564744341820567,window_2,0.0027524793277452007,0.0,0.0019267355294216404
2024-01-06 10:01:00,2024-01-06,STK1,97.72406519739074,6316.0,0.01724116184879989,-0.000713874824036484,window_2,0.0031014992618712315,0.0,0.0021710494833098617
2024-01-06 10:02:00,2024-01-06,STK1,97.805777886041,2596.0,0.036229430958724225,0.0008358078963143371,window_2,0.0007985342157782859,0.0,0.0005589739510448001
2024-01-06 10:03:00,2024-01-06,STK1,97.84345044964533,2398.0,0.026844681832431536,0.0003851031193977407,window_2,0.0015331897449501523,0.0,0.0010732328214651066
2024-01-06 10:04:00,2024-01-06,STK1,97.8813920172938,6265.0,0.023151587757525786,0.0003877031412620148,window_2,6.222276316851241e-05,0.0,4.355593421795868e-05
2024-01-06 10:05:00,2024-01-06,STK1,97.94259535357843,8054.0,0.039841052468050746,0.0006250852012481537,window_2,-0.001513094755078709,0.0,-0.0010591663285550962
2024-01-06 10:06:00,2024-01-06,STK1,97.89154894089832,3300.0,0.03707661907657696,-0.0005213229186372848,window_2,-0.0020651907315029864,0.0,-0.0014456335120520904
2024-01-06 10:07:00,2024-01-06,STK1,97.84893550672845,8331.0,0.015555380348607028,-0.00043540747294396233,window_2,-0.005469232662546912,0.0,-0.0038284628637828386
2024-01-06 10:08:00,2024-01-06,STK1,97.92634521717471,3875.0,0.029587663796919954,0.0007908017211789892,window_2,-0.007257948437691104,0.0,-0.0050805639063837725
2024-01-06 10:09:00,2024-01-06,STK1,97.8847575117753,1917.0,0.02538196192900334,-0.00042477372779309124,window_2,-0.006934001445610932,0.0,-0.004853801011927652
2024-01-06 10:10:00,2024-01-06,STK1,97.86070416275545,2257.0,0.03879323566987661,-0.0002457615000129014,window_2,-0.004598056902078418,0.0,-0.003218639831454892
2024-01-06 10:11:00,2024-01-06,STK1,97.77983565653612,1322.0,0.011232372799145409,-0.0008267050469168946,window_2,-0.004749442048915673,0.0,-0.003324609434240971
2024-01-06 10:12:00,2024-01-06,STK1,97.55321464936688,6149.0,0.02365353527235287,-0.002320356012386145,window_2,0.0006152458333294647,0.0,0.0004306720833306253
2024-01-06 10:13:00,2024-01-06,STK1,97.53359821638172,1589.0,0.01937709847085752,-0.00020110465451883035,window_2,0.002250256244543472,0.0,0.0015751793711804303
2024-01-06 10:14:00,2024-01-06,STK1,97.50969949772723,8667.0,0.021535131339697842,-0.00024506065119070234,window_2,0.0023125343341129996,0.0,0.0016187740338790997
2024-01-06 10:15:00,2024-01-06,STK1,97.61205778869495,2004.0,0.030945691768297402,0.0010491736214413494,window_2,-0.0024153784290247256,0.0,-0.0016907649003173079
2024-01-06 10:16:00,2024-01-06,STK1,97.52321515557848,9794.0,0.021823773315342923,-0.0009105748839214486,window_2,-0.002617247790376061,0.0,-0.0018320734532632427
2024-01-06 10:17:00,2024-01-06,STK1,97.58638039143533,3718.0,0.010049821230244017,0.0006474846907094744,window_2,-0.0017486862080766837,0.0,-0.0012240803456536784
2024-01-06 10:18:00,2024-01-06,STK1,97.65487723516699,4733.0,0.010036991875357244,0.0007016636480895671,window_2,-0.0046833683830028085,0.0,-0.0032783578681019657
2024-01-06 10:19:00,2024-01-06,STK1,97.63430449499126,8764.0,0.02468506019521624,-0.00021069001436315683,window_2,-0.003792787978345103,0.0,-0.002654951584841572
2024-01-06 10:20:00,2024-01-06,STK1,97.48177468252806,4691.0,0.03341743412579753,-0.0015634779478686885,window_2,-0.002990902976971875,0.0,-0.002093632083880312
2024-01-06 10:21:00,2024-01-06,STK1,97.3821719061015,4881.0,0.017810456302457502,-0.0010222802816473296,window_2,-0.0010376271990647102,0.0,-0.0007263390393452971
2024-01-06 10:22:00,2024-01-06,STK1,97.49208281151371,6377.0,0.024395902016531953,0.0011280188573493026,window_2,-0.0025740899904578255,0.0,-0.0018018629933204777
2024-01-06 10:23:00,2024-01-06,STK1,97.40215019527405,3182.0,0.016847586263902616,-0.0009228864418952676,window_2,0.0005017775679651272,0.0,0.000351244297575589
2024-01-06 10:24:00,2024-01-06,STK1,97.42967866443792,3221.0,0.011457078695408742,0.0002825869829192965,window_2,-0.004071919926942653,0.0,-0.002850343948859857
2024-01-06 10:25:00,2024-01-06,STK1,97.3206636783372,9373.0,0.031346741247903334,-0.0011195358752705263,window_2,0.0,0.0,0.0
2024-01-06 10:26:00,2024-01-06,STK1,97.32633514014796,6432.0,0.014146161149155923,5.827433093544655e-05,window_2,0.0,0.0,0.0
2024-01-06 10:27:00,2024-01-06,STK1,97.3534096148091,1426.0,0.010277793454633703,0.000278143726454627,window_2,0.0,0.0,0.0
2024-01-06 10:28:00,2024-01-06,STK1,97.4291573752742,8349.0,0.013318884026866097,0.0007777673890849254,window_2,0.0,0.0,0.0
2024-01-06 10:29:00,2024-01-06,STK1,97.21045372848728,1281.0,0.01724916726217257,-0.0022472685553408555,window_2,0.0,0.0,0.0
2024-01-02 09:30:00,2024-01-02,STK2,110.41472914056955,7187.0,0.010142241787356218,0.0,window_0,0.002860763012352733,-0.0010246405787444068,0.001695141935023591
2024-01-02 09:31:00,2024-01-02,STK2,110.51755524101365,8644.0,0.028573572592809217,0.0009308382263505294,window_0,0.002723343762851867,-0.0010246405787444068,0.001598948460372985
2024-01-02 09:32:00,2024-01-02,STK2,110.57462991895015,9070.0,0.03566474625371757,0.000516297572101451,window_0,0.004052985536883396,-0.0010246405787444068,0.0025296977021950547
2024-01-02 09:33:00,2024-01-02,STK2,110.57589614853869,7956.0,0.03756381042708042,1.1451291670654416e-05,window_0,0.005374881903241036,-0.0010246405787444068,0.0034550251586454033
2024-01-02 09:34:00,2024-01-02,STK2,110.46371105258892,9714.0,0.03953948600852931,-0.001015067905728816,window_0,0.003980473641440168,-0.0010246405787444068,0.0024789393753847956
2024-01-02 09:35:00,2024-01-02,STK2,110.58927451570993,6430.0,0.03439478037460338,0.0011360486835554284,window_0,0.0009139278135710417,-0.0010246405787444068,0.0003323572958764071
2024-01-02 09:36:00,2024-01-02,STK2,110.68387091759374,5933.0,0.028022017565879277,0.0008550193242972787,window_0,0.0024970306653048805,-0.0010246405787444068,0.0014405292920900944
2024-01-02 09:37:00,2024-01-02,STK2,110.82227516818206,8192.0,0.02242078281367709,0.0012496652670437771,window_0,0.0006958087622372366,-0.0010246405787444068,0.00017967395994274355
2024-01-02 09:38:00,2024-01-02,STK2,110.90431558129906,8409.0,0.010895043102990925,0.0007400142363043355,window_0,-0.00027649185940345787,-0.0010246405787444068,-0.0005009364752057425
2024-01-02 09:39:00,2024-01-02,STK2,110.70668171307227,1702.0,0.010571024434524597,-0.0017836111297141835,window_0,0.0036733915720100437,-0.0010246405787444068,0.0022639819267837084
2024-01-02 09:40:00,2024-01-02,STK2,110.64512466726642,6932.0,0.031242737070507634,-0.0005561919588491252,window_0,0.004589354341619764,-0.0010246405787444068,0.0029051558655105126
2024-01-02 09:41:00,2024-01-02,STK2,110.83659505030909,7526.0,0.019514595133899363,0.0017289953408857034,window_0,0.004713755128752763,-0.0010246405787444068,0.0029922364165036117
2024-01-02 09:42:00,2024-01-02,STK2,110.86488564636082,2331.0,0.013780790252398796,0.00025521341685587465,window_0,0.00470209571088941,-0.0010246405787444068,0.002984074823999265
2024-01-02 09:43:00,2024-01-02,STK2,110.88737102318302,6344.0,0.030792862807891043,0.0002027972768977794,window_0,0.003966131861214675,-0.0010246405787444068,0.00246890012922695
2024-01-02 09:44:00,2024-01-02,STK2,110.93140108445543,8149.0,0.03975323427786132,0.00039699130449884,window_0,0.0018941622521214756,-0.0010246405787444068,0.0010185214028617109
2024-01-02 09:45:00,2024-01-02,STK2,110.92572186249126,5565.0,0.010497394056926708,-5.119711181659691e-05,window_0,0.0029133095101825687,-0.0010246405787444068,0.0017319244835044762
2024-01-02 09:46:00,2024-01-02,STK2,111.12529695297019,6200.0,0.013807299265555394,0.0017975611666446402,window_0,-0.0005639655910511466,-0.0010246405787444068,-0.0007021680873591247
2024-01-02 09:47:00,2024-01-02,STK2,111.15294695599229,6261.0,0.03641140900383077,0.000248787309801083,window_0,0.0009027980417173521,-0.0010246405787444068,0.0003245664555788245
2024-01-02 09:48:00,2024-01-02,STK2,111.13039475675937,2488.0,0.01819561574502629,-0.00020291398479554772,window_0,-0.0002594574061339258,-0.0010246405787444068,-0.00048901235791707
2024-01-02 09:49:00,2024-01-02,STK2,111.04751148634686,6596.0,0.027837028266725933,-0.0007460982566525134,window_0,0.0017151543295435008,-0.0010246405787444068,0.0008932158570571285
2024-01-02 09:50:00,2024-01-02,STK2,111.10429591015128,4091.0,0.03508735530527804,0.0005112218145475347,window_0,0.0027819383879936345,-0.0010246405787444068,0.001639964697972222
2024-01-02 09:51:00,2024-01-02,STK2,111.09066595599349,6972.0,0.027871413240571824,-0.0001226846374951272,window_0,0.0007503690534045798,-0.0010246405787444068,0.0002178661637598838
2024-01-02 09:52:00,2024-01-02,STK2,111.20839816791322,8626.0,0.017609935196854856,0.0010592237388963208,window_0,-0.001531693409142227,-0.0010246405787444068,-0.0013795775600228808
2024-01-02 09:53:00,2024-01-02,STK2,111.11446172647598,8864.0,0.026606225202688343,-0.0008450453279691511,window_0,0.0004546116625090349,-0.0010246405787444068,1.083599013300239e-05
2024-01-02 09:54:00,2024-01-02,STK2,111.15275891329583,7764.0,0.03177308904146302,0.0003446049047503575,window_0,0.00039460311824881085,-0.0010246405787444068,-3.116999084915446e-05
2024-01-02 09:55:00,2024-01-02,STK2,111.27509195577369,7098.0,0.03275266711554262,0.0010999796503420836,window_0,-0.0011539277669387828,-0.0010246405787444068,-0.0011151416104804698
2024-01-02 09:56:00,2024-01-02,STK2,111.1367289260884,2348.0,0.025437491556565925,-0.0012442058788608695,window_0,0.00022643646243739575,-0.0010246405787444068,-0.00014888664991714501
2024-01-02 09:57:00,2024-01-02,STK2,111.11427232435295,4773.0,0.03388085668931135,-0.0002020832453894041,window_0,-0.00151022827425121,-0.0010246405787444068,-0.0013645519655991689
2024-01-02 09:58:00,2024-01-02,STK2,111.14237498976912,4852.0,0.012822158892681875,0.0002528848149698989,window_0,-0.001914804802676699,-0.0010246405787444068,-0.0016477555354970112
2024-01-02 09:59:00,2024-01-02,STK2,111.17699598859514,4671.0,0.021850217201216694,0.0003114528343034396,window_0,-0.0026902826152541567,-0.0010246405787444068,-0.0021905900043012318
2024-01-02 10:00:00,2024-01-02,STK2,111.20413809388812,5219.0,0.038846488886230976,0.00024410438897835214,window_0,-0.0024159082517501403,-0.0010246405787444068,-0.0019985279498484203
2024-01-02 10:01:00,2024-01-02,STK2,111.15063496447897,2344.0,0.01598625978698471,-0.0004812411238654122,window_0,-0.0035839951422554557,-0.0010246405787444068,-0.0028161887732021406
2024-01-02 10:02:00,2024-01-02,STK2,111.0215441102052,4083.0,0.032004847136884895,-0.0011620795127342872,window_0,-0.0031003794431515544,-0.0010246405787444068,-0.00247765778382941
2024-01-02 10:03:00,2024-01-02,STK2,111.02477598846276,5228.0,0.021371580851119155,2.9109946576669205e-05,window_0,-0.000572343118483879,-0.0010246405787444068,-0.0007080323565620372
2024-01-02 10:04:00,2024-01-02,STK2,111.01171903742002,1798.0,0.03193407929958386,-0.00011761085542512094,window_0,0.0030905793505970414,-0.0010246405787444068,0.001856013371794607
2024-01-02 10:05:00,2024-01-02,STK2,111.05568103989441,7675.0,0.027098014559245792,0.0003959338744308236,window_0,0.00555354623585272,-0.0010246405787444068,0.0035800901914735815
2024-01-02 10:06:00,2024-01-02,STK2,110.93050517771795,8008.0,0.03596717617963084,-0.001127780764891714,window_0,0.008266170341078438,-0.0010246405787444068,0.005478927065131584
2024-01-02 10:07:00,2024-01-02,STK2,110.83133926995148,9135.0,0.012995874314821885,-0.0008943460460775288,window_0,0.011442397101220355,-0.0010246405787444068,0.007702285797230925
2024-01-02 10:08:00,2024-01-02,STK2,110.98966235077958,4879.0,0.010694202837458392,0.0014274852836845047,window_0,0.008186753141693507,-0.0010246405787444068,0.005423335025562133
2024-01-02 10:09:00,2024-01-02,STK2,111.20130587351485,7692.0,0.021314340410670422,0.0019050602140644702,window_0,0.006376231070646646,-0.0010246405787444068,0.004155969575829329
2024-01-02 10:10:00,2024-01-02,STK2,111.39648970182392,9381.0,0.02183889664450247,0.001753691026701081,window_0,0.003219583102810296,-0.0010246405787444068,0.001946315998343885
2024-01-02 10:11:00,2024-01-02,STK2,111.43720971576153,8988.0,0.0282622338669474,0.00036547447264283456,window_0,0.0033274379829951375,-0.0010246405787444068,0.002021814414473274
2024-01-02 10:12:00,2024-01-02,STK2,111.53211499490966,4462.0,0.02805324267603125,0.0008512855748447891,window_0,6.696754439502638e-06,-0.0010246405787444068,-0.0003027044455156702
2024-01-02 10:13:00,2024-01-02,STK2,111.49176634694172,4682.0,0.02402920769879789,-0.0003618325370843415,window_0,0.0005558759775779986,-0.0010246405787444068,8.172101068127703e-05
2024-01-02 10:14:00,2024-01-02,STK2,111.59311395277523,4042.0,0.021823209477793558,0.0009086013598921112,window_0,0.00041546272829662566,-0.0010246405787444068,-1.6568263815684096e-05
2024-01-02 10:15:00,2024-01-02,STK2,111.5946746181456,4394.0,0.014886145016636647,1.3985221865292462e-05,window_0,-0.00034629638345231797,-0.0010246405787444068,-0.0005497996420399446
2024-01-02 10:16:00,2024-01-02,STK2,111.64210862739809,1420.0,0.03864695175567423,0.00042496589743614923,window_0,-0.0006106228914308371,-0.0010246405787444068,-0.0007348281976249081
2024-01-02 10:17:00,2024-01-02,STK2,111.53252772274969,4055.0,0.01296773515314467,-0.0009820194198303007,window_0,0.0024788221833823795,-0.0010246405787444068,0.0014277833547443435
2024-01-02 10:18:00,2024-01-02,STK2,111.52601315933843,6257.0,0.018343400706144635,-5.841124385868244e-05,window_0,-0.0009613268245022994,-0.0010246405787444068,-0.0009803209507749317
2024-01-02 10:19:00,2024-01-02,STK2,111.61873335061277,8929.0,0.015572984046132615,0.0008310318576679744,window_0,-0.002863091442067871,-0.0010246405787444068,-0.0023115561830708317
2024-01-02 10:20:00,2024-01-02,STK2,111.5733200457868,1513.0,0.017783195195636026,-0.000406943748772559,window_0,-0.0017199150367607618,-0.0010246405787444068,-0.0015113326993558551
2024-01-02 10:21:00,2024-01-02,STK2,111.60443819853614,5215.0,0.024444740209788422,0.0002788642846472388,window_0,-0.004231170977387523,-0.0010246405787444068,-0.0032692118577945877
2024-01-02 10:22:00,2024-01-02,STK2,111.68530063994842,3202.0,0.024865196698858553,0.0007242826774562282,window_0,-0.005017028702374699,-0.0010246405787444068,-0.003819312265285611
2024-01-02 10:23:00,2024-01-02,STK2,111.46676884320892,6872.0,0.01757308871648762,-0.001958591440397031,window_0,-0.0022587557000169818,-0.0010246405787444068,-0.0018885211636352091
2024-01-02 10:24:00,2024-01-02,STK2,111.4421410513441,3814.0,0.036301323917938576,-0.0002209673177863541,window_0,-0.0033646812987974195,-0.0010246405787444068,-0.0026626690827815155
2024-01-02 10:25:00,2024-01-02,STK2,111.46728075794181,7883.0,0.03953705824752262,0.00022555983951018073,window_0,0.0,-0.0010246405787444068,-0.000307392173623322
2024-01-02 10:26:00,2024-01-02,STK2,111.34349769671744,4193.0,0.012154664215086531,-0.0011111049009175581,window_0,0.0,-0.0010246405787444068,-0.000307392173623322
2024-01-02 10:27:00,2024-01-02,STK2,111.37567133650946,9576.0,0.01913399579428099,0.0002889166671687069,window_0,0.0,-0.0010246405787444068,-0.000307392173623322
2024-01-02 10:28:00,2024-01-02,STK2,111.32764097644056,4826.0,0.03537390873406427,-0.0004313394382395105,window_0,0.0,-0.0010246405787444068,-0.000307392173623322
2024-01-02 10:29:00,2024-01-02,STK2,111.23493958043935,1872.0,0.026270932069066145,-0.0008330367227960116,window_0,0.0,-0.0010246405787444068,-0.000307392173623322
2024-01-03 09:30:00,2024-01-03,STK2,111.12096374757104,5089.0,0.03555799473384396,0.0,window_0,0.002296587126147139,0.000505905589206268,0.0017593826650648776
2024-01-03 09:31:00,2024-01-03,STK2,111.0458694384398,2442.0,0.032053882825589,-0.0006760173056813688,window_0,0.003648707683917452,0.000505905589206268,0.0027058670555040964
2024-01-03 09:32:00,2024-01-03,STK2,111.09905932361858,8631.0,0.02214564893279601,0.0004788755385204616,window_0,0.0035003072987556017,0.000505905589206268,0.0026019867858908014
2024-01-03 09:33:00,2024-01-03,STK2,111.11045347010423,4341.0,0.03317058963023704,0.00010255318372626686,window_0,0.0021867374492841158,0.000505905589206268,0.0016824878912607615
2024-01-03 09:34:00,2024-01-03,STK2,111.2870677676122,6430.0,0.013619660123310591,0.0015882761071492623,window_0,0.00191140188579843,0.000505905589206268,0.0014897529968207813
2024-01-03 09:35:00,2024-01-03,STK2,111.2619829902001,9473.0,0.01301186936949428,-0.0002254314492280993,window_0,0.004792046953156865,0.000505905589206268,0.003506204543971686
2024-01-03 09:36:00,2024-01-03,STK2,111.26976265340365,2600.0,0.015384762170382624,6.991958099482531e-05,window_0,0.0030928240103510036,0.000505905589206268,0.0023167484840075827
2024-01-03 09:37:00,2024-01-03,STK2,111.31394922565173,8618.0,0.023495778998323787,0.00039703330001549116,window_0,0.001338040096100741,0.000505905589206268,0.0010883997440323992
2024-01-03 09:38:00,2024-01-03,STK2,111.24471482179403,8910.0,0.03554003948206611,-0.0006221677002542582,window_0,0.0021576144691111683,0.000505905589206268,0.0016621018051396982
2024-01-03 09:39:00,2024-01-03,STK2,111.40461060290836,7392.0,0.02592551182863443,0.001436301756563291,window_0,-0.0008630359855924257,0.000505905589206268,-0.00045235351315281756
2024-01-03 09:40:00,2024-01-03,STK2,111.55660644186266,3997.0,0.014837621885557723,0.0013634287120856986,window_0,-0.002517530934328896,0.000505905589206268,-0.0016104999772683466
2024-01-03 09:41:00,2024-01-03,STK2,111.45992819403055,3203.0,0.036639664858167394,-0.0008670052563234263,window_0,0.002032101444592403,0.000505905589206268,0.0015742426879765624
2024-01-03 09:42:00,2024-01-03,STK2,111.39625270048067,3955.0,0.024718237465356157,-0.0005714492191967373,window_0,0.000982674800297581,0.000505905589206268,0.0008396440369701872
2024-01-03 09:43:00,2024-01-03,STK2,111.3773481554335,5658.0,0.02609704040731268,-0.0001697197964203783,window_0,0.0029936372934322554,0.000505905589206268,0.002247317782164459
2024-01-03 09:44:00,2024-01-03,STK2,111.3514816175267,4252.0,0.01376991558605608,-0.0002322693299242352,window_0,0.00502253758716231,0.000505905589206268,0.003667547987775497
2024-01-03 09:45:00,2024-01-03,STK2,111.40141435870602,2185.0,0.024460922787590517,0.0004483240659731595,window_0,0.006387670910187589,0.000505905589206268,0.004623141313893193
2024-01-03 09:46:00,2024-01-03,STK2,111.58508762962776,2320.0,0.026632496561198003,0.0016473939976033294,window_0,0.004007370437940774,0.000505905589206268,0.0029569309833204216
2024-01-03 09:47:00,2024-01-03,STK2,111.45674218079746,2472.0,0.017595538183798047,-0.001150864509185567,window_0,0.006791240302377769,0.000505905589206268,0.0049056398884263185
2024-01-03 09:48:00,2024-01-03,STK2,111.56159306862763,4421.0,0.03750545222887587,0.0009402894648835891,window_0,0.005904075442340892,0.000505905589206268,0.004284624486400505
2024-01-03 09:49:00,2024-01-03,STK2,111.66052443044673,2070.0,0.028243876357437747,0.0008863939595679524,window_0,0.002188084086368253,0.000505905589206268,0.0016834305372196575
2024-01-03 09:50:00,2024-01-03,STK2,111.7946317255328,9738.0,0.025956582740382046,0.0012003062582593216,window_0,-0.000861133888160627,0.000505905589206268,-0.00045102204495055845
2024-01-03 09:51:00,2024-01-03,STK2,111.83218328049763,4604.0,0.0396581169555873,0.00033584125693302366,window_0,-0.0014719776467511706,0.000505905589206268,-0.0008786126759639389
2024-01-03 09:52:00,2024-01-03,STK2,111.87501042677304,8352.0,0.024062778910418574,0.00038288573638504947,window_0,-0.001927331778862056,0.000505905589206268,-0.0011973605684415588
2024-01-03 09:53:00,2024-01-03,STK2,111.925563461991,7674.0,0.03761997574820703,0.00045176860094098416,window_0,-0.002942089948669659,0.000505905589206268,-0.0019076912873068807
2024-01-03 09:54:00,2024-01-03,STK2,111.7955335556839,6032.0,0.020272110304318858,-0.0011624287801399304,window_0,-0.001303369270208978,0.000505905589206268,-0.000760586812384404
2024-01-03 09:55:00,2024-01-03,STK2,111.74143424277271,1450.0,0.02868126234964624,-0.0004840301315726762,window_0,0.0012453135477323914,0.000505905589206268,0.0010234911601745542
2024-01-03 09:56:00,2024-01-03,STK2,111.74121971583118,6735.0,0.016358638332416277,-1.919853176346149e-06,window_0,0.0010565130933782752,0.000505905589206268,0.0008913308421266729
2024-01-03 09:57:00,2024-01-03,STK2,111.75586180484488,8142.0,0.023139688087611177,0.00013102711619341956,window_0,0.0019363566855080845,0.000505905589206268,0.0015072213566175395
2024-01-03 09:58:00,2024-01-03,STK2,111.74359979166917,7785.0,0.03980105495233534,-0.00010972745169429011,window_0,0.004137725804302059,0.000505905589206268,0.0030481797397733214
2024-01-03 09:59:00,2024-01-03,STK2,111.71501585157559,1020.0,0.011861893196204657,-0.0002558320713408234,window_0,0.0020330932294493577,0.000505905589206268,0.0015749369373764307
2024-01-03 10:00:00,2024-01-03,STK2,111.81832823451744,8180.0,0.014569801304727271,0.0009243577571874341,window_0,-0.0024093265540212,0.000505905589206268,-0.0015347569110529594
2024-01-03 10:01:00,2024-01-03,STK2,111.80645577887779,2161.0,0.021787821747107,-0.00010618193062257627,window_0,-0.0008873931954746293,0.000505905589206268,-0.0004694035600703601
2024-01-03 10:02:00,2024-01-03,STK2,111.87544086172134,6828.0,0.031785403851517034,0.0006168141996897798,window_0,-0.0045394115257418625,0.000505905589206268,-0.0030258163912574233
2024-01-03 10:03:00,2024-01-03,STK2,111.99909562280267,3872.0,0.029798539033878364,0.00110467921540253,window_0,-0.007077990069751714,0.000505905589206268,-0.004802821372064319
2024-01-03 10:04:00,2024-01-03,STK2,111.8405229525356,1655.0,0.03850183283873311,-0.0014168420925968741,window_0,-0.0018498924791410872,0.000505905589206268,-0.0011431530586368806
2024-01-03 10:05:00,2024-01-03,STK2,111.66945791700424,5255.0,0.015317065037478178,-0.0015307152572567064,window_0,0.0033016411386370932,0.000505905589206268,0.0024629204738078453
2024-01-03 10:06:00,2024-01-03,STK2,111.75163030079153,9875.0,0.011207612198197714,0.0007355830924283736,window_0,0.003358279008435429,0.000505905589206268,0.0025025669826666806
2024-01-03 10:07:00,2024-01-03,STK2,111.59481107366645,8614.0,0.036774630690619786,-0.0014042690980907492,window_0,0.006143482331708911,0.000505905589206268,0.004452209308958117
2024-01-03 10:08:00,2024-01-03,STK2,111.56104538812069,7758.0,0.019074408434137845,-0.00030261975947044656,window_0,0.00536889751273595,0.000505905589206268,0.003909999935677045
2024-01-03 10:09:00,2024-01-03,STK2,111.72619692105792,6939.0,0.02099006465669609,0.00147927451067423,window_0,0.0038351730098260366,0.000505905589206268,0.0028363927836401056
2024-01-03 10:10:00,2024-01-03,STK2,111.87319201820243,4547.0,0.026854567901889982,0.001314807871505905,window_0,0.00266632802184411,0.000505905589206268,0.0020182012920527573
2024-01-03 10:11:00,2024-01-03,STK2,111.95901184067756,4628.0,0.025268024552540628,0.0007668228717842437,window_0,0.0026471631442896914,0.000505905589206268,0.002004785877764664
2024-01-03 10:12:00,2024-01-03,STK2,111.97365302719086,3973.0,0.029412153944299753,0.00013076418791154438,window_0,0.005025656436788564,0.000505905589206268,0.003669731182513875
2024-01-03 10:13:00,2024-01-03,STK2,111.89202187470467,4773.0,0.02224470004693039,-0.0007292869363736615,window_0,0.0033463689341690335,0.000505905589206268,0.0024942299306802036
2024-01-03 10:14:00,2024-01-03,STK2,111.96297387478528,3326.0,0.0127517103717702,0.0006339103777337424,window_0,0.0022919740303567523,0.000505905589206268,0.0017561534980116069
2024-01-03 10:15:00,2024-01-03,STK2,112.03802308112353,2132.0,0.029665532150291565,0.0006700792422021898,window_0,0.00046840257874213324,0.000505905589206268,0.00047965348188137364
2024-01-03 10:16:00,2024-01-03,STK2,112.12278367631795,3745.0,0.019796405280153397,0.000756248163629806,window_0,-0.00032824764956151226,0.000505905589206268,-7.800167793117817e-05
2024-01-03 10:17:00,2024-01-03,STK2,112.28461558182765,1177.0,0.03334454267632037,0.0014423047911862443,window_0,-0.0018224584222617803,0.000505905589206268,-0.0011239492188213657
2024-01-03 10:18:00,2024-01-03,STK2,112.09892754555746,7761.0,0.030035474765439593,-0.001655095343185184,window_0,-0.0027715391097815926,0.000505905589206268,-0.0017883057000852342
2024-01-03 10:19:00,2024-01-03,STK2,112.10477627119785,3220.0,0.018254575768051402,5.217331865753347e-05,window_0,-0.0028741796687219573,0.000505905589206268,-0.0018601540913434896
2024-01-03 10:20:00,2024-01-03,STK2,112.06702215757765,3524.0,0.030242096420478336,-0.00033683196764059287,window_0,-0.0018989542626344177,0.000505905589206268,-0.0011774963070822118
2024-01-03 10:21:00,2024-01-03,STK2,112.10244629886735,3551.0,0.016075672237725578,0.00031604787064428623,window_0,-0.001593209570621008,0.000505905589206268,-0.0009634750226728251
2024-01-03 10:22:00,2024-01-03,STK2,112.17153778504417,5913.0,0.03858767405456697,0.0006161346680022382,window_0,-0.0009240926078076068,0.000505905589206268,-0.0004950931487034444
2024-01-03 10:23:00,2024-01-03,STK2,111.92724666915677,7312.0,0.01765320793082142,-0.0021802100644894742,window_0,0.004484706823003294,0.000505905589206268,0.003291066452864186
2024-01-03 10:24:00,2024-01-03,STK2,111.92672811453303,1577.0,0.03928385172075123,-4.6329722243453205e-06,window_0,0.006260779926365092,0.000505905589206268,0.004534317625217444
2024-01-03 10:25:00,2024-01-03,STK2,111.94942636346869,3884.0,0.030562831622830425,0.00020277504825236733,window_0,0.0,0.000505905589206268,0.0001517716767618804
2024-01-03 10:26:00,2024-01-03,STK2,112.00375304924408,5853.0,0.03625322839967535,0.0004851611125457379,window_0,0.0,0.000505905589206268,0.0001517716767618804
2024-01-03 10:27:00,2024-01-03,STK2,112.11425849552353,4600.0,0.02331828659187929,0.0009861363169607678,window_0,0.0,0.000505905589206268,0.0001517716767618804
2024-01-03 10:28:00,2024-01-03,STK2,112.20462295621766,8625.0,0.019666470214688148,0.0008056786392425009,window_0,0.0,0.000505905589206268,0.0001517716767618804
2024-01-03 10:29:00,2024-01-03,STK2,112.31395160829848,8685.0,0.02469472768277388,0.000973894128217401,window_0,0.0,0.000505905589206268,0.0001517716767618804
2024-01-04 09:30:00,2024-01-04,STK2,112.37077186416296,8282.0,0.03738015505766608,0.0,window_1,0.00022370905184057556,0.002453370035417457,0.00089260734691364
2024-01-04 09:31:00,2024-01-04,STK2,112.4317601672738,3197.0,0.03529968657285937,0.00054259446329196,window_1,4.6587210755540454e-05,0.002453370035417457,0.0007686220581541154
2024-01-04 09:32:00,2024-01-04,STK2,112.48096120172364,1188.0,0.03294001685685999,0.00043751224861986995,window_1,-0.0015705507323991502,0.002453370035417457,-0.00036337450205416795
2024-01-04 09:33:00,2024-01-04,STK2,112.49329516273494,7704.0,0.024418228928269198,0.00010964775457400864,window_1,-0.002933374399484777,0.002453370035417457,-0.0013173510690141065
2024-01-04 09:34:00,2024-01-04,STK2,112.33846303699796,7298.0,0.029344575830778714,-0.0013773156555203674,window_1,0.0003802240140674232,0.002453370035417457,0.0010021678204724333
2024-01-04 09:35:00,2024-01-04,STK2,112.38466295571557,3162.0,0.017734252291070632,0.00041117191801596316,window_1,-0.0005038227829842349,0.002453370035417457,0.0003833350625362727
2024-01-04 09:36:00,2024-01-04,STK2,112.43465454476203,4262.0,0.016565698263838965,0.000444726818195233,window_1,-0.001722828410747732,0.002453370035417457,-0.00046996887689817535
2024-01-04 09:37:00,2024-01-04,STK2,112.38334308134364,4689.0,0.03581709757883128,-0.0004564711442247224,window_1,-0.002547801801874453,0.002453370035417457,-0.0010474502506868798
2024-01-04 09:38:00,2024-01-04,STK2,112.31095027647885,4293.0,0.02008389905588121,-0.0006443671202130229,window_1,0.0037040417340248127,0.002453370035417457,0.003328840224442606
2024-01-04 09:39:00,2024-01-04,STK2,112.36206605147254,1067.0,0.03517521598702973,0.00045502372034751995,window_1,0.005482525878649526,0.002453370035417457,0.004573779125679905
2024-01-04 09:40:00,2024-01-04,STK2,112.35337448746346,7299.0,0.013471125019282883,-7.735617982085407e-05,window_1,0.006408402577371977,0.002453370035417457,0.005221892814785621
2024-01-04 09:41:00,2024-01-04,STK2,112.32761563736207,7969.0,0.03995828545035748,-0.0002292926535523081,window_1,0.0070254097382851976,0.002453370035417457,0.005653797827424875
2024-01-04 09:42:00,2024-01-04,STK2,112.22512101940414,9513.0,0.022684009976403803,-0.0009128779867188273,window_1,0.005879892420198955,0.002453370035417457,0.0048519357047645045
2024-01-04 09:43:00,2024-01-04,STK2,112.54082828479278,2385.0,0.037987023472397595,0.002809210861229503,window_1,0.00028588793991281297,0.002453370035417457,0.0009361325685642061
2024-01-04 09:44:00,2024-01-04,STK2,112.70247413066254,6693.0,0.01413992552043716,0.00143530015664544,window_1,-0.0008727817877087061,0.002453370035417457,0.0001250637592291429
2024-01-04 09:45:00,2024-01-04,STK2,112.75123914264358,1626.0,0.01811896456812581,0.0004325944517261522,window_1,-0.0028408615689834416,0.002453370035417457,-0.0012525920876631717
2024-01-04 09:46:00,2024-01-04,STK2,112.76368708458958,3012.0,0.013355344071420316,0.00011039572561221853,window_1,-0.00018505236258108576,0.002453370035417457,0.0006064743568184771
2024-01-04 09:47:00,2024-01-04,STK2,112.5897564916364,6971.0,0.015290691400242275,-0.0015436252025220816,window_1,0.0043756937968674435,0.002453370035417457,0.0037989966684324476
2024-01-04 09:48:00,2024-01-04,STK2,112.5586072055763,5557.0,0.025022984472408347,-0.0002767000900857134,window_1,0.00599236863901229,0.002453370035417457,0.0049306690579338395
2024-01-04 09:49:00,2024-01-04,STK2,112.6481192460776,5969.0,0.029580602046077653,0.0007949322529156275,window_1,0.005492635662355856,0.002453370035417457,0.004580855974274336
2024-01-04 09:50:00,2024-01-04,STK2,112.57424012837268,1213.0,0.02549378207906923,-0.0006560549366409674,window_1,0.0042229001311721946,0.002453370035417457,0.0036920411024457733
2024-01-04 09:51:00,2024-01-04,STK2,112.75215618064351,9994.0,0.03183529896906155,0.001579185502981632,window_1,0.003723021739273698,0.002453370035417457,0.0033421262281168253
2024-01-04 09:52:00,2024-01-04,STK2,112.86199230397749,3884.0,0.02383626657512721,0.0009736635113440902,window_1,0.0014661342536056267,0.002453370035417457,0.001762304988149176
2024-01-04 09:53:00,2024-01-04,STK2,112.93132204606866,3864.0,0.01154257463670788,0.0006140991771126236,window_1,-8.08904957099262e-05,0.002453370035417457,0.0006793876636282888
2024-01-04 09:54:00,2024-01-04,STK2,112.99002325266221,7867.0,0.03362391623894507,0.0005196605733465027,window_1,0.0010305774043706667,0.002453370035417457,0.0014574151936847038
2024-01-04 09:55:00,2024-01-04,STK2,112.83693360453141,4180.0,0.03463692359793536,-0.001355813971126554,window_1,0.004125630013479138,0.002453370035417457,0.0036239520200606334
2024-01-04 09:56:00,2024-01-04,STK2,112.98411980208708,4552.0,0.032464623390011646,0.0013035650678080875,window_1,0.0017683944490794236,0.002453370035417457,0.0019738871249808335
2024-01-04 09:57:00,2024-01-04,STK2,112.95342908010365,3893.0,0.024737723391740983,-0.00027167438368729224,window_1,0.001833326834390608,0.002453370035417457,0.0020193397946986625
2024-01-04 09:58:00,2024-01-04,STK2,112.92627413887594,3406.0,0.036372063389768804,-0.00024043719707034285,window_1,0.005481348174177219,0.002453370035417457,0.00457295473254929
2024-01-04 09:59:00,2024-01-04,STK2,113.05436904703501,2295.0,0.014605765661638417,0.0011336804787567016,window_1,0.0029825530455030885,0.002453370035417457,0.002823798142477399
2024-01-04 10:00:00,2024-01-04,STK2,113.09417508826574,3525.0,0.01158421304200331,0.00035203447180292424,window_1,0.0018679160184071205,0.002453370035417457,0.0020435522235102213
2024-01-04 10:01:00,2024-01-04,STK2,113.09452664773113,1607.0,0.023089499790827896,3.108550185636745e-06,window_1,0.004367029364970268,0.002453370035417457,0.003792931566104425
2024-01-04 10:02:00,2024-01-04,STK2,113.06785878230278,1889.0,0.029567728193975663,-0.0002358293621748528,window_1,0.004906848793847379,0.002453370035417457,0.004170805166318401
2024-01-04 10:03:00,2024-01-04,STK2,113.2683180321929,1313.0,0.015040025457336133,0.0017713412422676836,window_1,0.0015346143927940285,0.002453370035417457,0.0018102410855810572
2024-01-04 10:04:00,2024-01-04,STK2,113.2406956986453,1586.0,0.03469373829850284,-0.00024389611017733772,window_1,-0.0022210403550200555,0.002453370035417457,-0.0008187172378888017
2024-01-04 10:05:00,2024-01-04,STK2,113.21090899925633,8747.0,0.03457599637881941,-0.00026307342445635283,window_1,-0.0027272325808749475,0.002453370035417457,-0.0011730517959872263
2024-01-04 10:06:00,2024-01-04,STK2,113.36744148803476,4810.0,0.032133926683191184,0.001381707593377797,window_1,-0.00436831635273802,0.002453370035417457,-0.0023218104362913764
2024-01-04 10:07:00,2024-01-04,STK2,113.37443700035055,4550.0,0.032569867433006584,6.170463405036803e-05,window_1,-0.0026391983635646876,0.002453370035417457,-0.001111427843870044
2024-01-04 10:08:00,2024-01-04,STK2,113.3643702000382,5849.0,0.023940389135719886,-8.879644771250095e-05,window_1,-0.0007381842383206177,0.002453370035417457,0.00021928204380080468
2024-01-04 10:09:00,2024-01-04,STK2,113.10171373903361,7752.0,0.016575676494358968,-0.0023196107267512184,window_1,0.0024449547592512687,0.002453370035417457,0.002447479342101125
2024-01-04 10:10:00,2024-01-04,STK2,113.0402968686244,6838.0,0.013567310441018814,-0.0005431708310561138,window_1,0.00343194202299663,0.002453370035417457,0.003138370426722878
2024-01-04 10:11:00,2024-01-04,STK2,113.09378743778825,7763.0,0.015288740950663904,0.0004730871980274752,window_1,-0.0018617653867379251,0.002453370035417457,-0.0005672247600913104
2024-01-04 10:12:00,2024-01-04,STK2,113.20909368969764,1395.0,0.021955198704226374,0.0010190436932417625,window_1,-0.0043589868840286615,0.002453370035417457,-0.0023152798081948257
2024-01-04 10:13:00,2024-01-04,STK2,113.31812775382589,8407.0,0.01411633773371837,0.0009626575724868413,window_1,-0.008812584319109322,0.002453370035417457,-0.005432798012751289
2024-01-04 10:14:00,2024-01-04,STK2,113.25451940763979,2616.0,0.021787545300912217,-0.0005614830267828836,window_1,-0.0033677338335355855,0.002453370035417457,-0.0016214026728496723
2024-01-04 10:15:00,2024-01-04,STK2,113.25467115144171,5038.0,0.03926786937485199,1.3398467544869292e-06,window_1,-0.00411374581037271,0.002453370035417457,-0.00214361105663566
2024-01-04 10:16:00,2024-01-04,STK2,112.97743830439155,5090.0,0.016623937636268023,-0.0024508721285400868,window_1,-0.003133526508247479,0.002453370035417457,-0.001457457545147998
2024-01-04 10:17:00,2024-01-04,STK2,112.93640550024516,2730.0,0.018672507449145753,-0.0003632606475688056,window_1,-0.004279578295108738,0.002453370035417457,-0.002259693795950879
2024-01-04 10:18:00,2024-01-04,STK2,112.76630179271466,1058.0,0.026527263054712084,-0.0015073256477730476,window_1,-0.0029334231754359545,0.002453370035417457,-0.0013173852121799307
2024-01-04 10:19:00,2024-01-04,STK2,113.04375719267867,6097.0,0.03131598315228033,0.0024574240920758918,window_1,-0.006707759156979856,0.002453370035417457,-0.003959420399260662
2024-01-04 10:20:00,2024-01-04,STK2,112.99722107274931,5774.0,0.028046753573680472,-0.0004117494176846493,window_1,-0.004422971818289542,0.002453370035417457,-0.0023600692621774423
2024-01-04 10:21:00,2024-01-04,STK2,112.7818132171084,1445.0,0.01780553966028974,-0.0019081304132252668,window_1,0.00016998495109898815,0.002453370035417457,0.0008550004763945287
2024-01-04 10:22:00,2024-01-04,STK2,112.66932979135397,3327.0,0.0347983445397379,-0.0009978519832440258,window_1,0.0014040939871315511,0.002453370035417457,0.0017188768016173227
2024-01-04 10:23:00,2024-01-04,STK2,112.58351133970434,7821.0,0.02156108442571309,-0.0007619744583102578,window_1,0.003895931229842153,0.002453370035417457,0.003463162871514744
2024-01-04 10:24:00,2024-01-04,STK2,112.62474805228828,2190.0,0.01944248855693143,0.0003662095977839374,window_1,0.005059349301412873,0.002453370035417457,0.004277555521614248
2024-01-04 10:25:00,2024-01-04,STK2,112.72104796452693,5697.0,0.030299571475289132,0.0008546857301355617,window_1,0.0,0.002453370035417457,0.0007360110106252371
2024-01-04 10:26:00,2024-01-04,STK2,112.79240694954167,4260.0,0.01636831416522229,0.0006328579146073065,window_1,0.0,0.002453370035417457,0.0007360110106252371
2024-01-04 10:27:00,2024-01-04,STK2,112.75674788732395,1009.0,0.029388722896856775,-0.000316197704581188,window_1,0.0,0.002453370035417457,0.0007360110106252371
2024-01-04 10:28:00,2024-01-04,STK2,112.82588505737493,8558.0,0.0240986782086202,0.000612965380474599,window_1,0.0,0.002453370035417457,0.0007360110106252371
2024-01-04 10:29:00,2024-01-04,STK2,112.93961563458664,9012.0,0.038066258315279655,0.001007510770986559,window_1,0.0,0.002453370035417457,0.0007360110106252371
2024-01-05 09:30:00,2024-01-05,STK2,113.2166983033961,5267.0,0.015864595287460124,0.0,window_1,-0.00559167296995516,0.0014844899607138196,-0.003468824090754466
2024-01-05 09:31:00,2024-01-05,STK2,113.11184786488448,6271.0,0.016422768680101604,-0.0009265331111571507,window_1,-0.0033820434034775196,0.0014844899607138196,-0.001922083394220118
2024-01-05 09:32:00,2024-01-05,STK2,112.99220705762951,4732.0,0.022682021028161865,-0.0010582810508376372,window_1,-0.0018056827255219848,0.0014844899607138196,-0.0008186309196512435
2024-01-05 09:33:00,2024-01-05,STK2,113.0396993790697,2862.0,0.014040760747700418,0.00042022670947458574,window_1,-0.007350817825259351,0.0014844899607138196,-0.0047002254894673995
2024-01-05 09:34:00,2024-01-05,STK2,112.96618377887246,2622.0,0.020822760595547607,-0.0006505636204055922,window_1,-0.010230827227320854,0.0014844899607138196,-0.006716232070910452
2024-01-05 09:35:00,2024-01-05,STK2,112.8668726114918,3883.0,0.020721088705061626,-0.0008795096286589426,window_1,-0.00625963977179365,0.0014844899607138196,-0.003936400852041408
2024-01-05 09:36:00,2024-01-05,STK2,112.90045675124279,9364.0,0.0161617089301722,0.00029751107118555493,window_1,-0.006054991923409284,0.0014844899607138196,-0.003793147358172352
2024-01-05 09:37:00,2024-01-05,STK2,112.879464109374,6494.0,0.03788999862758665,-0.00018595667718604886,window_1,-0.007344011627565304,0.0014844899607138196,-0.004695461151081566
2024-01-05 09:38:00,2024-01-05,STK2,112.58053720219971,7778.0,0.01345979314332964,-0.0026517083349192018,window_1,-0.003600182153756425,0.0014844899607138196,-0.002074780519415352
2024-01-05 09:39:00,2024-01-05,STK2,112.32754003706077,1966.0,0.013659068926288686,-0.0022497837779516076,window_1,0.0014928402020040383,0.0014844899607138196,0.0014903351296169725
2024-01-05 09:40:00,2024-01-05,STK2,112.47646768866578,9663.0,0.03459426574714072,0.0013249556793816309,window_1,-0.003045835316090712,0.0014844899607138196,-0.0016867377330493526
2024-01-05 09:41:00,2024-01-05,STK2,112.5227030575119,7788.0,0.0399003163455746,0.0004109825769008753,window_1,-0.00790959258772454,0.0014844899607138196,-0.005091367823193031
2024-01-05 09:42:00,2024-01-05,STK2,112.42137734129362,2889.0,0.019718100068129085,-0.0009008969953045752,window_1,-0.0077143226088817185,0.0014844899607138196,-0.004954678838003056
2024-01-05 09:43:00,2024-01-05,STK2,112.35656854616455,4611.0,0.027305828754927784,-0.000576647292233693,window_1,-0.0056459555752045604,0.0014844899607138196,-0.0035068219144290457
2024-01-05 09:44:00,2024-01-05,STK2,112.42020147226287,9324.0,0.039359024317013165,0.0005661877585748329,window_1,-0.0043632085124743645,0.0014844899607138196,-0.002608898970517909
2024-01-05 09:45:00,2024-01-05,STK2,112.28716031107142,2533.0,0.024810162288119372,-0.0011841283318982723,window_1,0.0008213402435795874,0.0014844899607138196,0.001020285158719857
2024-01-05 09:46:00,2024-01-05,STK2,112.03089717044642,9608.0,0.02192575073664979,-0.00228482053549532,window_1,0.005086103728831066,0.0014844899607138196,0.004005619598395891
2024-01-05 09:47:00,2024-01-05,STK2,111.94214496448275,4426.0,0.013841578316433609,-0.0007925258304579144,window_1,0.0032447458023578306,0.0014844899607138196,0.002716669049864627
2024-01-05 09:48:00,2024-01-05,STK2,112.00603032683946,2951.0,0.013098504373211488,0.0005705370361384854,window_1,0.003964186477544016,0.0014844899607138196,0.0032202775224949567
2024-01-05 09:49:00,2024-01-05,STK2,112.14915124254173,2738.0,0.027679934983824282,0.0012769808321980434,window_1,0.0002067929021590287,0.0014844899607138196,0.000590102019725466
2024-01-05 09:50:00,2024-01-05,STK2,112.33812303750295,7000.0,0.022945570110620636,0.0016835862095380225,window_1,-0.003972948025715606,0.0014844899607138196,-0.002335716629786778
2024-01-05 09:51:00,2024-01-05,STK2,112.34576078709466,4678.0,0.0378030817446698,6.798662605108885e-05,window_1,-0.00416528997212672,0.0014844899607138196,-0.002470355992274558
2024-01-05 09:52:00,2024-01-05,STK2,112.14285715749133,7574.0,0.019877873787933088,-0.0018076968597749328,window_1,0.0009099551108970866,0.0014844899607138196,0.0010823155658421064
2024-01-05 09:53:00,2024-01-05,STK2,112.25138533867619,4523.0,0.027038026912854778,0.0009672992358427723,window_1,0.0005994280193126434,0.0014844899607138196,0.0008649466017329962
2024-01-05 09:54:00,2024-01-05,STK2,112.16196661025192,3620.0,0.026631970701392907,-0.0007969109892966902,window_1,0.0018333911962610254,0.0014844899607138196,0.0017287208255968634
2024-01-05 09:55:00,2024-01-05,STK2,112.09149667389433,6928.0,0.020371924172878978,-0.0006284847301367897,window_1,0.004172771840804903,0.0014844899607138196,0.0033662872767775773
2024-01-05 09:56:00,2024-01-05,STK2,112.08717694568304,5789.0,0.014981878972419194,-3.853826184341251e-05,window_1,0.007032748210060636,0.0014844899607138196,0.0053682707352565905
2024-01-05 09:57:00,2024-01-05,STK2,112.19924572188258,1851.0,0.021672901345662403,0.000999336332474489,window_1,0.004537796229124042,0.0014844899607138196,0.0036218043486009746
2024-01-05 09:58:00,2024-01-05,STK2,112.28856694955867,8024.0,0.03266618627420282,0.0007957780097442332,window_1,0.0031369982945694264,0.0014844899607138196,0.0026412457944127443
2024-01-05 09:59:00,2024-01-05,STK2,112.27559849485331,6064.0,0.034803696457712335,-0.00011549887929893475,window_1,0.006285990515213271,0.0014844899607138196,0.004845540348863435
2024-01-05 10:00:00,2024-01-05,STK2,112.34995870894686,2633.0,0.030068429769747385,0.0006620815345817527,window_1,0.00725149753142142,0.0014844899607138196,0.00552139526020914
2024-01-05 10:01:00,2024-01-05,STK2,112.5227695048118,6376.0,0.038365596730657196,0.0015369656539176446,window_1,0.0008109103681026813,0.0014844899607138196,0.0010129842458860227
2024-01-05 10:02:00,2024-01-05,STK2,112.48058759833395,1935.0,0.027369325742507278,-0.0003749446898491354,window_1,0.0019435259685293082,0.0014844899607138196,0.0018058151661846614
2024-01-05 10:03:00,2024-01-05,STK2,112.48321464869174,9315.0,0.011156259979703072,2.3355316114555457e-05,window_1,0.0018591263978725147,0.0014844899607138196,0.001746735466724906
2024-01-05 10:04:00,2024-01-05,STK2,112.66559305805366,9220.0,0.010795973116182231,0.001620070309136051,window_1,-0.0007663524086381766,0.0014844899607138196,-9.109969783257772e-05
2024-01-05 10:05:00,2024-01-05,STK2,112.80015309303944,6064.0,0.03556436011207545,0.001193618571856377,window_1,-0.0036369652039946535,0.0014844899607138196,-0.0021005286545821115
2024-01-05 10:06:00,2024-01-05,STK2,112.57319065153955,2827.0,0.010164193265038824,-0.0020141025948652897,window_1,0.0015349461087416064,0.0014844899607138196,0.0015198092643332701
2024-01-05 10:07:00,2024-01-05,STK2,112.60138772142531,5191.0,0.01992148200238316,0.0002504463002607606,window_1,-0.00011587664900465305,0.0014844899607138196,0.0003642333339108887
2024-01-05 10:08:00,2024-01-05,STK2,112.59877160373283,9895.0,0.026952337318921167,-2.3233710850366203e-05,window_1,2.294960258831275e-05,0.0014844899607138196,0.00046141171002596473
2024-01-05 10:09:00,2024-01-05,STK2,112.61788197378058,4357.0,0.014817649377547561,0.00016970654514281212,window_1,-0.004885294686796609,0.0014844899607138196,-0.00297435929254348
2024-01-05 10:10:00,2024-01-05,STK2,112.57345478037729,2347.0,0.026094637712567523,-0.00039457285186939386,window_1,-0.004626342479605562,0.0014844899607138196,-0.0027930927475097473
2024-01-05 10:11:00,2024-01-05,STK2,112.66867398229873,5469.0,0.03890739736666461,0.000845483108481854,window_1,-0.007948004404261416,0.0014844899607138196,-0.0051182560947688445
2024-01-05 10:12:00,2024-01-05,STK2,112.59417765737273,8663.0,0.027828180829047394,-0.000661416892306816,window_1,-0.007382365328291061,0.0014844899607138196,-0.004722308741589597
2024-01-05 10:13:00,2024-01-05,STK2,112.60019953819307,2688.0,0.021233918093468133,5.348162682190022e-05,window_1,-0.00602817537019641,0.0014844899607138196,-0.0037743757709233407
2024-01-05 10:14:00,2024-01-05,STK2,112.31386518055434,4507.0,0.024452906540865148,-0.0025461681348228635,window_1,-0.0004071561928910582,0.0014844899607138196,0.00016033765319040512
2024-01-05 10:15:00,2024-01-05,STK2,112.28566641887426,8298.0,0.039464328889535334,-0.00025110258803691247,window_1,-0.00032001859732104726,0.0014844899607138196,0.00022133397008941276
2024-01-05 10:16:00,2024-01-05,STK2,112.17383861232842,9190.0,0.021099531035415932,-0.0009964186260023897,window_1,0.0036410662947938136,0.0014844899607138196,0.002994093394569815
2024-01-05 10:17:00,2024-01-05,STK2,112.1348623501491,4824.0,0.013551972495360063,-0.00034752341219351925,window_1,0.0032544528019183994,0.0014844899607138196,0.0027234639495570256
2024-01-05 10:18:00,2024-01-05,STK2,112.22511903422325,2990.0,0.018531914037202266,0.0008045703015848365,window_1,0.002210868100090159,0.0014844899607138196,0.0019929546582772573
2024-01-05 10:19:00,2024-01-05,STK2,112.2885958421935,8539.0,0.036230027690044395,0.000565460419169093,window_1,0.001717148336324429,0.0014844899607138196,0.001647350823641246
2024-01-05 10:20:00,2024-01-05,STK2,112.26581008847148,9460.0,0.02391027144044503,-0.00020294194367537023,window_1,0.0034296699675267577,0.0014844899607138196,0.0028461159654828757
2024-01-05 10:21:00,2024-01-05,STK2,112.39953240813516,5684.0,0.014901751004483633,0.001190413563293744,window_1,-0.0006726892864089335,0.0014844899607138196,-2.5535512272107633e-05
2024-01-05 10:22:00,2024-01-05,STK2,112.33652157074162,2022.0,0.02856144334508926,-0.0005607541640877456,window_1,0.0010878297890259596,0.0014844899607138196,0.0012068278405323175
2024-01-05 10:23:00,2024-01-05,STK2,112.36222373986205,4390.0,0.02385181591553528,0.00022877002892893801,window_1,0.0015220714996331485,0.0014844899607138196,0.0015107970379573496
2024-01-05 10:24:00,2024-01-05,STK2,112.39514325706344,9383.0,0.014188709625373622,0.00029293382349729157,window_1,0.0006045010136798968,0.0014844899607138196,0.0008684976977900735
2024-01-05 10:25:00,2024-01-05,STK2,112.4785746523399,2928.0,0.020324232341900443,0.0007420289029794907,window_1,0.0,0.0014844899607138196,0.0004453469882141458
2024-01-05 10:26:00,2024-01-05,STK2,112.35775144299092,5608.0,0.022149821844874518,-0.001074766013817714,window_1,0.0,0.0014844899607138196,0.0004453469882141458
2024-01-05 10:27:00,2024-01-05,STK2,112.40404917963819,9525.0,0.0392325136932654,0.00041197158212675383,window_1,0.0,0.0014844899607138196,0.0004453469882141458
2024-01-05 10:28:00,2024-01-05,STK2,112.45672874981237,6242.0,0.03614227260223642,0.0004685527785062026,window_1,0.0,0.0014844899607138196,0.0004453469882141458
2024-01-05 10:29:00,2024-01-05,STK2,112.43268755876741,6865.0,0.02287078364072238,-0.0002138045580904907,window_1,0.0,0.0014844899607138196,0.0004453469882141458
2024-01-06 09:30:00,2024-01-06,STK2,112.59959275470447,2840.0,0.03980628990360542,0.0,window_2,0.003524602940875268,0.0,0.0024672220586126874
2024-01-06 09:31:00,2024-01-06,STK2,112.85998090824806,5811.0,0.011211976865264896,0.002309844422090078,window_2,-0.0013392180715782655,0.0,-0.0009374526501047858
2024-01-06 09:32:00,2024-01-06,STK2,112.7773654468228,5906.0,0.037089674602184104,-0.0007322853814020757,window_2,-0.0004740431903057899,0.0,-0.0003318302332140529
2024-01-06 09:33:00,2024-01-06,STK2,112.74884974923408,3715.0,0.03807622306033242,-0.00025288144631783126,window_2,0.0016424985902822274,0.0,0.0011497490131975592
2024-01-06 09:34:00,2024-01-06,STK2,112.60328555562491,9204.0,0.011794730119518976,-0.00129188226823169,window_2,0.0032955283810899415,0.0,0.0023068698667629587
2024-01-06 09:35:00,2024-01-06,STK2,112.81889671354497,2057.0,0.014672730129237381,0.0019129548077317523,window_2,-0.0022074291005447213,0.0,-0.0015452003703813049
2024-01-06 09:36:00,2024-01-06,STK2,112.77646086200684,1623.0,0.0270234434064797,-0.00037621210378346447,window_2,0.00020860392686156438,0.0,0.00014602274880309507
2024-01-06 09:37:00,2024-01-06,STK2,112.74782348655178,9241.0,0.023350481645619765,-0.00025396267804778105,window_2,0.002169921212223451,0.0,0.0015189448485564156
2024-01-06 09:38:00,2024-01-06,STK2,112.8511829546684,2549.0,0.01931962555243248,0.0009163114410745668,window_2,0.00046648530328884634,0.0,0.0003265397123021924
2024-01-06 09:39:00,2024-01-06,STK2,112.80834301454279,9718.0,0.018581419055211858,-0.0003796865251425611,window_2,0.0021611391750785106,0.0,0.0015127974225549574
2024-01-06 09:40:00,2024-01-06,STK2,112.68128098792799,2799.0,0.03601909121503544,-0.0011269879102008638,window_2,0.006879130692164331,0.0,0.004815391484515031
2024-01-06 09:41:00,2024-01-06,STK2,112.7894607734409,1848.0,0.03490057537477084,0.0009595905257500737,window_2,-5.889418606484342e-05,0.0,-4.122593024539039e-05
2024-01-06 09:42:00,2024-01-06,STK2,112.88301567077121,6571.0,0.03830147053833558,0.0008291210710660528,window_2,-0.004723887127154398,0.0,-0.003306720989008078
2024-01-06 09:43:00,2024-01-06,STK2,112.88027294213896,8579.0,0.0338736569550091,-2.4297383770815492e-05,window_2,-0.0024246217796717972,0.0,-0.001697235245770258
2024-01-06 09:44:00,2024-01-06,STK2,112.94306032646254,4492.0,0.03696764728961541,0.0005560752738231508,window_2,-0.005082754382119812,0.0,-0.003557928067483868
2024-01-06 09:45:00,2024-01-06,STK2,113.10961719674603,5891.0,0.031145149691295428,0.0014736113922530956,window_2,-0.005075928965397741,0.0,-0.0035531502757784185
2024-01-06 09:46:00,2024-01-06,STK2,112.78579014523933,5109.0,0.021590243716695455,-0.0028670549537827437,window_2,-0.0032779477970348286,0.0,-0.0022945634579243797
2024-01-06 09:47:00,2024-01-06,STK2,112.58835133993541,5107.0,0.02174520525053294,-0.0017520985727269712,window_2,0.000980679151694688,0.0,0.0006864754061862815
2024-01-06 09:48:00,2024-01-06,STK2,112.72903474021707,7514.0,0.03339609531616935,0.0012487577724105065,window_2,-0.0038266951012427626,0.0,-0.002678686570869934
2024-01-06 09:49:00,2024-01-06,STK2,112.62584210396109,1696.0,0.037920534656338614,-0.0009158234772964378,window_2,-0.002757607949472594,0.0,-0.0019303255646308155
2024-01-06 09:50:00,2024-01-06,STK2,112.79235778044104,1780.0,0.014725700239524384,0.001477393634170035,window_2,-0.006472500963144912,0.0,-0.004530750674201438
2024-01-06 09:51:00,2024-01-06,STK2,112.58149602290634,1316.0,0.039272080731689814,-0.0018712181160609872,window_2,-0.0026327819237571782,0.0,-0.0018429473466300245
2024-01-06 09:52:00,2024-01-06,STK2,112.64936398523606,4451.0,0.03808530794920588,0.000602652446306499,window_2,-0.002794419367915475,0.0,-0.0019560935575408324
2024-01-06 09:53:00,2024-01-06,STK2,112.49066062106064,5641.0,0.017090813061506338,-0.0014098194289478103,window_2,0.0037937963500524687,0.0,0.002655657445036728
2024-01-06 09:54:00,2024-01-06,STK2,112.45422126285128,4198.0,0.011899854361076743,-0.0003239847754964302,window_2,0.006864586822489321,0.0,0.004805210775742525
2024-01-06 09:55:00,2024-01-06,STK2,112.38894351517229,2382.0,0.027057091441112062,-0.0005806514027455847,window_2,0.011976104511993173,0.0,0.00838327315839522
2024-01-06 09:56:00,2024-01-06,STK2,112.41770829608906,3347.0,0.028779686700972425,0.0002559068501042229,window_2,0.011561025498018445,0.0,0.008092717848612912
2024-01-06 09:57:00,2024-01-06,STK2,112.47541584923447,5834.0,0.034017508620215506,0.0005131998110771811,window_2,0.010245460109102395,0.0,0.007171822076371676
2024-01-06 09:58:00,2024-01-06,STK2,112.72648567049633,6867.0,0.03846529321017352,0.0022297318414095484,window_2,0.006521318901405858,0.0,0.0045649232309841
2024-01-06 09:59:00,2024-01-06,STK2,112.88079058349777,8777.0,0.01271737175606318,0.0013679074507209708,window_2,0.0055345200869974295,0.0,0.0038741640608982004
2024-01-06 10:00:00,2024-01-06,STK2,113.1327134492516,4664.0,0.038370809554734195,0.0022292736105559733,window_2,0.002843155544894405,0.0,0.0019902088814260834
2024-01-06 10:01:00,2024-01-06,STK2,113.13588371972536,4940.0,0.0331231964099611,2.8022187025876686e-05,window_2,0.0011093849986795593,0.0,0.0007765694990756915
2024-01-06 10:02:00,2024-01-06,STK2,113.11219454746698,4807.0,0.01962202356860355,-0.00020940882703960811,window_2,0.0019178224180324615,0.0,0.001342475692622723
2024-01-06 10:03:00,2024-01-06,STK2,113.13270525593728,2645.0,0.030185601840546805,0.0001813142178614196,window_2,0.0007926259962686306,0.0,0.0005548381973880413
2024-01-06 10:04:00,2024-01-06,STK2,113.22601337737636,8271.0,0.03165720338538029,0.0008244270623849797,window_2,0.0013293526971146687,0.0,0.0009305468879802681
2024-01-06 10:05:00,2024-01-06,STK2,113.31045471809213,3057.0,0.038100090755953796,0.0007454989065249826,window_2,0.0006324182295091664,0.0,0.00044269276065641644
2024-01-06 10:06:00,2024-01-06,STK2,113.20523941264278,8399.0,0.024929431070961364,-0.0009289891671305795,window_2,0.0020539976096685163,0.0,0.0014377983267679613
2024-01-06 10:07:00,2024-01-06,STK2,113.2320664151263,1965.0,0.025245787443347344,0.00023694861154594977,window_2,0.005842348523082071,0.0,0.00408964396615745
2024-01-06 10:08:00,2024-01-06,STK2,113.18225665678932,3492.0,0.024588418380117456,-0.00043998770452970874,window_2,0.005564173635043812,0.0,0.0038949215445306684
2024-01-06 10:09:00,2024-01-06,STK2,113.30918705215292,9953.0,0.02265298188143684,0.0011208406514031668,window_2,0.004455505853130842,0.0,0.0031188540971915893
2024-01-06 10:10:00,2024-01-06,STK2,113.35005276948198,7605.0,0.016839033166695473,0.0003605916776568414,window_2,0.006464114721509111,0.0,0.004524880305056377
2024-01-06 10:11:00,2024-01-06,STK2,113.33372840222295,6336.0,0.011525003858454315,-0.0001440276600546764,window_2,0.01090748902851294,0.0,0.007635242319959057
2024-01-06 10:12:00,2024-01-06,STK2,113.59762446058262,1155.0,0.03690266114772095,0.002325779791881685,window_2,0.007327269788646239,0.0,0.005129088852052367
2024-01-06 10:13:00,2024-01-06,STK2,113.5302560409281,5221.0,0.011809924557226653,-0.0005932201848703592,window_2,0.007088547990532606,0.0,0.004961983593372824
2024-01-06 10:14:00,2024-01-06,STK2,113.58815968086019,7476.0,0.033452711427218354,0.0005098982484765356,window_2,0.007958359010297646,0.0,0.0055708513072083524
2024-01-06 10:15:00,2024-01-06,STK2,113.7549364149779,6833.0,0.02913810232739935,0.0014671812507090422,window_2,0.0029602549222634733,0.0,0.0020721784455844314
2024-01-06 10:16:00,2024-01-06,STK2,114.0168270310302,7934.0,0.0204302090450771,0.0022995890930373195,window_2,-0.004397142644962056,0.0,-0.0030779998514734387
2024-01-06 10:17:00,2024-01-06,STK2,114.05757473738414,6679.0,0.030155625658422017,0.0003573194227106268,window_2,-0.0030106545798968746,0.0,-0.002107458205927812
2024-01-06 10:18:00,2024-01-06,STK2,113.9749572945911,7344.0,0.022752453025423933,-0.0007246110515177244,window_2,-0.0020459083462768257,0.0,-0.001432135842393778
2024-01-06 10:19:00,2024-01-06,STK2,114.08768331684192,4338.0,0.02517286944228224,0.0009885532424653153,window_2,-4.294893107506475e-05,0.0,-3.006425175254532e-05
2024-01-06 10:20:00,2024-01-06,STK2,113.94101603753879,5408.0,0.016464854254381014,-0.0012863933350836972,window_2,0.005380024261709122,0.0,0.003766016983196385
2024-01-06 10:21:00,2024-01-06,STK2,113.73978927685022,5137.0,0.013934655075541298,-0.001767622112939381,window_2,0.009615734165827075,0.0,0.006731013916078952
2024-01-06 10:22:00,2024-01-06,STK2,113.86782354401484,4365.0,0.032418094005762094,0.0011250439217080253,window_2,0.008983759844886915,0.0,0.00628863189142084
2024-01-06 10:23:00,2024-01-06,STK2,113.84610413724617,6641.0,0.018177594922476753,-0.00019076046033454872,window_2,0.010928615942552398,0.0,0.0076500311597866785
2024-01-06 10:24:00,2024-01-06,STK2,114.0849756790113,1897.0,0.014632692640664274,0.0020959987502254395,window_2,0.007441393817353331,0.0,0.005208975672147331
2024-01-06 10:25:00,2024-01-06,STK2,114.27975392484696,9604.0,0.018739883606753972,0.0017058526805445642,window_2,0.0,0.0,0.0
2024-01-06 10:26:00,2024-01-06,STK2,114.3441473393944,2701.0,0.032816380681896004,0.0005633130735164247,window_2,0.0,0.0,0.0
2024-01-06 10:27:00,2024-01-06,STK2,114.4330970176737,8945.0,0.01525541703568011,0.000777609530278536,window_2,0.0,0.0,0.0
2024-01-06 10:28:00,2024-01-06,STK2,114.53362010634281,8088.0,0.014422778604567576,0.0008780585789081998,window_2,0.0,0.0,0.0
2024-01-06 10:29:00,2024-01-06,STK2,114.55409378561737,5305.0,0.019249996118585327,0.00017874096328632716,window_2,0.0,0.0,0.0
2024-01-02 09:30:00,2024-01-02,STK3,120.01583434548462,8463.0,0.012097948944305836,0.0,window_0,-0.001802447955810553,-0.0070175845001166914,-0.0033669889191023945
2024-01-02 09:31:00,2024-01-02,STK3,119.88341133849961,7345.0,0.03346633585803385,-0.0011039886353716615,window_0,0.0001164602509226601,-0.0070175845001166914,-0.002023753174389145
2024-01-02 09:32:00,2024-01-02,STK3,119.74561442043664,1981.0,0.02344721899511821,-0.0011500854941523635,window_0,0.0023221266073926374,-0.0070175845001166914,-0.0004797867248601611
2024-01-02 09:33:00,2024-01-02,STK3,119.67782228480978,8335.0,0.017222592136428086,-0.0005662949155810064,window_0,0.004973022455468216,-0.0070175845001166914,0.0013758403687927434
2024-01-02 09:34:00,2024-01-02,STK3,119.83651808391623,2635.0,0.024024536182857152,0.0013251467288748389,window_0,0.0029510797190682326,-0.0070175845001166914,-3.951954668724453e-05
2024-01-02 09:35:00,2024-01-02,STK3,119.8962977906467,2587.0,0.017227813492429366,0.0004987194410697233,window_0,0.004425898586038268,-0.0070175845001166914,0.0009928536601917803
2024-01-02 09:36:00,2024-01-02,STK3,119.89112634447065,2572.0,0.01818412990437507,-4.3133589640907445e-05,window_0,0.002205202605649348,-0.0070175845001166914,-0.0005616335260804639
2024-01-02 09:37:00,2024-01-02,STK3,119.8992688073031,3824.0,0.02316465105405846,6.791316916933551e-05,window_0,0.0016580273407341473,-0.0070175845001166914,-0.0009446562115211041
2024-01-02 09:38:00,2024-01-02,STK3,120.00669932160152,8744.0,0.01707991787861658,0.0008956052433143456,window_0,0.0019900276124617936,-0.0070175845001166914,-0.0007122560213117517
2024-01-02 09:39:00,2024-01-02,STK3,120.03193833902063,4323.0,0.03790010042064152,0.00021029129108614657,window_0,0.0013004948033923719,-0.0070175845001166914,-0.001194928987660347
2024-01-02 09:40:00,2024-01-02,STK3,120.18952663169898,6655.0,0.03601516829820118,0.0013120252622199143,window_0,-6.928860743426218e-05,-0.0070175845001166914,-0.002153777375238991
2024-01-02 09:41:00,2024-01-02,STK3,120.03722122236756,6786.0,0.028405494541894963,-0.0012680139168439971,window_0,0.004005989547535367,-0.0070175845001166914,0.000698917333239749
2024-01-02 09:42:00,2024-01-02,STK3,120.00912073310435,8491.0,0.03374354463422867,-0.00023412553728291256,window_0,0.002690999766000921,-0.0070175845001166914,-0.00022157551383436276
2024-01-02 09:43:00,2024-01-02,STK3,120.13866592718728,9177.0,0.012434620012716979,0.0010788790390297387,window_0,-0.002315487328178647,-0.0070175845001166914,-0.0037261164797600605
2024-01-02 09:44:00,2024-01-02,STK3,120.11819743316256,6225.0,0.024829436006038534,-0.0001703884233561112,window_0,-0.0024790665494904265,-0.0070175845001166914,-0.003840621934678306
2024-01-02 09:45:00,2024-01-02,STK3,120.1849248298932,5294.0,0.027045020538740937,0.0005553602285085755,window_0,-0.0030543948304379105,-0.0070175845001166914,-0.004243351731341544
2024-01-02 09:46:00,2024-01-02,STK3,120.30294180594807,6782.0,0.013259713097867873,0.0009814797493081157,window_0,-0.005253769035176373,-0.0070175845001166914,-0.005782913674658469
2024-01-02 09:47:00,2024-01-02,STK3,120.1875751766174,8529.0,0.033790149368788915,-0.000959427753141868,window_0,-0.00497191871871546,-0.0070175845001166914,-0.005585618453135829
2024-01-02 09:48:00,2024-01-02,STK3,119.98494794811513,7934.0,0.03618736049161252,-0.0016873476944133518,window_0,-0.004754818950737438,-0.0070175845001166914,-0.005433648615551213
2024-01-02 09:49:00,2024-01-02,STK3,119.95364797968837,9953.0,0.019430438278897143,-0.0002608998230008499,window_0,-0.005333783268227926,-0.0070175845001166914,-0.005838923637794555
2024-01-02 09:50:00,2024-01-02,STK3,119.9820750108098,7740.0,0.02818898194578147,0.0002369553887192461,window_0,-0.006894452049144205,-0.0070175845001166914,-0.0069313917844359505
2024-01-02 09:51:00,2024-01-02,STK3,119.95368355363539,3412.0,0.02033922659534853,-0.00023665882465190034,window_0,-0.005075986608836514,-0.0070175845001166914,-0.005658465976220568
2024-01-02 09:52:00,2024-01-02,STK3,119.85737063220614,6531.0,0.015093999213181225,-0.0008032400919517051,window_0,-0.004333782440801132,-0.0070175845001166914,-0.0051389230585958
2024-01-02 09:53:00,2024-01-02,STK3,119.66969423903153,3666.0,0.011738360336143899,-0.0015670582502354381,window_0,-0.0029783958793150184,-0.0070175845001166914,-0.00419015246555552
2024-01-02 09:54:00,2024-01-02,STK3,119.60010006721049,7889.0,0.035023626760063244,-0.0005817213492022467,window_0,-0.003074314125802295,-0.0070175845001166914,-0.004257295238096613
2024-01-02 09:55:00,2024-01-02,STK3,119.5249704269198,4625.0,0.01575763484233256,-0.0006283711081194786,window_0,-0.0016457571566670074,-0.0070175845001166914,-0.0032573053597019126
2024-01-02 09:56:00,2024-01-02,STK3,119.61722350055729,3030.0,0.01794135131858612,0.0007715332597619194,window_0,-0.002994774766002161,-0.0070175845001166914,-0.00420161768623652
2024-01-02 09:57:00,2024-01-02,STK3,119.57033797976901,8307.0,0.014201662140684718,-0.0003920397958707315,window_0,-0.0016690011504799126,-0.0070175845001166914,-0.003273576155370946
2024-01-02 09:58:00,2024-01-02,STK3,119.47273967178226,9992.0,0.01705769165246935,-0.000816575107455575,window_0,-0.0024748561656765928,-0.0070175845001166914,-0.003837674666008622
2024-01-02 09:59:00,2024-01-02,STK3,119.3969208718352,8330.0,0.03893556658417605,-0.0006348131639714568,window_0,0.0005340931701950125,-0.0070175845001166914,-0.0017314101308984985
2024-01-02 10:00:00,2024-01-02,STK3,119.41627185214848,1048.0,0.022975467797270985,0.00016205955906287476,window_0,0.002395151898979577,-0.0070175845001166914,-0.00042866902074930355
2024-01-02 10:01:00,2024-01-02,STK3,119.4192726668615,4869.0,0.03327373259311271,2.512871121603335e-05,window_0,0.003346872185725064,-0.0070175845001166914,0.0002375351799725374
2024-01-02 10:02:00,2024-01-02,STK3,119.46006235031687,6209.0,0.03505377373242201,0.0003415086855368029,window_0,-0.0002075530883682865,-0.0070175845001166914,-0.002250562511892808
2024-01-02 10:03:00,2024-01-02,STK3,119.30935239329814,4404.0,0.01012917327003036,-0.0012623892988571654,window_0,0.003787005611181305,-0.0070175845001166914,0.0005456285777919062
2024-01-02 10:04:00,2024-01-02,STK3,119.43215873816835,4271.0,0.011159329294806538,0.0010287809197455093,window_0,-0.0005876244717113564,-0.0070175845001166914,-0.002516612480232957
2024-01-02 10:05:00,2024-01-02,STK3,119.57432240609029,9946.0,0.025567439274612525,0.0011896220052876431,window_0,-0.0030525611854433886,-0.0070175845001166914,-0.004242068179845379
2024-01-02 10:06:00,2024-01-02,STK3,119.64013059899466,7908.0,0.021857039612766832,0.0005502024960264408,window_0,-0.0032289946667456927,-0.0070175845001166914,-0.004365571616756992
2024-01-02 10:07:00,2024-01-02,STK3,119.44636137797463,1801.0,0.021146296252190847,-0.0016209135183081517,window_0,0.0001332423192746876,-0.0070175845001166914,-0.002012005726542726
2024-01-02 10:08:00,2024-01-02,STK3,119.55902442165025,2555.0,0.022301463607449827,0.0009427658012252752,window_0,-0.001671503960464628,-0.0070175845001166914,-0.003275328122360247
2024-01-02 10:09:00,2024-01-02,STK3,119.39337759484638,2759.0,0.03585443253448042,-0.0013864422532701933,window_0,0.0031278391176072892,-0.0070175845001166914,8.421203229009525e-05
2024-01-02 10:10:00,2024-01-02,STK3,119.37262432858107,7647.0,0.03948961514607721,-0.00017383770009461635,window_0,0.005907106439162457,-0.0070175845001166914,0.002029699157378712
2024-01-02 10:11:00,2024-01-02,STK3,119.426657252329,7213.0,0.02210063209747385,0.0004525384189795919,window_0,0.005440061973464195,-0.0070175845001166914,0.0017027680313899292
2024-01-02 10:12:00,2024-01-02,STK3,119.45515594697767,1643.0,0.031894457389086,0.0002386007909284437,window_0,0.005530127072899254,-0.0070175845001166914,0.00176581360099447
2024-01-02 10:13:00,2024-01-02,STK3,119.44859387421342,3212.0,0.012933639923363292,-5.493486620291775e-05,window_0,0.005552556329007318,-0.0070175845001166914,0.0017815140802701153
2024-01-02 10:14:00,2024-01-02,STK3,119.599736919395,2179.0,0.01556125818407457,0.0012645398093380365,window_0,0.004223551591964853,-0.0070175845001166914,0.0008512107643403894
2024-01-02 10:15:00,2024-01-02,STK3,119.7622781955496,2805.0,0.01868289122524195,0.0013581210958672604,window_0,-0.0014543102691407168,-0.0070175845001166914,-0.003123292538433509
2024-01-02 10:16:00,2024-01-02,STK3,119.78566562432279,2905.0,0.03408161815865097,0.00019526303147977274,window_0,-0.0007631856536584282,-0.0070175845001166914,-0.002639505307595907
2024-01-02 10:17:00,2024-01-02,STK3,119.82019511243001,9168.0,0.01822403181065825,0.0002882190630903242,window_0,9.378243126073215e-05,-0.0070175845001166914,-0.002039627648152495
2024-01-02 10:18:00,2024-01-02,STK3,119.81509344236066,3480.0,0.03831395104311133,-4.257862104444418e-05,window_0,0.002220841599676298,-0.0070175845001166914,-0.0005506862302615987
2024-01-02 10:19:00,2024-01-02,STK3,119.87886753954604,2215.0,0.016740684236376212,0.0005321293738814383,window_0,0.004139427393903753,-0.0070175845001166914,0.0007923238256976194
2024-01-02 10:20:00,2024-01-02,STK3,119.66603355117275,6688.0,0.011053504333289998,-0.001776986639326075,window_0,0.005150204612009125,-0.0070175845001166914,0.0014998678783713802
2024-01-02 10:21:00,2024-01-02,STK3,119.7351489791796,4592.0,0.029177510210685098,0.00057740257751925,window_0,0.004367341327298749,-0.0070175845001166914,0.0009518635790741171
2024-01-02 10:22:00,2024-01-02,STK3,119.82640453137522,2447.0,0.037521867677984266,0.0007618547740424635,window_0,0.004952755317961873,-0.0070175845001166914,0.0013616533725383032
2024-01-02 10:23:00,2024-01-02,STK3,119.96213109712713,2898.0,0.03545142262183243,0.001132052288414178,window_0,0.004665643672968667,-0.0070175845001166914,0.0011606752210430592
2024-01-02 10:24:00,2024-01-02,STK3,120.15307694907757,5707.0,0.03602270618447751,0.0015904522979160232,window_0,-0.0008805878190676754,-0.0070175845001166914,-0.00272168682338238
2024-01-02 10:25:00,2024-01-02,STK3,120.00659448820485,1454.0,0.028567491435205775,-0.0012198757448415216,window_0,0.0,-0.0070175845001166914,-0.0021052753500350073
2024-01-02 10:26:00,2024-01-02,STK3,120.02410932390212,6422.0,0.033425150635571436,0.00014593829414477413,window_0,0.0,-0.0070175845001166914,-0.0021052753500350073
2024-01-02 10:27:00,2024-01-02,STK3,120.15434790023104,2154.0,0.03185124897239227,0.001084515160929966,window_0,0.0,-0.0070175845001166914,-0.0021052753500350073
2024-01-02 10:28:00,2024-01-02,STK3,120.27141348686517,1510.0,0.025823728902176768,0.0009738190717173091,window_0,0.0,-0.0070175845001166914,-0.0021052753500350073
2024-01-02 10:29:00,2024-01-02,STK3,120.09461045892373,8890.0,0.034615178315758124,-0.0014711152343848905,window_0,0.0,-0.0070175845001166914,-0.0021052753500350073
2024-01-03 09:30:00,2024-01-03,STK3,119.25183638201963,9881.0,0.025086248109410597,0.0,window_0,0.0017705519911149301,0.00017630199325036067,0.0012922769917555592
2024-01-03 09:31:00,2024-01-03,STK3,119.23762612605542,3145.0,0.027479330479436126,-0.00011916883732792043,window_0,0.003348945335834322,0.00017630199325036067,0.0023971523330591333
2024-01-03 09:32:00,2024-01-03,STK3,119.2163256105873,8489.0,0.03739461251041623,-0.00017865516901389018,window_0,0.0016790489907791222,0.00017630199325036067,0.0012282248915204935
2024-01-03 09:33:00,2024-01-03,STK3,119.36817063716819,8082.0,0.032095696531056636,0.0012728827687546636,window_0,0.002630993312115818,0.00017630199325036067,0.0018945859164561805
2024-01-03 09:34:00,2024-01-03,STK3,119.32214756623927,3276.0,0.015655907016224806,-0.0003856299815231613,window_0,0.0037361070546636497,0.00017630199325036067,0.0026681655362396626
2024-01-03 09:35:00,2024-01-03,STK3,119.36851014690913,5707.0,0.03881878856886498,0.000388474200851541,window_0,0.003542955830384463,0.00017630199325036067,0.002532959679244232
2024-01-03 09:36:00,2024-01-03,STK3,119.45828471284196,8327.0,0.03952555794843999,0.0007517964658354561,window_0,-0.0007128297119431563,0.00017630199325036067,-0.0004460902003851012
2024-01-03 09:37:00,2024-01-03,STK3,119.32693667021576,9260.0,0.02914670658779011,-0.001100135553724306,window_0,0.002093518584062462,0.00017630199325036067,0.0015183536068188314
2024-01-03 09:38:00,2024-01-03,STK3,119.54171389055595,1639.0,0.012814234720231747,0.0017982877009230626,window_0,0.0006270224136966621,0.00017630199325036067,0.0004918062875627716
2024-01-03 09:39:00,2024-01-03,STK3,119.56849033921361,9879.0,0.03626617133581708,0.00022396742837344774,window_0,-0.0010919161087309677,0.00017630199325036067,-0.0007114506781365691
2024-01-03 09:40:00,2024-01-03,STK3,119.6022081298613,5649.0,0.021483494883407672,0.00028195586739415717,window_0,-0.0034548509708341563,0.00017630199325036067,-0.0023655050816088013
2024-01-03 09:41:00,2024-01-03,STK3,119.41123017410177,8090.0,0.036505895092711224,-0.0015980523752767138,window_0,0.0016576030914537822,0.00017630199325036067,0.0012132127619927555
2024-01-03 09:42:00,2024-01-03,STK3,119.46497978963085,3245.0,0.02010569631499806,0.00045002067342183206,window_0,-0.00013171918113506677,0.00017630199325036067,-3.9312828819438536e-05
2024-01-03 09:43:00,2024-01-03,STK3,119.58313311819123,7931.0,0.029754423051798755,0.0009885318628514625,window_0,-0.0021752167477212705,0.00017630199325036067,-0.0014697611254297811
2024-01-03 09:44:00,2024-01-03,STK3,119.49634546650188,9531.0,0.01660473673456899,-0.0007260150977009769,window_0,-0.003704641517837265,0.00017630199325036067,-0.0025403584645109774
2024-01-03 09:45:00,2024-01-03,STK3,119.37387550532844,1220.0,0.02690569710908612,-0.0010254101277779044,window_0,-0.0028131163107957004,0.00017630199325036067,-0.0019162908195818821
2024-01-03 09:46:00,2024-01-03,STK3,119.52060696397885,5269.0,0.020448276503843687,0.0012284208122801512,window_0,-0.005871689887229308,0.00017630199325036067,-0.004057292323085406
2024-01-03 09:47:00,2024-01-03,STK3,119.45628439916702,1496.0,0.010926785111080965,-0.0005383162028615798,window_0,-0.00803387156293014,0.00017630199325036067,-0.005570819496075989
2024-01-03 09:48:00,2024-01-03,STK3,119.43939501192,4747.0,0.01152642203635044,-0.00014139550214380218,window_0,-0.008667948094979998,0.00017630199325036067,-0.0060146730685108896
2024-01-03 09:49:00,2024-01-03,STK3,119.25172078928311,9506.0,0.03599826496461017,-0.001572528250002441,window_0,-0.01002331349566338,0.00017630199325036067,-0.006963428848989257
2024-01-03 09:50:00,2024-01-03,STK3,119.1883103476696,3681.0,0.02593878264455815,-0.0005318774939427574,window_0,-0.00988214474140907,0.00017630199325036067,-0.0068646107210112405
2024-01-03 09:51:00,2024-01-03,STK3,119.1328091534345,2943.0,0.01737099228984943,-0.00046576816485807785,window_0,-0.007197211325658966,0.00017630199325036067,-0.004985157329986167
2024-01-03 09:52:00,2024-01-03,STK3,118.92597009788022,4668.0,0.038755458819263566,-0.001737714595137132,window_0,-0.008166722764722604,0.00017630199325036067,-0.005663815337330714
2024-01-03 09:53:00,2024-01-03,STK3,118.86730633840651,1244.0,0.02906681062030554,-0.0004934013403826786,window_0,-0.007481599810303245,0.00017630199325036067,-0.005184229269237162
2024-01-03 09:54:00,2024-01-03,STK3,118.59121683656042,9352.0,0.024284014632712313,-0.0023253713748742867,window_0,-0.004340000984821525,0.00017630199325036067,-0.0029851100913999592
2024-01-03 09:55:00,2024-01-03,STK3,118.53745522670418,5784.0,0.029213176363109238,-0.00045343829836859287,window_0,-0.0024258204072558145,0.00017630199325036067,-0.001645183687103962
2024-01-03 09:56:00,2024-01-03,STK3,118.65900911698276,1155.0,0.034352571136577956,0.0010249216931253993,window_0,-0.006798776952602388,0.00017630199325036067,-0.004706253268846563
2024-01-03 09:57:00,2024-01-03,STK3,118.38927952344352,8992.0,0.027358278904375734,-0.002275736403721752,window_0,0.0007868410400598981,0.00017630199325036067,0.0006036793260170369
2024-01-03 09:58:00,2024-01-03,STK3,118.37588235503333,3368.0,0.0370867806289085,-0.00011316840972889724,window_0,-0.000710446317799973,0.00017630199325036067,-0.0004444218244848728
2024-01-03 09:59:00,2024-01-03,STK3,118.30680883817159,9751.0,0.019964891431103547,-0.0005836803568061813,window_0,0.000478353549046029,0.00017630199325036067,0.00038773808230732853
2024-01-03 10:00:00,2024-01-03,STK3,118.37855895861148,3618.0,0.012700041731352696,0.0006062911561087082,window_0,-0.0006745705781107707,0.00017630199325036067,-0.0004193088067024313
2024-01-03 10:01:00,2024-01-03,STK3,118.213218458726,2905.0,0.012139136025545363,-0.0013976861631184037,window_0,-0.0007546940791105308,0.00017630199325036067,-0.00047539525740226333
2024-01-03 10:02:00,2024-01-03,STK3,118.44075481722301,1789.0,0.01397626242854241,0.0019229461940665773,window_0,-0.006698570804989991,0.00017630199325036067,-0.004636108965517885
2024-01-03 10:03:00,2024-01-03,STK3,118.32941007832422,1666.0,0.02740720650228829,-0.0009405302155012166,window_0,-0.006480800876151233,0.00017630199325036067,-0.004483670015330754
2024-01-03 10:04:00,2024-01-03,STK3,118.33808102075159,1335.0,0.03646525210986844,7.32753145856964e-05,window_0,-0.003947124667663723,0.00017630199325036067,-0.0027100966693894978
2024-01-03 10:05:00,2024-01-03,STK3,118.33443241644993,6678.0,0.025663752787094526,-3.083251408418433e-05,window_0,-0.006258728006813789,0.00017630199325036067,-0.0043282190067945436
2024-01-03 10:06:00,2024-01-03,STK3,118.16391964864968,4731.0,0.02038191468714204,-0.0014419787356400129,window_0,-0.004698130030349708,0.00017630199325036067,-0.003235800423269687
2024-01-03 10:07:00,2024-01-03,STK3,118.0023424756657,5026.0,0.01509142315295682,-0.0013683342975511176,window_0,-0.0031152174562254172,0.00017630199325036067,-0.0021277616213826837
2024-01-03 10:08:00,2024-01-03,STK3,117.9056492295661,8032.0,0.014605946390111424,-0.000819753928770844,window_0,-0.0027524105333655035,0.00017630199325036067,-0.0018737967753807443
2024-01-03 10:09:00,2024-01-03,STK3,118.0799710280554,3346.0,0.035262104553167195,0.001477393664974669,window_0,-0.006440243153579054,0.00017630199325036067,-0.004455279609530229
2024-01-03 10:10:00,2024-01-03,STK3,117.92517490146848,9576.0,0.035692288919672174,-0.0013118031657772115,window_0,-0.000983083289996852,0.00017630199325036067,-0.0006352677050226882
2024-01-03 10:11:00,2024-01-03,STK3,117.85715212978968,7174.0,0.032950732155341285,-0.0005769963713775336,window_0,-0.0018035379641153522,0.00017630199325036067,-0.0012095859769056384
2024-01-03 10:12:00,2024-01-03,STK3,117.79921042684217,7773.0,0.030667043573589167,-0.0004917474197301347,window_0,-0.0023202594979391897,0.00017630199325036067,-0.0015712910505823246
2024-01-03 10:13:00,2024-01-03,STK3,117.72632157113041,2949.0,0.018850576261371862,-0.0006189465525913633,window_0,-0.0031120838087076684,0.00017630199325036067,-0.0021255680681202594
2024-01-03 10:14:00,2024-01-03,STK3,117.65974983150116,3238.0,0.02662856757179284,-0.0005656387483550389,window_0,-0.004287917267175001,0.00017630199325036067,-0.0029486514890473925
2024-01-03 10:15:00,2024-01-03,STK3,117.86111352060338,3608.0,0.028310061663705394,0.0017099439540120712,window_0,-0.009025700488117837,0.00017630199325036067,-0.0062650997437073775
2024-01-03 10:16:00,2024-01-03,STK3,117.73969464849432,9322.0,0.030806214087601584,-0.0010307170319323398,window_0,-0.007729256161599688,0.00017630199325036067,-0.005357588715144673
2024-01-03 10:17:00,2024-01-03,STK3,117.6481751516676,2215.0,0.030477643666506495,-0.0007776059277482671,window_0,-0.006197630165015332,0.00017630199325036067,-0.004285450517535623
2024-01-03 10:18:00,2024-01-03,STK3,117.5238685271264,7761.0,0.02227105396137189,-0.0010571548741382744,window_0,-0.0022678061014486744,0.00017630199325036067,-0.0015345736730389638
2024-01-03 10:19:00,2024-01-03,STK3,117.38096202780429,5021.0,0.01667103783690432,-0.001216718418386407,window_0,-0.0025029057815086487,0.00017630199325036067,-0.0016991434490809458
2024-01-03 10:20:00,2024-01-03,STK3,117.27328465288146,8492.0,0.017111862309539896,-0.0009177535374175142,window_0,0.001803482838280821,0.00017630199325036067,0.0013153285847716826
2024-01-03 10:21:00,2024-01-03,STK3,117.23681963349877,7686.0,0.026373948572183906,-0.0003109888999242757,window_0,0.002539867870502248,0.00017630199325036067,0.0018307981073266814
2024-01-03 10:22:00,2024-01-03,STK3,117.2452630568287,9648.0,0.0249758267626667,7.201764191705223e-05,window_0,0.0036560708884665945,0.00017630199325036067,0.002612140219901724
2024-01-03 10:23:00,2024-01-03,STK3,117.3765927067419,5253.0,0.037839118244974726,0.0011195006808029163,window_0,0.0036373377006148288,0.00017630199325036067,0.002599026988405488
2024-01-03 10:24:00,2024-01-03,STK3,117.21861601810005,9630.0,0.028059908905825888,-0.0013468025487795657,window_0,0.007926020884489876,0.00017630199325036067,0.005601105217118022
2024-01-03 10:25:00,2024-01-03,STK3,117.39015667433222,5757.0,0.01215551006458703,0.0014623552634733608,window_0,0.0,0.00017630199325036067,5.28905979751082e-05
2024-01-03 10:26:00,2024-01-03,STK3,117.40136081266073,7017.0,0.03765054952712711,9.543903848773612e-05,window_0,0.0,0.00017630199325036067,5.28905979751082e-05
2024-01-03 10:27:00,2024-01-03,STK3,117.48213267811555,5334.0,0.02404961604082993,0.0006877611315998724,window_0,0.0,0.00017630199325036067,5.28905979751082e-05
2024-01-03 10:28:00,2024-01-03,STK3,117.61251260644536,5618.0,0.01542653290966271,0.0011091698114921316,window_0,0.0,0.00017630199325036067,5.28905979751082e-05
2024-01-03 10:29:00,2024-01-03,STK3,117.73201056837578,5055.0,0.012855626150109224,0.0010155152164829295,window_0,0.0,0.00017630199325036067,5.28905979751082e-05
2024-01-04 09:30:00,2024-01-04,STK3,117.75276695650837,4298.0,0.03200399328399507,0.0,window_1,-0.004949591590942357,-0.0034776854473177465,-0.0045080197478549735
2024-01-04 09:31:00,2024-01-04,STK3,117.7144213477398,7923.0,0.027099487107820987,-0.0003256981100737287,window_1,-0.004362716823607734,-0.0034776854473177465,-0.004097207410720737
2024-01-04 09:32:00,2024-01-04,STK3,117.69699238072727,1950.0,0.015020949989325377,-0.0001480724045477542,window_1,-0.007617903189058018,-0.0034776854473177465,-0.0063758378665359355
2024-01-04 09:33:00,2024-01-04,STK3,117.69231916349507,9469.0,0.019787150864921704,-3.97062823469779e-05,window_1,-0.0070528515198782695,-0.0034776854473177465,-0.005980301698110112
2024-01-04 09:34:00,2024-01-04,STK3,117.65649592481199,3772.0,0.032789291569191845,-0.0003044267628566672,window_1,-0.007337103155954419,-0.0034776854473177465,-0.006179277843363416
2024-01-04 09:35:00,2024-01-04,STK3,117.43070462049047,4710.0,0.037173755587427804,-0.0019209159258951815,window_1,-0.002186688723103421,-0.0034776854473177465,-0.0025739877403677183
2024-01-04 09:36:00,2024-01-04,STK3,117.43063849561717,2407.0,0.03549190574203681,-5.630971229588083e-07,window_1,-0.005991284728306015,-0.0034776854473177465,-0.005237204944009534
2024-01-04 09:37:00,2024-01-04,STK3,117.2015418855732,7804.0,0.016718369967818746,-0.0019528155300482482,window_1,-0.000256313434860787,-0.0034776854473177465,-0.0012227250385978747
2024-01-04 09:38:00,2024-01-04,STK3,117.23363651203488,4148.0,0.01788613996479348,0.00027380384532351955,window_1,0.00046758163813558355,-0.0034776854473177465,-0.0007159984875004154
2024-01-04 09:39:00,2024-01-04,STK3,117.17947219084536,3253.0,0.03980567569437529,-0.0004621270751724456,window_1,0.00412947586484844,-0.0034776854473177465,0.0018473274711985838
2024-01-04 09:40:00,2024-01-04,STK3,117.28880929630223,1984.0,0.02917081630794021,0.00093263884299112,window_1,0.0037932879385065336,-0.0034776854473177465,0.0016119959227592494
2024-01-04 09:41:00,2024-01-04,STK3,117.04186125396576,5740.0,0.03798800375360516,-0.002107689387614403,window_1,0.005590167101223953,-0.0034776854473177465,0.002869811336661443
2024-01-04 09:42:00,2024-01-04,STK3,117.18494203615668,4412.0,0.034985111639845363,0.0012217286662175929,window_1,0.0035332480299052876,-0.0034776854473177465,0.001429967986738377
2024-01-04 09:43:00,2024-01-04,STK3,117.26392720001498,5756.0,0.023194271274414,0.0006737943936677578,window_1,0.0018432190546665609,-0.0034776854473177465,0.0002469477040712687
2024-01-04 09:44:00,2024-01-04,STK3,117.44686265935522,5040.0,0.037183204322955445,0.0015588162477990857,window_1,-0.002040378032399434,-0.0034776854473177465,-0.0024715702568749278
2024-01-04 09:45:00,2024-01-04,STK3,117.5346602175601,9865.0,0.01807391502168417,0.0007472720511434552,window_1,-0.0018023294810635027,-0.0034776854473177465,-0.0023049362709397754
2024-01-04 09:46:00,2024-01-04,STK3,117.40340883655145,6732.0,0.026823321236860362,-0.0011173276020512747,window_1,-0.0034655314497772137,-0.0034776854473177465,-0.0034691776490393734
2024-01-04 09:47:00,2024-01-04,STK3,117.41373643464792,5925.0,0.02910010839748918,8.7962896331002e-05,window_1,-0.005642991658948525,-0.0034776854473177465,-0.004993399795459291
2024-01-04 09:48:00,2024-01-04,STK3,117.38336473693141,7107.0,0.02000649779435066,-0.0002587059016857302,window_1,-0.0063335092855938595,-0.0034776854473177465,-0.005476762134111026
2024-01-04 09:49:00,2024-01-04,STK3,117.31444329109759,7742.0,0.013816778856754839,-0.0005873207627637789,window_1,-0.005814103115298673,-0.0034776854473177465,-0.005113177814904394
2024-01-04 09:50:00,2024-01-04,STK3,117.41760262304953,5791.0,0.023388470157413244,0.0008789540277008926,window_1,-0.008645541278296476,-0.0034776854473177465,-0.007095184529002856
2024-01-04 09:51:00,2024-01-04,STK3,117.1785810401296,8654.0,0.03278023300067162,-0.002037728507734718,window_1,-0.0030871605066798554,-0.0034776854473177465,-0.0032043179888712227
2024-01-04 09:52:00,2024-01-04,STK3,117.04761279622409,2591.0,0.019490843720101455,-0.001118305817206544,window_1,0.00012043268132322616,-0.0034776854473177465,-0.0009590027572690655
2024-01-04 09:53:00,2024-01-04,STK3,116.97254583415585,1190.0,0.029676185829485217,-0.0006415427207828465,window_1,0.0038416736430687544,-0.0034776854473177465,0.0016458659159528039
2024-01-04 09:54:00,2024-01-04,STK3,116.93753675705481,7185.0,0.011648049675930078,-0.00029933790775172204,window_1,0.004669861286941578,-0.0034776854473177465,0.0022255972666637806
2024-01-04 09:55:00,2024-01-04,STK3,116.85665172179279,1584.0,0.010651703671122689,-0.00069193369617461,window_1,0.00715804844089712,-0.0034776854473177465,0.00396732827443266
2024-01-04 09:56:00,2024-01-04,STK3,116.97868375449286,1923.0,0.028196990055862896,0.0010437433977204945,window_1,0.0068459269565674195,-0.0034776854473177465,0.0037488432354018694
2024-01-04 09:57:00,2024-01-04,STK3,117.05540223859825,2398.0,0.023285545636957075,0.0006556180611713827,window_1,0.004537124720631262,-0.0034776854473177465,0.0021326816702465596
2024-01-04 09:58:00,2024-01-04,STK3,117.22086135324055,5066.0,0.03679157454259758,0.001412513069961006,window_1,-0.0013330525372940282,-0.0034776854473177465,-0.0019764424103011435
2024-01-04 09:59:00,2024-01-04,STK3,117.23929377163397,8224.0,0.015358125270913531,0.0001572328434361934,window_1,0.001656220475657326,-0.0034776854473177465,0.00011604869876480415
2024-01-04 10:00:00,2024-01-04,STK3,117.31887043478615,4034.0,0.014501187347446303,0.0006785239514000281,window_1,0.001740142692022044,-0.0034776854473177465,0.00017479425022010682
2024-01-04 10:01:00,2024-01-04,STK3,117.42120939970599,5945.0,0.029799587327113422,0.0008719343665194512,window_1,-0.0006651663472612234,-0.0034776854473177465,-0.0015089220772781802
2024-01-04 10:02:00,2024-01-04,STK3,117.3488775904095,2768.0,0.03859445139737577,-0.0006161927399906946,window_1,0.0009327659114155955,-0.0034776854473177465,-0.0003903694962044071
2024-01-04 10:03:00,2024-01-04,STK3,117.13451348370289,6394.0,0.0190081573642758,-0.0018283953114415024,window_1,0.004608458991503377,-0.0034776854473177465,0.00218261565985704
2024-01-04 10:04:00,2024-01-04,STK3,117.34659156625747,7944.0,0.01673247678024059,0.0018089145420827708,window_1,0.0031858897941208545,-0.0034776854473177465,0.0011868172216892743
2024-01-04 10:05:00,2024-01-04,STK3,117.43168162658372,4236.0,0.020566374806953724,0.0007248546715562,window_1,-0.00018611313491121638,-0.0034776854473177465,-0.0011735848286331754
2024-01-04 10:06:00,2024-01-04,STK3,117.37804991304543,4231.0,0.023175355396178043,-0.000456809980738664,window_1,-0.00041189420443068836,-0.0034776854473177465,-0.0013316315772968056
2024-01-04 10:07:00,2024-01-04,STK3,117.40936306027258,1165.0,0.028312123275229216,0.0002667361679766415,window_1,-7.482862689020969e-05,-0.0034776854473177465,-0.0010956856730184707
2024-01-04 10:08:00,2024-01-04,STK3,117.43280442035042,5698.0,0.031351174627581635,0.00019963501791151454,window_1,-0.0014391278391969096,-0.0034776854473177465,-0.0020506951216331605
2024-01-04 10:09:00,2024-01-04,STK3,117.5531774683178,8294.0,0.024250673320130818,0.0010245126754266898,window_1,-0.002201275468169916,-0.0034776854473177465,-0.002584198461914265
2024-01-04 10:10:00,2024-01-04,STK3,117.41960455175803,7253.0,0.011276554529403295,-0.0011369225814104344,window_1,-0.0022446351090874865,-0.0034776854473177465,-0.0026145502105565646
2024-01-04 10:11:00,2024-01-04,STK3,117.35133387681458,3210.0,0.023646832051979164,-0.0005815939342816051,window_1,-0.0009266895605532657,-0.0034776854473177465,-0.0016919883265826097
2024-01-04 10:12:00,2024-01-04,STK3,117.40450827572967,1748.0,0.03473246628050478,0.00045301875631217165,window_1,-0.003156318607811878,-0.0034776854473177465,-0.0032527286596636383
2024-01-04 10:13:00,2024-01-04,STK3,117.33941702571596,2590.0,0.016040449571581458,-0.000554572405640447,window_1,-0.001156424029115883,-0.0034776854473177465,-0.0018528024545764418
2024-01-04 10:14:00,2024-01-04,STK3,117.41018662785935,5793.0,0.03774887418120836,0.0006029369437552222,window_1,-0.007746510098495713,-0.0034776854473177465,-0.006465862703142323
2024-01-04 10:15:00,2024-01-04,STK3,117.27396282562111,1160.0,0.010361555890477755,-0.001160911956386739,window_1,-0.003802716785501665,-0.0034776854473177465,-0.003705207384046489
2024-01-04 10:16:00,2024-01-04,STK3,117.29124117184185,7437.0,0.03717706656453335,0.00014732233048647057,window_1,-0.006042521187630957,-0.0034776854473177465,-0.005273070465536994
2024-01-04 10:17:00,2024-01-04,STK3,117.19973887366623,9731.0,0.026509705170929182,-0.0007804334546444513,window_1,-0.008099420096604805,-0.0034776854473177465,-0.006712899701818688
2024-01-04 10:18:00,2024-01-04,STK3,117.26443442734734,1600.0,0.028414847674270348,0.0005518587715312919,window_1,-0.011239086421985577,-0.0034776854473177465,-0.008910666129585227
2024-01-04 10:19:00,2024-01-04,STK3,116.90759954522456,8648.0,0.022517608295760584,-0.003047632565352754,window_1,-0.0075838180974295705,-0.0034776854473177465,-0.006351978302396023
2024-01-04 10:20:00,2024-01-04,STK3,117.02753199835311,5515.0,0.03219310079698451,0.001025348034257755,window_1,-0.012522892650147862,-0.0034776854473177465,-0.009809330489298827
2024-01-04 10:21:00,2024-01-04,STK3,116.89960462157475,2382.0,0.03189342301131376,-0.0010937370617166706,window_1,-0.012108508988176194,-0.0034776854473177465,-0.009519261925918659
2024-01-04 10:22:00,2024-01-04,STK3,116.6751971706879,5714.0,0.02529491098171148,-0.0019215045305486383,window_1,-0.005759583193452258,-0.0034776854473177465,-0.005075013869611905
2024-01-04 10:23:00,2024-01-04,STK3,116.5361571222294,5252.0,0.039083757511767625,-0.0011923953304424336,window_1,-0.005704633431013428,-0.0034776854473177465,-0.005036549035904723
2024-01-04 10:24:00,2024-01-04,STK3,116.41767397877165,1210.0,0.015244221586990153,-0.0010172243411016412,window_1,-0.006168904894317088,-0.0034776854473177465,-0.0053615390602172845
2024-01-04 10:25:00,2024-01-04,STK3,116.21770517691806,4320.0,0.0239176685833015,-0.0017191611338760466,window_1,0.0,-0.0034776854473177465,-0.0010433056341953239
2024-01-04 10:26:00,2024-01-04,STK3,116.1174310039391,5689.0,0.016457312445374496,-0.0008631856623442771,window_1,0.0,-0.0034776854473177465,-0.0010433056341953239
2024-01-04 10:27:00,2024-01-04,STK3,116.30385946331519,7607.0,0.021346015690290432,0.001604229104685014,window_1,0.0,-0.0034776854473177465,-0.0010433056341953239
2024-01-04 10:28:00,2024-01-04,STK3,116.16880048744062,8067.0,0.02855981835808953,-0.0011619344063800877,window_1,0.0,-0.0034776854473177465,-0.0010433056341953239
2024-01-04 10:29:00,2024-01-04,STK3,116.02082392345922,3175.0,0.017736820274433823,-0.001274618402015506,window_1,0.0,-0.0034776854473177465,-0.0010433056341953239
2024-01-05 09:30:00,2024-01-05,STK3,115.61733999251479,5880.0,0.012652068721020232,0.0,window_1,-0.002032762275581047,0.002090393851469141,-0.0007958154374659907
2024-01-05 09:31:00,2024-01-05,STK3,115.53040985052625,2355.0,0.020192078432470912,-0.0007521608680675204,window_1,-0.001190575992159314,0.002090393851469141,-0.0002062850390707775
2024-01-05 09:32:00,2024-01-05,STK3,115.42980173272495,4736.0,0.03261312038931867,-0.0008712160720258142,window_1,-0.0007732635118914372,0.002090393851469141,8.58336971167363e-05
2024-01-05 09:33:00,2024-01-05,STK3,115.45812833476559,5277.0,0.020051406325154043,0.0002453710089953322,window_1,-0.001644041953057119,0.002090393851469141,-0.000523711211699241
2024-01-05 09:34:00,2024-01-05,STK3,115.38264765883567,7581.0,0.03528195906419416,-0.000653963133636922,window_1,-2.992287286808115e-05,0.002090393851469141,0.0006061721444330855
2024-01-05 09:35:00,2024-01-05,STK3,115.48746993936759,5680.0,0.0385892548468031,0.0009080628435179854,window_1,-0.0024505505199077906,0.002090393851469141,-0.001088267208494711
2024-01-05 09:36:00,2024-01-05,STK3,115.45440297371576,2707.0,0.03655278964680402,-0.00028636613586517564,window_1,-0.0024872930979736615,0.002090393851469141,-0.0011139870131408208
2024-01-05 09:37:00,2024-01-05,STK3,115.38047925109144,2043.0,0.014249169039187149,-0.000640490071855426,window_1,0.001741182111246763,0.002090393851469141,0.0018459456333134762
2024-01-05 09:38:00,2024-01-05,STK3,115.35323766434226,2683.0,0.011421175201884693,-0.00023613009177798555,window_1,-0.0012579231182505886,0.002090393851469141,-0.00025342802733466967
2024-01-05 09:39:00,2024-01-05,STK3,115.38073981316734,7187.0,0.014193627714096043,0.00023838837483742528,window_1,0.001160994054007924,0.002090393851469141,0.0014398139932462891
2024-01-05 09:40:00,2024-01-05,STK3,115.33108390036124,7210.0,0.025656293040665676,-0.0004304583334619581,window_1,0.0009256167473467292,0.002090393851469141,0.0012750498785834526
2024-01-05 09:41:00,2024-01-05,STK3,115.29571759337941,4729.0,0.010961307681345315,-0.0003066972878259372,window_1,0.0010245406501579993,0.002090393851469141,0.0013442966105513417
2024-01-05 09:42:00,2024-01-05,STK3,115.49149280029631,3755.0,0.029540049962201394,0.0016965866829708508,window_1,-0.00168622800401521,0.002090393851469141,-0.0005532414473699046
2024-01-05 09:43:00,2024-01-05,STK3,115.27305447257174,4363.0,0.01041332065882151,-0.001893171161238105,window_1,0.00027992384312214454,0.002090393851469141,0.0008230648456262434
2024-01-05 09:44:00,2024-01-05,STK3,115.45476214590911,4022.0,0.021822159225054018,0.0015750828276087307,window_1,-0.0015829350712706987,0.002090393851469141,-0.00048093639444874673
2024-01-05 09:45:00,2024-01-05,STK3,115.39007371478533,5108.0,0.02133512932578472,-0.0005604494688030755,window_1,0.00117763127730414,0.002090393851469141,0.0014514600495536402
2024-01-05 09:46:00,2024-01-05,STK3,115.36099183331963,2847.0,0.010654941749374348,-0.00025206281540335627,window_1,0.0021845644516594403,0.002090393851469141,0.0021563132716023504
2024-01-05 09:47:00,2024-01-05,STK3,115.38387955094147,6341.0,0.020344937781965135,0.00019838116062643955,window_1,0.0008638327608636186,0.002090393851469141,0.0012318010880452753
2024-01-05 09:48:00,2024-01-05,STK3,115.29088512135637,7642.0,0.033484616969459355,-0.0008062818206846841,window_1,0.0011180576771868064,0.002090393851469141,0.0014097585294715067
2024-01-05 09:49:00,2024-01-05,STK3,115.35377306847758,1902.0,0.010668064618888,0.0005453232619670604,window_1,0.0005867243437999601,0.002090393851469141,0.0010378251961007143
2024-01-05 09:50:00,2024-01-05,STK3,115.46516287289725,3224.0,0.018544227659496683,0.0009651704927286658,window_1,-0.0013299880890396132,0.002090393851469141,-0.0003038735068869869
2024-01-05 09:51:00,2024-01-05,STK3,115.50025084098438,7874.0,0.02897065152298904,0.00030383742563756285,window_1,0.00027100899028983103,0.002090393851469141,0.000816824448643624
2024-01-05 09:52:00,2024-01-05,STK3,115.43895705616224,9847.0,0.011270383419961144,-0.0005308218281296473,window_1,0.0044531968482687395,0.002090393851469141,0.0037443559492288596
2024-01-05 09:53:00,2024-01-05,STK3,115.36211441440405,9829.0,0.026409633627346545,-0.0006658777111204363,window_1,0.005643077260040723,0.002090393851469141,0.0045772722374692485
2024-01-05 09:54:00,2024-01-05,STK3,115.39117253133101,8143.0,0.03962942343269385,0.0002518544152950051,window_1,0.005134972841162309,0.002090393851469141,0.004221599144254358
2024-01-05 09:55:00,2024-01-05,STK3,115.38030382073,4026.0,0.02357523794573152,-9.419457535083331e-05,window_1,0.006362280775991975,0.002090393851469141,0.005080714698635125
2024-01-05 09:56:00,2024-01-05,STK3,115.51754765350267,5612.0,0.0243939550826546,0.001188784114353874,window_1,0.0027723131922833886,0.002090393851469141,0.0025677373900391143
2024-01-05 09:57:00,2024-01-05,STK3,115.72302598914567,3915.0,0.024246305094271114,0.0017771828402577243,window_1,-0.0005721538551867933,0.002090393851469141,0.000226610456809987
2024-01-05 09:58:00,2024-01-05,STK3,115.72184606980751,7533.0,0.01797428239825197,-1.0196115625046132e-05,window_1,0.0004690119467947872,0.002090393851469141,0.0009554265181970933
2024-01-05 09:59:00,2024-01-05,STK3,115.71859629014527,9508.0,0.012721052982699058,-2.808307510403198e-05,window_1,0.0008917183018193297,0.002090393851469141,0.001251320966714273
2024-01-05 10:00:00,2024-01-05,STK3,115.78594679829393,1075.0,0.02507238980892815,0.0005818504393070786,window_1,-0.0010541712652042074,0.002090393851469141,-0.00011080173020220285
2024-01-05 10:01:00,2024-01-05,STK3,115.694513600598,9370.0,0.01776506911712199,-0.000789986353867603,window_1,-0.00034311245641334686,0.002090393851469141,0.0003869394359513995
2024-01-05 10:02:00,2024-01-05,STK3,115.68643854584712,7534.0,0.023447570636612312,-6.979878576213789e-05,window_1,-0.0010536004968656274,0.002090393851469141,-0.00011040219236519691
2024-01-05 10:03:00,2024-01-05,STK3,115.75183760598298,8735.0,0.03566426090253645,0.0005651533788097695,window_1,-0.0038707756324375545,0.002090393851469141,-0.002082424787265546
2024-01-05 10:04:00,2024-01-05,STK3,115.77561669409626,3962.0,0.03929581199245437,0.00020541052696125997,window_1,-0.0030496217681625494,0.002090393851469141,-0.0015076170822730423
2024-01-05 10:05:00,2024-01-05,STK3,115.71849920185491,5776.0,0.01904201910160557,-0.0004934682091538757,window_1,-0.0035372925478198676,0.002090393851469141,-0.001848986628033165
2024-01-05 10:06:00,2024-01-05,STK3,115.67257804180932,4628.0,0.016005502917545787,-0.0003969138412377916,window_1,-0.0016265514536793059,0.002090393851469141,-0.0005114678621347717
2024-01-05 10:07:00,2024-01-05,STK3,115.61908540223095,4526.0,0.015439643762975571,-0.00046255571632458013,window_1,-0.0006050549563963272,0.002090393851469141,0.00020357968596331323
2024-01-05 10:08:00,2024-01-05,STK3,115.50425202680367,4354.0,0.020656535023635993,-0.0009936978771064831,window_1,-0.0010229142933466026,0.002090393851469141,-8.89218499018795e-05
2024-01-05 10:09:00,2024-01-05,STK3,115.5805143288232,3371.0,0.03150255250490828,0.000660037491790335,window_1,0.002955788926182775,0.002090393851469141,0.0026961704037686846
2024-01-05 10:10:00,2024-01-05,STK3,115.49230929374959,6877.0,0.0355786815711835,-0.0007634393173106605,window_1,0.0053982261371992345,0.002090393851469141,0.004405876451480206
2024-01-05 10:11:00,2024-01-05,STK3,115.56861052443303,4251.0,0.016414924638339934,0.0006604425665484371,window_1,0.0009193403606328487,0.002090393851469141,0.0012706564078837363
2024-01-05 10:12:00,2024-01-05,STK3,115.58042878874315,4862.0,0.011169381326119611,0.00010225665964741577,window_1,-0.0018835712293854435,0.002090393851469141,-0.0006913817051290681
2024-01-05 10:13:00,2024-01-05,STK3,115.438963529674,4083.0,0.013718141633226334,-0.0012247047776505404,window_1,0.0008257460323637941,0.002090393851469141,0.0012051403780953983
2024-01-05 10:14:00,2024-01-05,STK3,115.76929498572684,7106.0,0.013922554401289557,0.002857438423139865,window_1,-0.0046523267714142225,0.002090393851469141,-0.0026295105845492136
2024-01-05 10:15:00,2024-01-05,STK3,115.83682068897254,7723.0,0.03810721864392861,0.0005831081356577431,window_1,-0.0057628775321119565,0.002090393851469141,-0.0034068961170376274
2024-01-05 10:16:00,2024-01-05,STK3,115.62732100985261,2359.0,0.03140759829722252,-0.0018102133210868164,window_1,-0.0031126809175204464,0.002090393851469141,-0.00155175848682357
2024-01-05 10:17:00,2024-01-05,STK3,115.46012874035486,7393.0,0.020246147866048687,-0.0014470045764150158,window_1,-0.004071249419923111,0.002090393851469141,-0.0022227564385054353
2024-01-05 10:18:00,2024-01-05,STK3,115.49163778043703,2005.0,0.025997494294951247,0.000272862518025773,window_1,-0.005599061390348032,0.002090393851469141,-0.00329222481780288
2024-01-05 10:19:00,2024-01-05,STK3,115.47167434160112,5672.0,0.028393282569824187,-0.00017287108244343636,window_1,-0.005349366849221838,0.002090393851469141,-0.003117438639014544
2024-01-05 10:20:00,2024-01-05,STK3,115.46794038073509,1661.0,0.01793722833463785,-3.233711869521544e-05,window_1,-0.006941500031905178,0.002090393851469141,-0.004231931866892882
2024-01-05 10:21:00,2024-01-05,STK3,115.42843944921125,9349.0,0.013247483244245711,-0.0003421528907320472,window_1,-0.0056264465173941165,0.002090393851469141,-0.003311394406735139
2024-01-05 10:22:00,2024-01-05,STK3,115.20037656124033,4020.0,0.010984299984931861,-0.001977749062367128,window_1,-0.00020589220890020023,0.002090393851469141,0.00048299360921060213
2024-01-05 10:23:00,2024-01-05,STK3,115.13431128336968,3465.0,0.015788252094804466,-0.0005736459436531128,window_1,0.0006598927005126804,0.002090393851469141,0.0010890430457996185
2024-01-05 10:24:00,2024-01-05,STK3,115.13034211194605,4763.0,0.02017023221808637,-3.447486503463288e-05,window_1,0.0015694425576519547,0.002090393851469141,0.0017257279457971106
2024-01-05 10:25:00,2024-01-05,STK3,115.02503169025637,4466.0,0.012691938332237536,-0.0009151246594795012,window_1,0.0,0.002090393851469141,0.0006271181554407423
2024-01-05 10:26:00,2024-01-05,STK3,115.0695617501894,3033.0,0.03269948282249846,0.00038705872939574386,window_1,0.0,0.002090393851469141,0.0006271181554407423
2024-01-05 10:27:00,2024-01-05,STK3,115.18726986410141,2819.0,0.03785578525171987,0.0010224072253604722,window_1,0.0,0.002090393851469141,0.0006271181554407423
2024-01-05 10:28:00,2024-01-05,STK3,115.17629467733639,8189.0,0.019437447071075274,-9.528578701393457e-05,window_1,0.0,0.002090393851469141,0.0006271181554407423
2024-01-05 10:29:00,2024-01-05,STK3,115.23018903194838,5786.0,0.03294270063797946,0.0004678197829096571,window_1,0.0,0.002090393851469141,0.0006271181554407423
2024-01-06 09:30:00,2024-01-06,STK3,115.47106551060439,2528.0,0.03300626704321593,0.0,window_2,-0.0017889923178864757,0.0,-0.0012522946225205329
2024-01-06 09:31:00,2024-01-06,STK3,115.56170991191863,4909.0,0.019253788674932507,0.0007846887161316865,window_2,-0.005097963642582783,0.0,-0.0035685745498079476
2024-01-06 09:32:00,2024-01-06,STK3,115.46877482824782,5435.0,0.039828075374898485,-0.0008045266302248135,window_2,-0.0029402385882531246,0.0,-0.002058167011777187
2024-01-06 09:33:00,2024-01-06,STK3,115.49841470093548,1849.0,0.012798127159729817,0.0002566587307122617,window_2,-0.0017572003411709916,0.0,-0.001230040238819694
2024-01-06 09:34:00,2024-01-06,STK3,115.41599909905534,2200.0,0.033105608483325485,-0.0007138194972187111,window_2,-0.0009351156247754618,0.0,-0.0006545809373428232
2024-01-06 09:35:00,2024-01-06,STK3,115.35691414759764,1307.0,0.02807230759274343,-0.0005120614193191271,window_2,0.00018591880456033505,0.0,0.00013014316319223454
2024-01-06 09:36:00,2024-01-06,STK3,115.2361655744152,4132.0,0.018277715261224396,-0.0010472871463838105,window_2,0.0030884240066025937,0.0,0.0021618968046218153
2024-01-06 09:37:00,2024-01-06,STK3,115.281168888926,1880.0,0.011273738584842949,0.00039045493205388225,window_2,0.0009151715494787764,0.0,0.0006406200846351435
2024-01-06 09:38:00,2024-01-06,STK3,115.38626535251568,5163.0,0.02178205036305259,0.0009112380445689469,window_2,-0.0003844676475101919,0.0,-0.0002691273532571343
2024-01-06 09:39:00,2024-01-06,STK3,115.35636004017289,3386.0,0.03638235200463055,-0.00025920925931508323,window_2,-0.0008630765606616184,0.0,-0.0006041535924631329
2024-01-06 09:40:00,2024-01-06,STK3,115.36876545875509,8749.0,0.022779128944385475,0.00010753418005363443,window_2,-0.000880318553236817,0.0,-0.0006162229872657719
2024-01-06 09:41:00,2024-01-06,STK3,115.43282971158217,9043.0,0.025075361480054383,0.0005551456819448311,window_2,-0.0025674710823233053,0.0,-0.0017972297576263135
2024-01-06 09:42:00,2024-01-06,STK3,115.33946778542104,5209.0,0.025080379743882008,-0.0008091259849410398,window_2,-0.0017403472615715367,0.0,-0.0012182430831000756
2024-01-06 09:43:00,2024-01-06,STK3,115.36175139834512,3316.0,0.020557898290688985,0.00019318157981319835,window_2,-0.0005591589117068027,0.0,-0.0003914112381947619
2024-01-06 09:44:00,2024-01-06,STK3,115.30134387456712,5960.0,0.034717370831523896,-0.0005237727785412354,window_2,0.0002167697511555703,0.0,0.00015173882580889918
2024-01-06 09:45:00,2024-01-06,STK3,115.31264418068183,4720.0,0.0390931473649303,9.800191409938288e-05,window_2,0.0049394678205937495,0.0,0.0034576274744156244
2024-01-06 09:46:00,2024-01-06,STK3,115.26905970918851,5471.0,0.035144096644909126,-0.0003780392917314767,window_2,0.004365733092414782,0.0,0.003056013164690347
2024-01-06 09:47:00,2024-01-06,STK3,115.22854690454766,9708.0,0.025793802719050414,-0.0003515247351432931,window_2,0.006703893592465235,0.0,0.004692725514725664
2024-01-06 09:48:00,2024-01-06,STK3,115.32610656863389,3040.0,0.02752486447549888,0.0008463040623077297,window_2,0.005052080623642561,0.0,0.0035364564365497923
2024-01-06 09:49:00,2024-01-06,STK3,115.31515510911677,8364.0,0.03788796916021514,-9.496531059267175e-05,window_2,0.003688320119353491,0.0,0.0025818240835474436
2024-01-06 09:50:00,2024-01-06,STK3,115.62738751682414,4179.0,0.031631216640001764,0.0027039851072793867,window_2,-0.0001212222368131659,0.0,-8.485556576921613e-05
2024-01-06 09:51:00,2024-01-06,STK3,115.54713947162598,6074.0,0.02793568099618611,-0.0006942637622480689,window_2,-0.0003296526528260816,0.0,-0.0002307568569782571
2024-01-06 09:52:00,2024-01-06,STK3,115.65540807422563,1110.0,0.025367289133198814,0.0009365693558567879,window_2,-0.0029659508698521397,0.0,-0.0020761656088964975
2024-01-06 09:53:00,2024-01-06,STK3,115.64806318580176,1607.0,0.029887733546107624,-6.350867443826872e-05,window_2,-0.0004987117368495568,0.0,-0.0003490982157946898
2024-01-06 09:54:00,2024-01-06,STK3,115.550180318164,4598.0,0.03684185745144195,-0.0008467440928840201,window_2,0.0032935916561872927,0.0,0.0023055141593311046
2024-01-06 09:55:00,2024-01-06,STK3,115.6196421416483,9433.0,0.019697976530953138,0.000600959284699897,window_2,-0.000889867372023348,0.0,-0.0006229071604163435
2024-01-06 09:56:00,2024-01-06,STK3,115.52609125882331,4001.0,0.023279680454807744,-0.0008094537290973277,window_2,-0.0009646878304965061,0.0,-0.0006752814813475542
2024-01-06 09:57:00,2024-01-06,STK3,115.46585564671582,7462.0,0.013124544814086148,-0.0005215386447863833,window_2,-0.0005633166012823646,0.0,-0.0003943216208976552
2024-01-06 09:58:00,2024-01-06,STK3,115.61619279378158,3314.0,0.037670729156380096,0.0013011583486520308,window_2,-0.0028223175700577336,0.0,-0.0019756222990404133
2024-01-06 09:59:00,2024-01-06,STK3,115.76048058989286,5341.0,0.01342057574003653,0.0012472114211424504,window_2,-0.0041579603324930344,0.0,-0.002910572232745124
2024-01-06 10:00:00,2024-01-06,STK3,115.56278875282062,6893.0,0.0194415234239609,-0.0017092261039101555,window_2,0.0027710984077719395,0.0,0.0019397688854403575
2024-01-06 10:01:00,2024-01-06,STK3,115.46450748027881,9527.0,0.02357350704504274,-0.0008508196223826929,window_2,0.0009384372314194235,0.0,0.0006569060619935964
2024-01-06 10:02:00,2024-01-06,STK3,115.4299133701971,3769.0,0.03695126151818123,-0.00029965306405536565,window_2,0.0015124703321208115,0.0,0.0010587292324845678
2024-01-06 10:03:00,2024-01-06,STK3,115.43588105721936,2710.0,0.031158172284329544,5.169832142861464e-05,window_2,0.0005706732574299897,0.0,0.00039947128020099276
2024-01-06 10:04:00,2024-01-06,STK3,115.4945060198934,6319.0,0.029611914177307616,0.0005077284516382526,window_2,0.0009660195703310167,0.0,0.0006762136992317116
2024-01-06 10:05:00,2024-01-06,STK3,115.73974643246972,1348.0,0.029663781781600042,0.0021211434026336675,window_2,-0.004674896676880639,0.0,-0.003272427673816447
2024-01-06 10:06:00,2024-01-06,STK3,115.52438353677645,8191.0,0.03245543400679286,-0.001862484752624795,window_2,-0.004663754043015743,0.0,-0.00326462783011102
2024-01-06 10:07:00,2024-01-06,STK3,115.52638612648002,9548.0,0.014094116621335327,1.733462915130733e-05,window_2,-0.004669642965596284,0.0,-0.0032687500759173986
2024-01-06 10:08:00,2024-01-06,STK3,115.47228327100612,9448.0,0.026115179449804557,-0.0004684256978994578,window_2,-0.00479799139008508,0.0,-0.003358593973059556
2024-01-06 10:09:00,2024-01-06,STK3,115.55615795363146,4315.0,0.011818922265682154,0.0007260983614463345,window_2,-0.0059442624988922995,0.0,-0.0041609837492246095
2024-01-06 10:10:00,2024-01-06,STK3,115.4407582688532,5890.0,0.021577638743896448,-0.0009991448913310122,window_2,-0.00467255020218683,0.0,-0.0032707851415307806
2024-01-06 10:11:00,2024-01-06,STK3,115.22666302917631,3290.0,0.017856891236942063,-0.001856311567114457,window_2,-0.0005271812366448585,0.0,-0.00036902686565140093
2024-01-06 10:12:00,2024-01-06,STK3,115.22828451973655,3968.0,0.020361501795084763,1.4072082873504807e-05,window_2,0.0008778440979249774,0.0,0.0006144908685474841
2024-01-06 10:13:00,2024-01-06,STK3,115.16613157464373,4493.0,0.03315581622531777,-0.00053953518192114,window_2,0.004196404942800246,0.0,0.002937483459960172
2024-01-06 10:14:00,2024-01-06,STK3,115.17658913687605,3608.0,0.03898607876104529,9.080002361004777e-05,window_2,0.004056920316879352,0.0,0.002839844221815546
2024-01-06 10:15:00,2024-01-06,STK3,115.14269215905385,6287.0,0.03729392729552633,-0.0002943477235272498,window_2,0.004412943922724907,0.0,0.0030890607459074346
2024-01-06 10:16:00,2024-01-06,STK3,115.19309604051108,4164.0,0.022872966144077703,0.00043765567353430625,window_2,0.0037872346976279485,0.0,0.002651064288339564
2024-01-06 10:17:00,2024-01-06,STK3,115.28417990351677,1528.0,0.03960135737344599,0.0007903934769661723,window_2,0.0025102818174376094,0.0,0.0017571972722063265
2024-01-06 10:18:00,2024-01-06,STK3,115.43318713299587,1169.0,0.026860275241386032,0.001291686465658673,window_2,0.0005951115467858164,0.0,0.00041657808275007147
2024-01-06 10:19:00,2024-01-06,STK3,115.43479145874316,1835.0,0.0325455868083818,1.3898209332511191e-05,window_2,0.0016188981688789977,0.0,0.0011332287182152982
2024-01-06 10:20:00,2024-01-06,STK3,115.42347091194429,1728.0,0.03608085480635571,-9.807356853250759e-05,window_2,0.0026754718176722893,0.0,0.0018728302723706024
2024-01-06 10:21:00,2024-01-06,STK3,115.43416879101623,7510.0,0.028373179877595446,9.26794460290038e-05,window_2,0.000176900993103399,0.0,0.0001238306951723793
2024-01-06 10:22:00,2024-01-06,STK3,115.44409580381085,6317.0,0.03607161358831008,8.5993480747625e-05,window_2,-0.0018669635114624027,0.0,-0.0013068744580236819
2024-01-06 10:23:00,2024-01-06,STK3,115.47114733511386,8582.0,0.02668570890393368,0.0002342983603768977,window_2,-0.002453485321224332,0.0,-0.0017174397248570321
2024-01-06 10:24:00,2024-01-06,STK3,115.53805706690244,2401.0,0.029451930556100833,0.0005792819713209329,window_2,-0.0012782400544599747,0.0,-0.0008947680381219822
2024-01-06 10:25:00,2024-01-06,STK3,115.59411606728784,8743.0,0.01564312684364054,0.0004850817670641296,window_2,0.0,0.0,0.0
2024-01-06 10:26:00,2024-01-06,STK3,115.4454528176768,7340.0,0.016130786356349163,-0.0012869074405363746,window_2,0.0,0.0,0.0
2024-01-06 10:27:00,2024-01-06,STK3,115.32499710708183,7333.0,0.03664086274682653,-0.0010439440714686422,window_2,0.0,0.0,0.0
2024-01-06 10:28:00,2024-01-06,STK3,115.31459613632138,1749.0,0.01876934630289975,-9.019241337738836e-05,window_2,0.0,0.0,0.0
2024-01-06 10:29:00,2024-01-06,STK3,115.45644827762516,2798.0,0.031245534602773524,0.0012293757176501043,window_2,0.0,0.0,0.0
