timestamp,date,ticker,mid,alpha,target_position,position,trade,impact_cost,model_name,price_change,previous_position,trading_cashflow,inventory_pnl,pnl,cumulative_pnl
2024-01-02 09:30:00,2024-01-02,STK1,100.1114772136325,-0.0026821977777455996,-2554.471641213294,-2554.471641213294,-2554.471641213294,6.525325365762939,OW,0.0,0.0,255731.92950219507,0.0,-6.525325365762939,-6.525325365762939
2024-01-02 09:31:00,2024-01-02,STK1,99.91634661403135,0.0002556472966018877,243.4733839319084,243.4733839319083,2797.945025145202,7.828496363734786,OW,-0.19513059960114276,-2554.471641213294,-279560.4449394127,498.45558301406527,490.6270866503305,484.1017612845676
2024-01-02 09:32:00,2024-01-02,STK1,99.92912077657515,3.0277622663598303e-05,28.835803645518723,28.835803645518723,-214.63758028638958,0.04606929087119633,OW,0.012774162543792045,243.4733839319083,21448.54468363047,3.110168581433283,3.064099290562087,487.16586057512967
2024-01-02 09:33:00,2024-01-02,STK1,99.84391319498097,0.0002484812400319774,236.64857465085979,236.64857465085979,207.81277100534106,0.04318614779291832,OW,-0.08520758159417596,28.835803645518723,-20748.84026906573,-2.457029091959173,-2.5002152397520914,484.6656453353776
2024-01-02 09:34:00,2024-01-02,STK1,99.92160119409878,-0.00127982612986342,-1218.880867602431,-1218.880867602431,-1455.5294422532907,2.118565957266175,OW,0.07768799911781343,236.64857465085979,145438.83245510235,18.3847542587078,16.266188301441627,500.9318336368192
2024-01-02 09:35:00,2024-01-02,STK1,99.96832639753332,-0.0011977633224015797,-1140.7258873101832,-1140.7258873101832,78.15498029224773,0.00610820094448163,OW,0.04672520343453357,-1218.880867602431,-7813.022579448205,-56.952456501184365,-56.95856470212885,443.97326893469034
2024-01-02 09:36:00,2024-01-02,STK1,100.00519659381493,-0.0011191523367619514,-1065.858353241522,-1065.858353241522,74.86753406866114,0.005605147657522136,OW,0.03687019628161181,-1140.7258873101832,-7487.142463030595,-42.05878736864225,-42.06439251629977,401.90887641839055
2024-01-02 09:37:00,2024-01-02,STK1,100.00020386790585,-0.0015705738958637875,-1495.7832381719518,-1495.7832381719518,-429.9248849304297,0.18483540668244322,OW,-0.004992725909076512,-1065.858353241522,42992.57614092893,5.321538615634572,5.136703208952129,407.0455796273427
2024-01-02 09:38:00,2024-01-02,STK1,99.9321339526841,7.247226558767421e-05,69.02113958717584,69.02113958717587,1564.8043777591276,2.4486127406541303,OW,-0.06806991522175565,-1495.7832381719518,-156374.24068797164,101.8178382124879,99.36922547183377,506.4148050991765
2024-01-02 09:39:00,2024-01-02,STK1,99.88933940508599,0.0004710798369333886,448.64703646319253,448.64703646319253,379.62589687601667,0.14411582157892003,OW,-0.04279454759810619,69.02113958717587,-37920.5800600086,-2.953728443338929,-3.0978442649178493,503.3169608342586
2024-01-02 09:40:00,2024-01-02,STK1,99.94252557247702,0.0006210858343568765,591.5097550924966,591.5097550924966,142.86271862930403,0.02040975637415569,OW,0.05318616739103277,448.64703646319253,-14278.060909962807,23.86181638082214,23.841406624447984,527.1583674587066
2024-01-02 09:41:00,2024-01-02,STK1,99.98559218792242,0.0007635621059262426,727.2013130713615,727.2013130713615,135.69155797886492,0.01841219890673166,OW,0.04306661544539736,591.5097550924966,-13567.20077941862,25.47432315476972,25.45591095586299,552.6142784145696
2024-01-02 09:42:00,2024-01-02,STK1,99.94496479818498,0.001427240304272869,1359.2751857120793,1359.2751857120793,632.0738726407178,0.3995173804750343,OW,-0.040627389737437625,727.2013130713615,-63172.600950929,-29.544291163726598,-29.943808544201634,522.670469870368
2024-01-02 09:43:00,2024-01-02,STK1,100.00654780487594,0.0017514649417581893,1668.060260664694,1668.060260664694,308.78507495261465,0.09534822251349184,OW,0.0615830066909524,1359.2751857120793,-30880.529359680855,83.70825285655255,83.61290463403905,606.2833745044071
2024-01-02 09:44:00,2024-01-02,STK1,99.99515296222373,0.0019819146639193748,1887.5359775079976,1887.5359775079976,219.47571684330364,0.04816959028388199,OW,-0.011394842652208581,1668.060260664694,-21946.507877239852,-19.007284204676218,-19.0554537949601,587.2279207094471
2024-01-02 09:45:00,2024-01-02,STK1,100.0602302546715,0.0019574053436251576,1864.193789934636,1864.193789934636,-23.34218757336157,0.0005448577207099953,OW,0.06507729244776783,1887.5359775079976,2335.6246632382904,122.83573081397128,122.83518595625057,710.0631066656977
2024-01-02 09:46:00,2024-01-02,STK1,100.11459315820697,0.0006712828117739782,639.3163547215462,639.3163547215461,-1224.87743521309,1.5003247312941972,OW,0.0543629035354769,1864.193789934636,122628.10609502652,101.34298717365171,99.84266244235751,809.9057691080552
2024-01-02 09:47:00,2024-01-02,STK1,100.12627579210196,0.00017441895413891108,166.11313145312346,166.11313145312346,-473.2032232684226,0.22392129051162463,OW,0.011682633894992023,639.3163547215461,47380.07643868568,7.4688989152926775,7.244977624781053,817.1507467328363
2024-01-02 09:48:00,2024-01-02,STK1,100.21356673865344,0.00029721250065719803,283.05925485518395,283.05925485518395,116.9461234020605,0.01367639577876996,OW,0.08729094655147662,166.11313145312346,-11719.58814237919,14.50017247917301,14.48649608339424,831.6372428162306
2024-01-02 09:49:00,2024-01-02,STK1,100.22033930708315,-0.00021298532354111952,-202.84297209347375,-202.84297209347375,-485.9022269486577,0.23610097415366485,OW,0.006772568429710191,283.05925485518395,48697.2860548618,1.9170381731695099,1.680937199015845,833.3181800152464
2024-01-02 09:50:00,2024-01-02,STK1,100.28362720162677,-0.00011166498820861588,-106.34750653438986,-106.34750653438986,96.49546555908388,0.009311374873464343,OW,0.06328789454362038,-202.84297209347375,-9676.915294774584,-12.837504626766298,-12.846816001639763,820.4713640136066
2024-01-02 09:51:00,2024-01-02,STK1,100.23646761787663,4.253653800880691e-05,40.51094999795897,40.510949997958974,146.85845653234884,0.021567406255063794,OW,-0.04715958375014395,-106.34750653438986,-14720.572922616127,5.01530414102754,4.993736734772477,825.4651007483791
2024-01-02 09:52:00,2024-01-02,STK1,100.20889212428689,0.00014882113730691924,141.73428149775023,141.73428149775023,101.22333149979126,0.010246162839916632,OW,-0.027575493589736766,40.510949997958974,-10143.477906723514,-1.1171094419828644,-1.127355604822781,824.3377451435563
2024-01-02 09:53:00,2024-01-02,STK1,100.30596921670744,-0.002512729246876869,-2393.0731940987384,-2393.0731940987384,-2534.8074755964885,6.425248938339842,OW,0.09707709242054818,141.73428149775023,254256.32061746126,13.759151944117091,7.333903005777249,831.6716481493336
2024-01-02 09:54:00,2024-01-02,STK1,100.27238387312683,-0.0019087247117736165,-1817.8313275640849,-1817.8313275640849,575.2418665346536,0.3309032050142722,OW,-0.03358534358061149,-2393.0731940987384,-57680.873261056775,80.3721854373575,80.04128223234324,911.7129303816769
2024-01-02 09:55:00,2024-01-02,STK1,100.3437256248243,-0.003348917155839953,-3189.4418727600764,-3189.4418727600764,-1371.6105451959916,1.8813154876928453,OW,0.07134175169747436,-1817.8313275640849,137632.51221126225,-129.68727119896712,-131.56858668665998,780.1443436950169
2024-01-02 09:56:00,2024-01-02,STK1,100.30873935250584,-0.00329913012174697,-3142.025694972643,-3142.025694972643,47.4161777874333,0.0022482939159694827,OW,-0.03498627231846285,-3189.4418727600764,-4756.257018771724,111.58668190429218,111.58443361037621,891.7287773053931
2024-01-02 09:57:00,2024-01-02,STK1,100.289551692244,-0.003894017780283251,-3708.5848301889723,-3708.5848301889723,-566.5591352163292,0.32098925369707476,OW,-0.01918766026183505,-3142.025694972643,56819.96167799111,60.28812156909124,59.96713231539417,951.6959096207872
2024-01-02 09:58:00,2024-01-02,STK1,100.1759592042278,-0.003973065892649831,-3783.868675029673,-3783.868675029673,-75.28384484070057,0.005667657293998677,OW,-0.11359248801620936,-3708.5848301889723,7541.631369499435,421.26737788033665,421.26171022304266,1372.95761984383
2024-01-02 09:59:00,2024-01-02,STK1,100.19022785504147,-0.00474597829544139,-4519.975024253681,-4519.975024253681,-736.1063492240082,0.5418525573678976,OW,0.014268650813676231,-3783.868675029673,73750.66285429611,-53.99070084880614,-54.53255340617404,1318.425066437656
2024-01-02 10:00:00,2024-01-02,STK1,100.14743045835488,-0.003641996877121966,-3468.5651510064904,-3468.5651510064904,1051.4098732471907,1.1054627215616735,OW,-0.04279739668659488,-4519.975024253681,-105295.99716425074,193.4431641264861,192.33770140492442,1510.7627678425804
2024-01-02 10:01:00,2024-01-02,STK1,100.11645498860491,-0.0033754401458769368,-3214.7018392143787,-3214.7018392143787,253.86331179211174,0.06444658107405894,OW,-0.03097546974996135,-3468.5651510064904,-25415.89482829313,107.44043491077166,107.37598832969759,1618.138756172278
2024-01-02 10:02:00,2024-01-02,STK1,100.05020723789154,-0.00467116661360095,-4448.725871309599,-4448.725871309599,-1234.0240320952203,1.5228153117885452,OW,-0.06624775071337297,-3214.7018392143787,123464.36014766531,212.96676606209573,211.44395075030718,1829.5827069225852
2024-01-02 10:03:00,2024-01-02,STK1,99.93063474254168,-0.004831377042347293,-4601.307086704958,-4601.307086704958,-152.58121539535932,0.023281027291525033,OW,-0.11957249534985692,-4448.725871309599,15247.53770424673,531.9452535599552,531.9219725326636,2361.504679455249
2024-01-02 10:04:00,2024-01-02,STK1,99.88373807629912,-0.00538193982461477,-5125.6520942501675,-5125.6520942501675,-524.3450075452092,0.2749376869375855,OW,-0.04689666624256006,-4601.307086704958,52373.53939526077,215.7859627247288,215.5110250377912,2577.01570449304
2024-01-02 10:05:00,2024-01-02,STK1,99.92834923872475,-0.004305154254206514,-4100.143003870009,-4100.143003870009,1025.5090903801583,1.0516688944523398,OW,0.044611162425624684,-5125.6520942501675,-102477.4305309954,-228.66129811383755,-229.7129670082899,2347.30273748475
2024-01-02 10:06:00,2024-01-02,STK1,99.91850823143989,-0.005359768103814532,-5104.536189788898,-5104.536189788898,-1004.3931859188888,1.0088056719202954,OW,-0.009841007284862258,-4100.143003870009,100357.46881483862,40.34953717006178,39.34073149814149,2386.6434689828916
2024-01-02 10:07:00,2024-01-02,STK1,99.75005445081058,-0.0044287277066078655,-4217.831894072354,-4217.831894072354,886.704295716544,0.7862445080421724,OW,-0.1684537806293065,-5104.536189788898,-88448.80177949292,859.878419529055,859.0921750210128,3245.7356440039043
2024-01-02 10:08:00,2024-01-02,STK1,99.61820231206588,-0.004939747182070665,-4704.516645289543,-4704.516645289543,-486.68475121718893,0.23686204706733707,OW,-0.13185213874470492,-4217.831894072354,48482.660008951374,556.1301560990695,555.8932940520021,3801.6289380559065
2024-01-02 10:09:00,2024-01-02,STK1,99.52804094211594,-0.003495380624953159,-3328.930758116572,-3328.930758116572,1375.5858871729706,1.8922365329894486,OW,-0.09016136994993929,-4704.516645289543,-136909.36849794828,424.1656656915978,422.27342915860834,4223.902367214515
2024-01-02 10:10:00,2024-01-02,STK1,99.65743462709837,-0.005045663523862651,-4805.389255688948,-4805.389255688948,-1476.4584975723756,2.1799296950536764,OW,0.12939368498243198,-3328.930758116572,147140.06620144288,-430.7426178440642,-432.9225475391179,3790.9798196753973
2024-01-02 10:11:00,2024-01-02,STK1,99.56443610347414,-0.003572244668626339,-3402.134539515999,-3402.134539515999,1403.2547161729485,1.9691237984616223,OW,-0.09299852362423167,-4805.389255688948,-139714.26452530027,446.8941062188176,444.924982420356,4235.904802095753
2024-01-02 10:12:00,2024-01-02,STK1,99.46989260960406,-0.0026735925904824284,-2546.2762325773297,-2546.2762325773297,855.8583069386696,0.7324934415559259,OW,-0.0945434938700771,-3402.134539515999,-85132.133880227,321.6496859819085,320.9171925403526,4556.821994636106
2024-01-02 10:13:00,2024-01-02,STK1,99.29822453817255,-0.00025950589661701744,-247.14823758931414,-247.14823758931425,2299.1279949880154,5.285989537337612,OW,-0.17166807143151175,-2546.2762325773297,-228299.3278883184,437.11433017844564,431.828340641108,4988.650335277214
2024-01-02 10:14:00,2024-01-02,STK1,99.32183406769532,0.0004978244404969662,474.1180632180029,474.1180632180028,721.2663008073171,0.5202250766802712,OW,0.023609529522772732,-247.14823758931425,-71637.49184740476,-5.835053611866164,-6.355278688546435,4982.295056588668
2024-01-02 10:15:00,2024-01-02,STK1,99.32899836106722,0.0022632562164934143,2155.4800581079585,2155.4800581079585,1681.3619948899557,2.826978157860331,OW,0.007164293371900499,474.1180632180028,-167008.00283478512,3.396720897811039,0.569742739950708,4982.864799328619
2024-01-02 10:16:00,2024-01-02,STK1,99.35211254503963,0.0007919673770123612,754.2539264366046,754.2539264366046,-1401.2261316713539,1.9634346720786662,OW,0.023114183972410274,2155.4800581079585,139214.77633486287,49.82216261196894,47.85872793989027,5030.723527268508
2024-01-02 10:17:00,2024-01-02,STK1,99.32833490357031,-0.0006498425972237679,-618.8971222158531,-618.897122215853,-1373.1510486524576,1.885543802415344,OW,-0.02377764146932293,754.2539264366046,136392.80723374008,-17.934379439638658,-19.819923242054003,5010.903604026455
2024-01-02 10:18:00,2024-01-02,STK1,99.34614365016877,-0.0027387615353840437,-2608.3418352782937,-2608.3418352782937,-1989.4447130624408,3.957890266332097,OW,0.017808746598461767,-618.897122215853,197643.66024797002,-11.021782020059348,-14.979672286391445,4995.923931740063
2024-01-02 10:19:00,2024-01-02,STK1,99.42914338415116,-0.0033983603661250803,-3236.5305996137913,-3236.5305996137913,-628.1887643354976,0.3946211236373593,OW,0.08299973398239047,-2608.3418352782937,62460.27072142693,-216.49167846323851,-216.88629958687588,4779.037632153188
2024-01-02 10:20:00,2024-01-02,STK1,99.57474484067198,-0.0015631671918150147,-1488.7292410340701,-1488.7292410340701,1747.8013585797212,3.054809589053119,OW,0.14560145652082213,-3236.5305996137913,-174036.87431275556,-471.2435693779778,-474.2983789670309,4304.739253186157
2024-01-02 10:21:00,2024-01-02,STK1,99.48252400913088,-0.0016428798399876327,-1564.6459765158631,-1564.6459765158631,-75.91673548179301,0.00576335072621253,OW,-0.09222083154109839,-1488.7292410340701,7552.388460262312,137.29184854771023,137.286085196984,4442.0253383831405
2024-01-02 10:22:00,2024-01-02,STK1,99.34566202601752,-0.0009289772086136426,-884.7393560707491,-884.7393560707491,679.9066204451141,0.4622730125250964,OW,-0.13686198311336284,-1564.6459765158631,-67545.77332399208,214.14055121630517,213.67827820378008,4655.70361658692
2024-01-02 10:23:00,2024-01-02,STK1,99.19965120411783,0.00015922948861442137,151.64698758803218,151.64698758803218,1036.3863436587812,1.0740966533224174,OW,-0.1460108218996936,-884.7393560707491,-102809.16380366209,129.18152054689574,128.10742389357333,4783.811040480494
2024-01-02 10:24:00,2024-01-02,STK1,99.23075654415518,-3.912205667732434e-05,-37.25906611262689,-37.2590661126269,-188.90605370065907,0.035685497124756285,OW,0.031105340037356655,151.64698758803218,18745.290624487207,4.717031114566545,4.681345617441789,4788.492386097935
2024-01-02 10:25:00,2024-01-02,STK1,99.52032299464588,-0.0008708220413401024,-829.353535225302,-829.353535225302,-792.0944691126751,0.6274136479988907,OW,0.28956645049069607,-37.2590661126269,78829.49740836599,-10.788975522831548,-11.416389170830438,4777.075996927105
2024-01-02 10:26:00,2024-01-02,STK1,99.42189254969533,-0.0008708220413401024,-829.353535225302,-829.353535225302,0.0,0.0,OW,-0.09843044495055153,-829.353535225302,-0.0,81.6336374935394,81.6336374935394,4858.709634420644
2024-01-02 10:27:00,2024-01-02,STK1,99.34110125120091,-0.0008708220413401024,-829.353535225302,-829.353535225302,0.0,0.0,OW,-0.08079129849441813,-829.353535225302,-0.0,67.00454902178829,67.00454902178829,4925.714183442432
2024-01-02 10:28:00,2024-01-02,STK1,99.28031348700583,-0.0008708220413401024,-829.353535225302,-829.353535225302,0.0,0.0,OW,-0.06078776419508358,-829.353535225302,-0.0,50.414547133634606,50.414547133634606,4976.128730576066
2024-01-02 10:29:00,2024-01-02,STK1,99.29590654241595,-0.0008708220413401024,0.0,0.0,829.353535225302,0.6878272863907063,OW,0.015593055410121792,-829.353535225302,-82351.41112435386,-12.93215562934853,-13.619982915739238,4962.508747660327
2024-01-03 09:30:00,2024-01-03,STK1,99.007676328976,-0.0011113019424855257,-1058.381794384506,-1058.381794384506,-1058.381794384506,1.1201720226845668,OW,-0.28823021343994526,0.0,104787.922130902,-0.0,-1.1201720226845668,4961.388575637642
2024-01-03 09:31:00,2024-01-03,STK1,99.035470374076,-0.00028705360285263945,-273.38412330334876,-273.3841233033488,784.9976710811573,0.6162213436028408,OW,0.027794045099994946,-1058.381794384506,-77742.6135980766,-29.41671132613654,-30.03293266973938,4931.355642967903
2024-01-03 09:32:00,2024-01-03,STK1,99.04837301301214,-0.0005036979535078302,-479.7118798056671,-479.7118798056671,-206.32775650231827,0.04257114310327993,OW,0.012902638936139965,-273.3841233033488,20436.42858897956,-3.5273766338562775,-3.5699477769595576,4927.785695190943
2024-01-03 09:33:00,2024-01-03,STK1,98.93107576987983,0.0015637399215996217,1489.2746974523088,1489.2746974523088,1968.986577257976,3.876908141422079,OW,-0.11729724313231316,-479.7118798056671,-194793.96026458516,56.26888099902432,52.39197285760224,4980.1776680485455
2024-01-03 09:34:00,2024-01-03,STK1,98.85935438539116,0.0008627579120712098,821.673419426467,821.673419426467,-667.6012780258418,0.4456914664217373,OW,-0.0717213844886686,1489.2746974523088,65998.63133249675,-106.81284318522265,-107.25853465164438,4872.919133396901
2024-01-03 09:35:00,2024-01-03,STK1,98.94228164868055,0.001802122273168219,1716.3052922504064,1716.3052922504064,894.6318728239394,0.8003661878724692,OW,0.08292726328939182,821.673419426467,-88516.91873283277,68.1391279906735,67.33876180280103,4940.257895199702
2024-01-03 09:36:00,2024-01-03,STK1,99.03449655388631,0.0009830314221681525,936.2195104272782,936.2195104272782,-780.0857818231282,0.6085338270026011,OW,0.09221490520576481,1716.3052922504064,77255.40267169829,158.2689298290237,157.66039600202112,5097.918291201723
2024-01-03 09:37:00,2024-01-03,STK1,99.03045973990815,0.0013129460360047464,1250.4236053153725,1250.4236053153725,314.20409488809423,0.09872421324444652,OW,-0.0040368139781605805,936.2195104272782,-31115.775968929698,-3.779344006319492,-3.8780682195639384,5094.040222982159
2024-01-03 09:38:00,2024-01-03,STK1,99.07464432912394,0.0012909836062040948,1229.5070254257805,1229.5070254257805,-20.916579889591958,0.0004375033142776827,OW,0.044184589215788606,1250.4236053153725,2072.30271314303,55.24945334658511,55.24901584327083,5149.28923882543
2024-01-03 09:39:00,2024-01-03,STK1,98.94811398463415,0.003145598169110308,2995.804926957506,2995.804926957506,1766.2979015317253,3.1198082769553763,OW,-0.12653034448979383,1229.5070254257805,-174771.84609158125,-155.5699474797457,-158.6897557567011,4990.59948306873
2024-01-03 09:40:00,2024-01-03,STK1,99.10448551623165,0.0032368478592647676,3082.709311005197,3082.709311005197,86.90438404769111,0.007552371966708589,OW,0.15637153159750028,2995.804926957506,-8612.614270151436,468.4586047956826,468.4510524237159,5459.050535492445
2024-01-03 09:41:00,2024-01-03,STK1,99.13281621737865,0.002645864698202406,2519.868741270157,2519.868741270157,-562.8405697350399,0.31678950693966434,OW,0.02833070114699865,3082.709311005197,55795.9707592284,87.33531621315835,87.01852670621868,5546.069062198664
2024-01-03 09:42:00,2024-01-03,STK1,99.15456660830802,0.0009628247837948736,916.9751112569164,916.9751112569165,-1602.8936300132405,2.5692679891370225,OW,0.0217503909293697,2519.868741270157,158934.22320318047,54.80813021332467,52.23886222418764,5598.307924422852
2024-01-03 09:43:00,2024-01-03,STK1,99.19708888234217,0.0012349312918216227,1176.1239197120983,1176.1239197120983,259.1488084551818,0.0671581049237405,OW,0.042522274034155316,916.9751112569165,-25706.807386081735,38.99186696336666,38.92470885844292,5637.2326332812945
2024-01-03 09:44:00,2024-01-03,STK1,99.21526687046342,0.0007953229024653789,757.4496619197305,757.4496619197305,-418.6742577923678,0.17528813413799005,OW,0.018177988121252042,1176.1239197120983,41538.878218662976,21.379566641646914,21.204278507508924,5658.436911788804
2024-01-03 09:45:00,2024-01-03,STK1,99.37919940901305,0.00048670924155788106,463.5321695482967,463.5321695482967,-293.9174923714338,0.08638749232191184,OW,0.16393253854963064,757.4496619197305,29209.285084177794,124.17064590206091,124.084258409739,5782.521170198543
2024-01-03 09:46:00,2024-01-03,STK1,99.36136053457675,-0.0018821899346073362,-1792.5601352830486,-1792.5601352830486,-2256.0923048313452,5.089952487919211,OW,-0.017838874436307606,463.5321695482967,224168.40089963152,-8.268892169761312,-13.358844657680523,5769.162325540862
2024-01-03 09:47:00,2024-01-03,STK1,99.25142383313803,-0.0015483759331885946,-1474.642341472622,-1474.642341472622,317.9177938104265,0.10107172362128883,OW,-0.1099367014387127,-1792.5601352830486,-31553.793697574827,197.06814840355096,196.96707667992968,5966.129402220792
2024-01-03 09:48:00,2024-01-03,STK1,99.31529547646784,-0.002784733506747752,-2652.124623450599,-2652.124623450599,-1177.4822819779768,1.3864645243720635,OW,0.06387164332980433,-1474.642341472622,116942.00075294838,-94.18782967356684,-95.5742941979389,5870.555108022853
2024-01-03 09:49:00,2024-01-03,STK1,99.29906442316867,-0.004254152464933078,-4051.569917488724,-4051.569917488724,-1399.4452940381252,1.9584471310054548,OW,-0.01623105329916541,-2652.124623450599,138963.60840939204,43.04677611925566,41.088328988250204,5911.643437011104
2024-01-03 09:50:00,2024-01-03,STK1,99.4389244573317,-0.005414085202661572,-5156.266710852249,-5156.266710852249,-1104.696793363525,1.2203550052676546,OW,0.1398600341630214,-4051.569917488724,109849.86098353214,-566.6527070738427,-567.8730620791104,5343.7703749319935
2024-01-03 09:51:00,2024-01-03,STK1,99.2352663870344,-0.0032390510807930777,-3084.80761522425,-3084.80761522425,2071.459095627999,4.2909427848599675,OW,-0.2036580702972941,-5156.266710852249,-205561.79516448986,1050.115328270345,1045.824385485485,6389.594760417478
2024-01-03 09:52:00,2024-01-03,STK1,99.15162347660936,-0.00048014866405918905,-457.2840064525549,-457.2840064525549,2627.5236087716953,6.903880314652633,OW,-0.08364291042504135,-3084.80761522425,-260523.23153283296,258.0222870386874,251.11840672403477,6640.713167141513
2024-01-03 09:53:00,2024-01-03,STK1,99.11850012897388,-0.0009383339307953726,-893.6505115665343,-893.6505115665343,-436.36650511397943,0.19041572678538862,OW,-0.03312334763548108,-457.2840064525549,43251.99349341985,15.146777113873549,14.95636138708816,6655.6695285286005
2024-01-03 09:54:00,2024-01-03,STK1,98.98711722413567,0.0009660151445150434,920.0135471442821,920.013547144282,1813.6640587108163,3.2893773178593912,OW,-0.1313829048382047,-893.6505115665343,-179529.37678480925,117.41040011975892,114.12102280189953,6769.7905513305
2024-01-03 09:55:00,2024-01-03,STK1,99.03548564864326,0.00046141545266233764,439.44286973282664,439.44286973282664,-480.5706774114554,0.23094817598770512,OW,0.04836842450758638,920.013547144282,47593.55042594096,44.49960580100497,44.26865762501726,6814.0592089555175
2024-01-03 09:56:00,2024-01-03,STK1,99.0030397007315,0.003258742403776851,3103.5612383005837,3103.5612383005837,2664.118368567757,7.097526681740127,OW,-0.03244594791175359,439.44286973282664,-263755.8166107617,-14.258140461542812,-21.35566714328294,6792.703541812235
2024-01-03 09:57:00,2024-01-03,STK1,99.13553475822916,0.0011964490435050462,1139.474194315097,1139.474194315097,-1964.0870439854866,3.8576379163516465,OW,0.13249505749764978,3103.5612383005837,194710.81941721076,411.206524716113,407.3488867997614,7200.052428611996
2024-01-03 09:58:00,2024-01-03,STK1,99.06656611715191,0.0024799867326769837,2361.8898769401017,2361.8898769401017,1222.4156826250046,1.494300101127556,OW,-0.0689686410772481,1139.474194315097,-121100.5240454134,-78.58798672450438,-80.08228682563193,7119.970141786364
2024-01-03 09:59:00,2024-01-03,STK1,99.08406017788877,0.0013307509824777338,1267.3806810448123,1267.3806810448123,-1094.5091958952894,1.197950379899353,OW,0.017494060736865436,2361.8898769401017,108448.4150313415,41.31904496097777,40.12109458107842,7160.091236367442
2024-01-03 10:00:00,2024-01-03,STK1,99.09302667853929,0.0010096945670521578,961.6129575611432,961.6129575611432,-305.7677234836691,0.09349390072438553,OW,0.00896650065051574,1267.3806810448123,30299.449180603446,11.363969701039391,11.270475800315005,7171.361712167757
2024-01-03 10:01:00,2024-01-03,STK1,99.2791835307735,-0.002037941765505965,-1940.8950710579945,-1940.8950710579948,-2902.508028619138,8.424552856198552,OW,0.18615685223420542,961.6129575611432,288158.62727282295,179.01084124720697,170.58628839100842,7341.948000558766
2024-01-03 10:02:00,2024-01-03,STK1,99.25065644457986,-0.0017936186071144072,-1708.2065703884161,-1708.2065703884161,232.68850066957862,0.05414393834385649,OW,-0.028527086193633977,-1940.8950710579948,-23094.48643856074,55.36808098487076,55.3139370465269,7397.261937605293
2024-01-03 10:03:00,2024-01-03,STK1,99.2819853918896,-0.0040471136379936126,-3854.3902700984213,-3854.3902700984218,-2146.1836997100054,4.606104472900926,OW,0.03132894730974556,-1708.2065703884161,213077.37872292034,-53.51631363785986,-58.12241811076078,7339.139519494532
2024-01-03 10:04:00,2024-01-03,STK1,99.20962688187663,-0.004511435517124198,-4296.601162402891,-4296.601162402891,-442.21089230446887,0.19555047327271455,OW,-0.07235851001297533,-3854.3902700984218,43871.57762862809,278.89793695283134,278.70238647955864,7617.84190597409
2024-01-03 10:05:00,2024-01-03,STK1,99.19349016907518,-0.0006323665102145189,-602.2532456774031,-602.2532456774034,3694.3479167254873,13.648206529813946,OW,-0.016136712801454678,-4296.601162402891,-366455.26375885296,69.33301898009178,55.68481245027783,7673.526718424368
2024-01-03 10:06:00,2024-01-03,STK1,99.14098712425903,0.00047115477185827483,448.71840299035415,448.7184029903542,1050.9716486677576,1.1045414063034242,OW,-0.05250304481614876,-602.2532456774034,-104194.36668853143,31.620129148471758,30.515587742168332,7704.042306166536
2024-01-03 10:07:00,2024-01-03,STK1,99.13164228202284,-0.0006597201953896107,-628.3043496050105,-628.3043496050104,-1077.0227525953646,1.1599780096080958,OW,-0.00934484223618881,448.7184029903542,106767.03423988327,-4.193202684419454,-5.35318069402755,7698.689125472509
2024-01-03 10:08:00,2024-01-03,STK1,98.98631830203625,0.001751001077514701,1667.6184856154432,1667.6184856154432,2295.9228352204536,5.271261665286726,OW,-0.14532397998658553,-628.3043496050104,-227264.94856404536,91.30768872748317,86.03642706219644,7784.7255525347055
2024-01-03 10:09:00,2024-01-03,STK1,98.87781105112954,0.002973394565613893,2831.801651249754,2831.801651249754,1164.1831656343106,1.3553224431463247,OW,-0.10850725090671176,1667.6184856154432,-115111.88308049522,-180.9486974353456,-182.3040198784919,7602.4215326562135
2024-01-03 10:10:00,2024-01-03,STK1,99.1654753735601,-0.001048037212019987,-998.1297275145329,-998.129727514533,-3829.931378764287,14.66837436604331,OW,0.2876643224305582,2831.801651249754,379796.965823275,814.6083032644963,799.939928898453,8402.361461554667
2024-01-03 10:11:00,2024-01-03,STK1,99.19935167712603,-0.0021829808209311075,-2079.0273732416517,-2079.0273732416517,-1080.8976457271187,1.1683397205384278,OW,0.03387630356593263,-998.129727514533,107224.34568546203,-33.81294564746394,-34.98128536800237,8367.380176186663
2024-01-03 10:12:00,2024-01-03,STK1,99.10150438333623,-0.0007373183430062565,-702.2072769514091,-702.2072769514091,1376.8200962902426,1.895633577548673,OW,-0.09784729378979762,-2079.0273732416517,-136444.9428075729,203.42720218660713,201.53156860905847,8568.911744795721
2024-01-03 10:13:00,2024-01-03,STK1,99.14459972288769,-0.0012204635019079635,-1162.3450852979793,-1162.3450852979793,-460.1378083465702,0.21172680266998495,OW,0.04309533955145639,-702.2072769514091,45620.17882588751,-30.26186103572455,-30.473587838394536,8538.438156957327
2024-01-03 10:14:00,2024-01-03,STK1,99.13133278636721,-0.000650311650014894,-619.3438387343383,-619.3438387343383,543.001246563641,0.294850353769668,OW,-0.013266936520480499,-1162.3450852979793,-53828.43727651253,15.420758461540782,15.125908107771114,8553.564065065098
2024-01-03 10:15:00,2024-01-03,STK1,99.10492895642615,0.003256801802685598,3101.7130485452853,3101.7130485452853,3721.056887279624,13.846264358371123,OW,-0.026403829941060053,-619.3438387343383,-368775.07845666737,16.35304939298479,2.5067850346136673,8556.070850099712
2024-01-03 10:16:00,2024-01-03,STK1,99.04990857043046,0.004452941205487668,4240.892347233638,4240.892347233638,1139.179298688353,1.2977294745600876,OW,-0.05502038599568948,3101.7130485452853,-112835.60538040845,-170.65744917882833,-171.95517865338843,8384.115671446323
2024-01-03 10:17:00,2024-01-03,STK1,99.06530502762469,0.0028419032109530027,2706.571908934375,2706.571908934375,-1534.320438299263,2.354139207382843,OW,0.015396457194228219,4240.892347233638,151997.9222302353,65.29471748951275,62.940578282129906,8447.056249728454
2024-01-03 10:18:00,2024-01-03,STK1,99.07057101830287,0.003384246376202367,3223.088717251095,3223.088717251095,516.51680831672,0.2667896132736913,OW,0.005265990678182675,2706.571908934375,-51171.61514048874,14.252782442279507,13.985992829005816,8461.04224255746
2024-01-03 10:19:00,2024-01-03,STK1,99.10193124793544,0.0041606461366449615,3962.516356312957,3962.516356312957,739.427639061862,0.5467532334085993,OW,0.03136022963256835,3223.088717251095,-73278.70704913187,101.0768022991345,100.5300490657259,8561.572291623186
2024-01-03 10:20:00,2024-01-03,STK1,99.38120515928324,-9.190693474378953e-06,-8.753033067948463,-8.753033067948309,-3971.2693893809055,15.770980563033788,OW,0.27927391134780066,3962.516356312957,394669.53792884527,1106.6274416071549,1090.856461044121,9652.428752667307
2024-01-03 10:21:00,2024-01-03,STK1,99.41955845345021,-0.0004315250383391401,-410.97583558409957,-410.97583558409957,-402.22280251615126,0.16178318286394683,OW,0.03835329416696709,-8.753033067948309,39988.81342606506,-0.3357076521082119,-0.49749083497215874,9651.931261832335
2024-01-03 10:22:00,2024-01-03,STK1,99.3090244871116,0.0006587830869465806,627.4118662235376,627.4118662235376,1038.387701807637,1.0782490192653462,OW,-0.11053396633860757,-410.97583558409957,-103121.26970593017,45.42678917643398,44.34854015716863,9696.279801989504
2024-01-03 10:23:00,2024-01-03,STK1,99.35671850918511,0.001916144523215356,1824.8978079214744,1824.8978079214744,1197.4859416979368,1.4339725805641945,OW,0.047694022073514475,627.4118662235376,-118978.27362798837,29.923795396850313,28.489822816286118,9724.76962480579
2024-01-03 10:24:00,2024-01-03,STK1,99.448908496995,0.0009636047298634237,917.7179163290547,917.7179163290547,-907.1798915924197,0.8229753557096343,OW,0.09218998780988841,1824.8978079214744,90218.0500292884,168.2373066665728,167.41433131086316,9892.183956116653
2024-01-03 10:25:00,2024-01-03,STK1,99.40202692334596,-0.00027459737358619395,-261.52105910965224,-261.52105910965213,-1179.2389754387068,1.3906045611937308,OW,-0.04688157364904555,917.7179163290547,117218.74438561723,-43.0240600834292,-44.41466464462293,9847.76929147203
2024-01-03 10:26:00,2024-01-03,STK1,99.40724236626633,-0.00027459737358619395,-261.52105910965224,-261.52105910965224,-1.1368683772161603e-13,1.2924697071141057e-32,OW,0.005215442920373903,-261.52105910965213,1.1301295031247074e-11,-1.36394815626212,-1.36394815626212,9846.405343315768
2024-01-03 10:27:00,2024-01-03,STK1,99.38219714550715,-0.00027459737358619395,-261.52105910965224,-261.52105910965224,0.0,0.0,OW,-0.02504522075918203,-261.52105910965224,-0.0,6.549852658576333,6.549852658576333,9852.955195974344
2024-01-03 10:28:00,2024-01-03,STK1,99.52854489923054,-0.00027459737358619395,-261.52105910965224,-261.52105910965224,0.0,0.0,OW,0.14634775372338993,-261.52105910965224,-0.0,-38.27301955205949,-38.27301955205949,9814.682176422284
2024-01-03 10:29:00,2024-01-03,STK1,99.54611447426488,-0.00027459737358619395,0.0,0.0,261.52105910965224,0.06839326435783422,OW,0.017569575034343643,-261.52105910965224,-26033.405287560436,-4.594813871088054,-4.663207135445889,9810.018969286839
2024-01-04 09:30:00,2024-01-04,STK1,99.45499746898041,-0.00046547322182636185,-443.3074081132893,-443.3074081132893,-443.3074081132893,0.1965214580881224,OW,-0.09111700528447386,0.0,44089.13715188745,-0.0,-0.1965214580881224,9809.82244782875
2024-01-04 09:31:00,2024-01-04,STK1,99.30256422245974,0.0020332133841543276,1936.3918550118785,1936.3918550118785,2379.699263125168,5.662968582918467,OW,-0.15243324652067258,-443.3074081132893,-236310.23890662708,67.57478742537343,61.91181884245496,9871.734266671205
2024-01-04 09:32:00,2024-01-04,STK1,99.26994618360949,0.002534176825263342,2413.4994397751448,2413.4994397751448,477.10758476326623,0.22763164743863726,OW,-0.03261803885024506,1936.3918550118785,-47362.44426324134,-63.161304756075545,-63.38893640351418,9808.34533026769
2024-01-04 09:33:00,2024-01-04,STK1,99.23675028897432,0.004214548331709576,4013.8517312931854,4013.8517312931854,1600.3522915180406,2.5611274569670437,OW,-0.033195894635170475,2413.4994397751448,-158813.76072776364,-80.11827310481867,-82.67940056178571,9725.665929705905
2024-01-04 09:34:00,2024-01-04,STK1,99.29458794979989,0.003232856255617476,3078.907787342561,3078.907787342561,-934.9439439506245,0.8741201783299485,OW,0.057837660825569515,4013.8517312931854,92834.87367073807,232.15179503866025,231.2776748603303,9956.943604566235
2024-01-04 09:35:00,2024-01-04,STK1,99.33819645391443,0.0036285643917909373,3455.772320017731,3455.772320017731,376.86453267517027,0.14202687598847447,OW,0.043608504114544644,3078.907787342561,-37437.04298339872,134.2665629126316,134.12453603664312,10091.068140602878
2024-01-04 09:36:00,2024-01-04,STK1,99.38181481593986,0.001078366512895848,1027.01474845819,1027.0147484581898,-2428.7575715595412,5.8988633414078,OW,0.043618362025426904,3455.772320017731,241374.33520954213,150.73512813198283,144.83626479057503,10235.904405393452
2024-01-04 09:37:00,2024-01-04,STK1,99.38842847994177,-0.0004896964891853688,-466.37716457924216,-466.37716457924216,-1493.391913037432,2.2302194059256006,OW,0.006613664001903885,1027.0147484581898,148425.87534144422,6.792330471302304,4.562111065376703,10240.46651645883
2024-01-04 09:38:00,2024-01-04,STK1,99.48683035247603,-0.0009350531888990077,-890.525998450485,-890.525998450485,-424.1488338712428,0.17990223327433513,OW,0.09840187253426791,-466.37716457924216,42197.22307954887,-45.892386301819876,-46.07228853509421,10194.394227923736
2024-01-04 09:39:00,2024-01-04,STK1,99.46786489101159,-0.0019756515804969527,-1881.5711418341057,-1881.5711418341057,-991.0451433836207,0.9821704762242613,OW,-0.018965461464446776,-890.525998450485,98577.1444229752,16.889236506700662,15.9070660304764,10210.301293954213
2024-01-04 09:40:00,2024-01-04,STK1,99.54258027335496,-0.00377147348354942,-3591.876087307936,-3591.876087307936,-1710.3049454738302,2.9251430065122412,OW,0.0747153823433706,-1881.5711418341057,170248.16732674473,-140.5823072683876,-143.50745027489984,10066.793843679314
2024-01-04 09:41:00,2024-01-04,STK1,99.38621826590033,-0.0026102640053855784,-2485.9633518306923,-2485.9633518306923,1105.9127354772436,1.2230429784907597,OW,-0.15636200745463213,-3591.876087307936,-109912.48451118023,561.6329555397584,560.4099125612677,10627.203756240582
2024-01-04 09:42:00,2024-01-04,STK1,99.26980513508664,-0.0040232832082916946,-3831.694644378143,-3831.694644378143,-1345.7312925474507,1.8109927117414322,OW,-0.1164131308136831,-2485.9633518306923,133590.4831753737,289.3987768746885,287.58778416294706,10914.791540403528
2024-01-04 09:43:00,2024-01-04,STK1,99.33311317062378,-0.004736588343742547,-4511.032221628881,-4511.032221628881,-679.3375772507384,0.4614995438649029,OW,0.06330803553713338,-3831.694644378143,67480.71644210497,-242.5770607137351,-243.0385602576,10671.752980145928
2024-01-04 09:44:00,2024-01-04,STK1,99.23246848998916,-0.0060593541856065235,-5770.808014093818,-5770.808014093818,-1259.7757924649368,1.5870350472806594,OW,-0.10064468063461618,-4511.032221628881,125010.66163022796,454.0113972783019,452.42436223102123,11124.177342376948
2024-01-04 09:45:00,2024-01-04,STK1,99.16589192716546,-0.004468562086999837,-4255.769363076642,-4255.769363076642,1515.0386510171766,2.2953421140759462,OW,-0.06657656282369828,-5770.808014093818,-150240.15913224788,384.2005622938186,381.9052201797427,11506.08256255669
2024-01-04 09:46:00,2024-01-04,STK1,99.1012257715689,-0.003180552475357549,-3029.094710726513,-3029.094710726513,1226.6746523501288,1.5047307027183092,OW,-0.06466615559655509,-4255.769363076642,-121564.96167081091,275.20424381576623,273.69951311304794,11779.782075669738
2024-01-04 09:47:00,2024-01-04,STK1,98.8744161151917,-0.001006626700147116,-958.6911823389844,-958.6911823389846,2070.4035283875282,4.286570770359527,OW,-0.22680965637719908,-3029.094710726513,-204709.9399921496,687.0279304738716,682.7413597035121,12462.52343537325
2024-01-04 09:48:00,2024-01-04,STK1,98.88153864921347,-0.0008031833671565205,-764.9358116387704,-764.9358116387704,193.75537070021426,0.03754114367517744,OW,0.007122534021760885,-958.6911823389846,-19158.82917638592,-6.828310562571586,-6.865851706246763,12455.657583667004
2024-01-04 09:49:00,2024-01-04,STK1,98.67773279612094,0.0021521203669180177,2049.6364926490714,2049.6364926490714,2814.5723042878417,7.921817256064171,OW,-0.20380585309253263,-764.9358116387704,-277735.61377787805,155.89839565206844,147.97657839600427,12603.634162063008
2024-01-04 09:50:00,2024-01-04,STK1,98.73605932340881,0.0012098755248243977,1152.2613072029433,1152.2613072029433,-897.3751854461282,0.8052822234544729,OW,0.058326527287874796,2049.6364926490714,88603.2895455639,119.54817881872006,118.74289659526559,12722.377058658274
2024-01-04 09:51:00,2024-01-04,STK1,98.77243610317497,0.0020101724273443714,1914.4481075202514,1914.4481075202514,762.1868003173081,0.580928718577936,OW,0.03637677976615805,1152.2613072029433,-75283.04703302469,41.915555805186855,41.33462708660892,12763.711685744884
2024-01-04 09:52:00,2024-01-04,STK1,98.71605870254004,0.00461479465320008,4395.038341106419,4395.038341106419,2480.5902335861674,6.153327906963076,OW,-0.05637740063492913,1914.4481075202514,-244874.0911156396,-107.93160795245109,-114.08493585941416,12649.626749885469
2024-01-04 09:53:00,2024-01-04,STK1,98.73905017984738,0.003275103882006118,3119.1435836786045,3119.1435836786045,-1275.894757427814,1.6279074320317803,OW,0.02299147730734319,4395.038341106419,125980.63647786913,101.04842428445147,99.4205168524197,12749.047266737889
2024-01-04 09:54:00,2024-01-04,STK1,98.76574722303658,0.0029465739707269754,2806.258251874975,2806.258251874975,-312.88533180362947,0.0978972308578673,OW,0.026697043189201963,3119.1435836786045,30902.3535907132,83.27191096678989,83.17401373593202,12832.221280473821
2024-01-04 09:55:00,2024-01-04,STK1,98.75068436989203,0.004227736964883437,4026.412322353443,4026.412322353443,1220.154070478468,1.4887759557051738,OW,-0.015062853144556243,2806.258251874975,-120491.04949645817,-42.27025593369187,-43.75903188939704,12788.462248584425
2024-01-04 09:56:00,2024-01-04,STK1,98.8494670729659,0.0059151703063838506,5633.490164660653,5633.490164660653,1607.0778423072102,2.582699191234798,OW,0.09878270307386572,4026.412322353443,-158858.78825683965,397.73989289199426,395.1571937007595,13183.619442285184
2024-01-04 09:57:00,2024-01-04,STK1,98.9960166909137,0.0014911581243160477,1420.1492420636243,1420.1492420636241,-4213.340922597029,17.752241730030782,OW,0.1465496179478123,5633.490164660653,417103.96829792525,825.5858313437769,807.8335896137462,13991.453031898931
2024-01-04 09:58:00,2024-01-04,STK1,98.91465067066797,0.002670406207092299,2543.241584619728,2543.241584619728,1123.092342556104,1.2613364099081574,OW,-0.08136602024573847,1420.1492420636241,-111090.2867348392,-115.55189198171898,-116.81322839162713,13874.639803507303
2024-01-04 09:59:00,2024-01-04,STK1,98.91578088141921,0.00062522481295291,595.4516357154994,595.4516357154994,-1947.7899489042288,3.7938856850523384,OW,0.001130210751242089,2543.241584619728,192667.16378884143,2.874398981943184,-0.9194867031091545,13873.720316804194
2024-01-04 10:00:00,2024-01-04,STK1,99.00056764446666,-0.0014637477769921645,-1394.0441742361813,-1394.0441742361813,-1989.4958099516807,3.958093577815294,OW,0.08478676304744681,595.4516357154994,196961.21451150434,50.486416743624666,46.52832316580937,13920.248639970003
2024-01-04 10:01:00,2024-01-04,STK1,99.23127502188771,-0.00374178957223418,-3563.605722503293,-3563.605722503293,-2169.5615482671114,4.706997311719186,OW,0.23070737742105507,-1394.0441742361813,215288.35867300624,-321.61627544712974,-326.32327275884893,13593.925367211154
2024-01-04 10:02:00,2024-01-04,STK1,99.0326619795778,-0.004128638235747429,-3932.0326702045318,-3932.0326702045318,-368.426947701239,0.1357384157924515,OW,-0.1986130423099155,-3563.605722503293,36486.30137586439,707.7785741394035,707.642835723611,14301.568202934764
2024-01-04 10:03:00,2024-01-04,STK1,99.04334624345783,-0.004859733403801875,-4628.313119513101,-4628.313119513101,-696.2804493085691,0.4848064640893429,OW,0.010684263880037292,-3932.0326702045318,68961.945623419,-42.010874633392866,-42.49568109748221,14259.072521837283
2024-01-04 10:04:00,2024-01-04,STK1,98.88478016289163,-0.002663241467556565,-2536.418029655748,-2536.418029655748,2091.895089857353,4.376025066969303,OW,-0.15856608056620303,-4628.313119513101,-206856.5860843768,733.8934709943288,729.5174459273595,14988.589967764643
2024-01-04 10:05:00,2024-01-04,STK1,98.80628334314504,-0.0013700028292505044,-1304.7633566544264,-1304.7633566544264,1231.6546730013215,1.516973233525992,OW,-0.07849681974659006,-2536.418029655748,-121695.22060147722,199.10074887588837,197.58377564236238,15186.173743407006
2024-01-04 10:06:00,2024-01-04,STK1,98.85808997268347,-0.00225955956371516,-2151.9594397673527,-2151.9594397673527,-847.1960831129263,0.7177412032418843,OW,0.05180662953843296,-1304.7633566544264,83752.1866088827,-67.59539185351814,-68.31313305676002,15117.860610350246
2024-01-04 10:07:00,2024-01-04,STK1,98.6299811382432,0.0017021625022291004,1621.1056010699995,1621.1056010699995,3773.065040837352,14.236019802388968,OW,-0.22810883444027752,-2151.9594397673527,-372137.33381115284,490.8809595680834,476.64493976569446,15594.50555011594
2024-01-04 10:08:00,2024-01-04,STK1,98.58346085138503,0.0019632050132114822,1869.7172795182885,1869.7172795182885,248.611678448289,0.06180776666087545,OW,-0.04652028685816845,1621.1056010699995,-24508.99966950402,-75.41429758915996,-75.47610535582083,15519.029444760119
2024-01-04 10:09:00,2024-01-04,STK1,98.59709011223299,0.0028398498371513727,2704.6163167000536,2704.6163167000536,834.8990371817652,0.6970564022870385,OW,0.013629260847963565,1869.7172795182885,-82318.61560362705,25.482864514499557,24.785808112212518,15543.815252872331
2024-01-04 10:10:00,2024-01-04,STK1,98.61969227697902,0.0006706457253427491,638.7096063172788,638.7096063172789,-2065.9067103827747,4.267970536004578,OW,0.022602164746032827,2704.6163167000536,203739.08405089527,61.13018356486311,56.862213028858534,15600.67746590119
2024-01-04 10:11:00,2024-01-04,STK1,98.60198064527076,3.92985889116175e-05,37.427191889929155,37.42719188992919,-601.2824144273497,0.3615405418995832,OW,-0.017711631708266395,638.7096063172789,59287.63698970721,-11.312589315623464,-11.674129857523047,15589.003336043666
2024-01-04 10:12:00,2024-01-04,STK1,98.68291957993196,-0.0007487117095647509,-713.0580919111038,-713.0580919111038,-750.485283801033,0.5632281612019171,OW,0.08093893466120505,37.42719188992919,74060.07890725975,3.0293170389313624,2.466088877729445,15591.469424921395
2024-01-04 10:13:00,2024-01-04,STK1,98.65668931847314,0.0012687065836027988,1208.2908336304429,1208.2908336304426,1921.3489255415466,3.6915816936796553,OW,-0.02623026145882079,-713.0580919111038,-189553.92401953455,18.70370018615612,15.012118492476464,15606.48154341387
2024-01-04 10:14:00,2024-01-04,STK1,98.73856087319801,0.0019328831814599428,1840.8393720195913,1840.8393720195913,632.5485383891487,0.4001176534182483,OW,0.08187155472487007,1208.2908336304426,-62456.932362989384,98.92464910913365,98.5245314557154,15705.006074869587
2024-01-04 10:15:00,2024-01-04,STK1,98.59232042460859,0.002750532516365601,2619.552282679351,2619.552282679351,778.7129106597595,0.6063937972281945,OW,-0.14624044858942398,1840.8393720195913,-76775.1128065466,-269.20517554521854,-269.8115693424467,15435.19450552714
2024-01-04 10:16:00,2024-01-04,STK1,98.52547143280198,0.0024843409562568717,2366.03675259059,2366.03675259059,-253.5155300887609,0.06427012399618542,OW,-0.06684899180660864,2619.552282679351,24977.737117531862,-175.11442908181488,-175.17869920581106,15260.01580632133
2024-01-04 10:17:00,2024-01-04,STK1,98.54496072120048,0.003252863748893572,3097.9625246962355,3097.9625246962355,731.9257721056456,0.5357153358724455,OW,0.01948928839850339,2366.03675259059,-72127.59646298518,46.11237263269642,45.576657296823974,15305.592463618153
2024-01-04 10:18:00,2024-01-04,STK1,98.67588439249411,0.0020670796458967505,1968.6454069060417,1968.6454069060417,-1129.3171177901938,1.2753571525339504,OW,0.1309236712936297,3097.9625246962355,111436.36535752982,405.5966272633131,404.32127011077915,15709.913733728932
2024-01-04 10:19:00,2024-01-04,STK1,98.80954111476815,0.0009532987996432099,907.9027540385295,907.9027540385293,-1060.7426528675123,1.1251749756124076,OW,0.1336567222740399,1968.6454069060417,104811.4947707007,263.1226924069051,261.9975174312927,15971.911251160225
2024-01-04 10:20:00,2024-01-04,STK1,98.72683281526616,0.003191886764360976,3039.889261401633,3039.889261401633,2131.9865073631036,4.545366467578324,OW,-0.08270829950198788,907.9027540385293,-210484.27547684035,-75.09109289969832,-79.63645936727664,15892.274791792948
2024-01-04 10:21:00,2024-01-04,STK1,98.63918909820809,0.0036414683125545293,3468.0617566597834,3468.0617566597834,428.1724952581503,0.18333168569559077,OW,-0.0876437170580715,3039.889261401633,-42234.58772642029,-266.4271943141547,-266.61052599985027,15625.664265793099
2024-01-04 10:22:00,2024-01-04,STK1,98.71848592949675,0.0031646543381241288,3013.95364206713,3013.95364206713,-454.10811459265324,0.20621417973889428,OW,0.07929683128865861,3468.0617566597834,44828.865520885134,275.0063080164999,274.800093836761,15900.46435962986
2024-01-04 10:23:00,2024-01-04,STK1,98.75727288018592,0.0030832364407214164,2936.412861246243,2936.412861246243,-77.540780820887,0.006012572690312836,OW,0.03878695068917182,3013.95364206713,7657.716050871024,116.90207129430759,116.89605872161728,16017.360418351476
2024-01-04 10:24:00,2024-01-04,STK1,98.80416379869745,0.0020464102676785202,1948.960303541159,1948.960303541159,-987.4525577050842,0.9750625537183127,OW,0.04689091851152227,2936.412861246243,97564.42425493589,137.69109619288355,136.71603363916523,16154.07645199064
2024-01-04 10:25:00,2024-01-04,STK1,98.89592599140036,0.0010222378456937076,973.5589258426494,973.5589258426494,-975.4013776985096,0.9514078476161505,OW,0.09176219270291597,1948.960303541159,96463.22246078175,178.84087094387743,177.8894630962613,16331.965915086901
2024-01-04 10:26:00,2024-01-04,STK1,98.84313952554663,0.0010222378456937076,973.5589258426494,973.5589258426494,0.0,0.0,OW,-0.05278646585372826,973.5589258426494,-0.0,-51.390734995585376,-51.390734995585376,16280.575180091315
2024-01-04 10:27:00,2024-01-04,STK1,98.88544260997516,0.0010222378456937076,973.5589258426494,973.5589258426494,0.0,0.0,OW,0.04230308442852504,973.5589258426494,-0.0,41.18454543606575,41.18454543606575,16321.759725527381
2024-01-04 10:28:00,2024-01-04,STK1,98.91794783886415,0.0010222378456937076,973.5589258426494,973.5589258426494,0.0,0.0,OW,0.03250522888899354,973.5589258426494,-0.0,31.645755721438007,31.645755721438007,16353.40548124882
2024-01-04 10:29:00,2024-01-04,STK1,98.88404594715452,0.0010222378456937076,0.0,0.0,-973.5589258426494,0.9478169820878932,OW,-0.03390189170963254,973.5589258426494,96269.44555528695,-33.00548927686367,-33.953306258951564,16319.452174989869
2024-01-05 09:30:00,2024-01-05,STK1,99.22098932749617,0.00041281519761019966,393.15695662213625,393.15695662213625,393.15695662213625,0.15457239254038033,OW,0.3369433803416513,0.0,-39009.422197035856,0.0,-0.15457239254038033,16319.297602597328
2024-01-05 09:31:00,2024-01-05,STK1,99.20797858512839,-0.0014360127794767444,-1367.6299160445983,-1367.6299160445983,-1760.7868726667346,3.1003704109554993,OW,-0.013010742367782768,393.15695662213625,174684.10635649657,-5.11526387271216,-8.21563428366766,16311.08196831366
2024-01-05 09:32:00,2024-01-05,STK1,99.4017235353717,-0.004484833088045878,-4271.265539790798,-4271.265539790798,-2903.6356237462,8.431099835487984,OW,0.19374495024331395,-1367.6299160445983,288626.3855190764,-264.97139003532834,-273.40248987081634,16037.679478442844
2024-01-05 09:33:00,2024-01-05,STK1,99.4176480318848,-0.002237171318097619,-2130.6373213907596,-2130.6373213907596,2140.628218400039,4.582289169410524,OW,0.0159244965130938,-4271.265539790798,-212816.22278401567,-68.01775319489627,-72.6000423643068,15965.079436078537
2024-01-05 09:34:00,2024-01-05,STK1,99.33360993985298,-0.0007255133774596278,-690.9644633287281,-690.964463328728,1439.6728580620315,2.072657938240498,OW,-0.08403809203181822,-2130.6373213907596,-143007.90212372717,179.0546953014633,176.98203736322282,16142.06147344176
2024-01-05 09:35:00,2024-01-05,STK1,99.36479647028473,-0.0014835785058637911,-1412.930564698311,-1412.930564698311,-721.9661013695829,0.5212350515267948,OW,0.031186530431753567,-690.964463328728,71738.01472103356,-21.54878426286165,-22.070019314388443,16119.991454127372
2024-01-05 09:36:00,2024-01-05,STK1,99.20697488709646,0.00010119344526604763,96.37461799183775,96.3746179918378,1509.3051826901487,2.278002134495343,OW,-0.1578215831882659,-1412.930564698311,-149733.60135610614,222.990938655778,220.71293652128264,16340.704390648654
2024-01-05 09:37:00,2024-01-05,STK1,99.16148153375815,-0.0007650907561640515,-728.6571690541737,-728.6571690541737,-825.0317870460115,0.6806774496363353,OW,-0.0454933533383155,96.3746179918378,81811.37431592656,-4.384404549147855,-5.065081998784191,16335.63930864987
2024-01-05 09:38:00,2024-01-05,STK1,99.35376643591536,-0.0029357975405779465,-2795.9949948409067,-2795.9949948409067,-2067.337825786733,4.273885685928616,OW,0.19228490215721195,-728.6571690541737,205397.79948734815,-140.10977245773282,-144.38365814366142,16191.25565050621
2024-01-05 09:39:00,2024-01-05,STK1,99.38831858697735,-0.0032599007437672106,-3104.664418193136,-3104.664418193136,-308.6694233522294,0.0952768129125978,OW,0.0345521510619875,-2795.9949948409067,30678.13498618996,-96.60764143030397,-96.70291824321657,16094.552732262993
2024-01-05 09:40:00,2024-01-05,STK1,99.36006016127523,-0.0031157451947904278,-2967.373549920836,-2967.373549920836,137.29086827230003,0.018848782510962038,OW,-0.028258425702119894,-3104.664418193136,-13641.228931129444,87.73292879152602,87.71408000901506,16182.266812272008
2024-01-05 09:41:00,2024-01-05,STK1,99.3263571352483,-0.002141815854041969,-2039.8226802088466,-2039.8226802088466,927.5508697119894,0.860350615903468,OW,-0.03370302602692732,-2967.373549920836,-92130.24894612323,100.00946798459765,99.14911736869418,16281.415929640702
2024-01-05 09:42:00,2024-01-05,STK1,99.21299730845051,8.132903083990528e-05,77.45614607977066,77.45614607977086,2117.2788262886174,4.482869628250105,OW,-0.11335982679779022,-2039.8226802088466,-210061.57849381186,231.23394572667908,226.75107609842897,16508.16700573913
2024-01-05 09:43:00,2024-01-05,STK1,99.23513218718489,0.0011753181483987454,1119.349551475423,1119.349551475423,1041.893405395652,1.0855418682069484,OW,0.02213487873437714,77.45614607977086,-103392.42980939374,1.7144824007079293,0.6289405325009809,16508.79594627163
2024-01-05 09:44:00,2024-01-05,STK1,99.24421461977029,0.0016354791800636463,1557.5977356818196,1557.5977356818196,438.2481842063967,0.1920614709602038,OW,0.009082432585401534,1119.349551475423,-43493.59685010426,10.166416840774973,9.97435536981477,16518.770301641445
2024-01-05 09:45:00,2024-01-05,STK1,99.22730409409421,0.0030406316930425537,2895.836949719623,2895.836949719623,1338.2392140378035,1.790884193988518,OW,-0.016910525676081534,1557.5977356818196,-132789.86944197075,-26.33979650225387,-28.130680696242386,16490.639620945203
2024-01-05 09:46:00,2024-01-05,STK1,99.27001092563644,-3.3452425319405784e-05,-31.859422342841373,-31.8594223428413,-2927.6963720624644,8.571406046987716,OW,0.0427068315422332,2895.836949719623,290632.45084158704,123.67202078545039,115.10061473846267,16605.740235683665
2024-01-05 09:47:00,2024-01-05,STK1,99.33083103249648,0.0009197726383191234,875.9731069962062,875.9731069962062,907.8325293390475,0.8241599013261325,OW,0.06082010686003514,-31.8594223428413,-90175.75957758083,-1.9376934713905989,-2.7618533727167316,16602.978382310946
2024-01-05 09:48:00,2024-01-05,STK1,99.43869201202955,-0.0023601862160386477,-2247.7942554708497,-2247.7942554708497,-3123.767362467056,9.757922534814387,OW,0.10786097953307205,875.9731069962062,310623.3406735915,94.48331736523933,84.72539483042495,16687.70377714137
2024-01-05 09:49:00,2024-01-05,STK1,99.48384400340403,-0.0036221782675259057,-3449.690302700574,-3449.690302700574,-1201.8960472297244,1.444554108346436,OW,0.04515199137448178,-2247.7942554708497,119569.23887090983,-101.4923868346295,-102.93694094297594,16584.766836198396
2024-01-05 09:50:00,2024-01-05,STK1,99.5769593778105,-0.005511453812455151,-5248.998631863352,-5248.998631863352,-1799.3083291627777,3.2375104633945466,OW,0.09311537440646589,-3449.690302700574,179169.652401198,-321.2192041223186,-324.45671458571314,16260.310121612683
2024-01-05 09:51:00,2024-01-05,STK1,99.37891757005517,-0.004968567768701601,-4731.9647968921945,-4731.9647968921945,517.0338349711574,0.26732398650498196,OW,-0.19804180775533098,-5248.998631863352,-51382.26286652815,1039.5211779594772,1039.2538539729721,17299.563975585654
2024-01-05 09:52:00,2024-01-05,STK1,99.51454919256805,-0.006798872792507861,-6475.110778473412,-6475.110778473412,-1743.1459815812177,3.0385579131027467,OW,0.1356316225128893,-4731.9647968921945,173468.3865338914,-641.804063076363,-644.8426209894658,16654.72135459619
2024-01-05 09:53:00,2024-01-05,STK1,99.36514051011845,-0.004466732281312261,-4254.026692652922,-4254.026692652922,2221.08408582049,4.933214516285042,OW,-0.1494086824496037,-6475.110778473412,-220698.33227234098,967.4377701269402,962.5045556106552,17617.225910206846
2024-01-05 09:54:00,2024-01-05,STK1,99.31115067555137,-0.0026439928433991356,-2518.0860241077257,-2518.0860241077257,1735.9406685451963,3.013490004709143,OW,-0.0539898345670764,-4254.026692652922,-172398.26529770938,229.67419738025842,226.66070737554926,17843.886617582393
2024-01-05 09:55:00,2024-01-05,STK1,99.25559445324846,-0.0031634928590993988,-3012.847472620882,-3012.847472620882,-494.7614485131562,0.24478889093483652,OW,-0.05555622230291135,-2518.0860241077257,49107.8416847236,139.895346933183,139.65055804224815,17983.537175624642
2024-01-05 09:56:00,2024-01-05,STK1,99.10078146375446,-0.0014296996930578036,-1361.6174585146146,-1361.6174585146146,1651.2300141062674,2.726560559485384,OW,-0.15481298949400468,-3012.847472620882,-163638.1847743374,466.4279241258952,463.7013635664098,18447.23853919105
2024-01-05 09:57:00,2024-01-05,STK1,99.09224918919692,-0.0018811390072186423,-1791.5592530089423,-1791.5592530089423,-429.9417944943277,0.18484994665300272,OW,-0.008532274557538244,-1361.6174585146146,42603.89943688241,11.617693998384132,11.432844051731129,18458.67138324278
2024-01-05 09:58:00,2024-01-05,STK1,99.12640674561824,-0.001990564618183306,-1895.774021342176,-1895.774021342176,-104.21476833323368,0.010860717938749565,OW,0.03415755642132012,-1791.5592530089423,10330.435514700497,-61.19528626679108,-61.20614698472983,18397.465236258053
2024-01-05 09:59:00,2024-01-05,STK1,99.21544392446951,-0.0035844545552511458,-3413.76299189348,-3413.76299189348,-1517.988970551304,2.3042905147154076,OW,0.08903717885127094,-1895.774021342176,150607.9495856961,-168.79437059983644,-171.09866111455185,18226.3665751435
2024-01-05 10:00:00,2024-01-05,STK1,99.1192367844053,-0.0017842860787718922,-1699.3184566223197,-1699.3184566223197,1714.4445352711602,2.9393200645211444,OW,-0.09620714006420883,-3413.76299189348,-169934.43384527185,328.42837430710864,325.4890542425875,18551.85562938609
2024-01-05 10:01:00,2024-01-05,STK1,99.10027272886767,-0.0007342304499540199,-699.266429226277,-699.266429226277,1000.0520273960427,1.0001040574989353,OW,-0.018964055537637137,-1699.3184566223197,-99105.42865800486,32.2259695875175,31.225865530018563,18583.081494916107
2024-01-05 10:02:00,2024-01-05,STK1,99.0564270214881,-0.003205553484914191,-3052.905173341922,-3052.905173341922,-2353.638744115645,5.539615337802269,OW,-0.043845707379560395,-699.266429226277,233143.04449143828,30.659831236205417,25.120215898403146,18608.20171081451
2024-01-05 10:03:00,2024-01-05,STK1,99.08200954901125,-0.005663185316996663,-5393.504689039975,-5393.504689039975,-2340.5995156980534,5.478406092885963,OW,0.025582527523141607,-3052.905173341922,231911.30356480562,-78.10103062256111,-83.57943671544707,18524.62227409906
2024-01-05 10:04:00,2024-01-05,STK1,99.04617108615035,-0.00543269675355151,-5173.9919805328855,-5173.9919805328855,219.51270850708988,0.04818582919611861,OW,-0.03583846286089454,-5393.504689039975,-21741.893282377478,193.2949174882197,193.2467316590236,18717.869005758082
2024-01-05 10:05:00,2024-01-05,STK1,99.09098316626238,-0.006204663965307278,-5909.198148675361,-5909.198148675361,-735.2061681424757,0.5405281096747422,OW,0.04481208011202398,-5173.9919805328855,72852.30203113833,-231.85734313060928,-232.39787124028402,18485.4711345178
2024-01-05 10:06:00,2024-01-05,STK1,99.15417092278426,-0.0061171055904274164,-5825.809299636302,-5825.809299636302,83.3888490390591,0.006953700144058987,OW,0.06318775652188435,-5909.198148675361,-8268.35219067312,-373.3889738580685,-373.3959275582125,18112.075206959587
2024-01-05 10:07:00,2024-01-05,STK1,98.91705400036837,-0.0026045341183120775,-2480.5063217197676,-2480.5063217197676,3345.3029779165345,11.191052014057233,OW,-0.23711692241589333,-5825.809299636302,-330907.51531416294,1381.3979717116508,1370.2069196975935,19482.28212665718
2024-01-05 10:08:00,2024-01-05,STK1,98.7503741288358,0.002114190448376295,2013.5127951080954,2013.5127951080958,4494.019116827863,20.19620782241429,OW,-0.16667987153256547,-2480.5063217197676,-443786.06912889174,413.4504750399674,393.2542672175531,19875.536393874732
2024-01-05 10:09:00,2024-01-05,STK1,98.73267701846285,0.0019517833515989703,1858.8395169137652,1858.8395169137652,-154.67327819433058,0.02392382298738078,OW,-0.017697110372949965,2013.5127951080958,15271.306819347694,-35.63335817237496,-35.65728199536234,19839.87911187937
2024-01-05 10:10:00,2024-01-05,STK1,98.71696152083858,0.0005740567838983814,546.7202258839576,546.7202258839575,-1312.1192910298078,1.7216570338925654,OW,-0.015715497624270824,1858.8395169137652,129528.42956333954,-29.212588011959003,-30.93424504585157,19808.94486683352
2024-01-05 10:11:00,2024-01-05,STK1,98.78676423674622,-0.0009736848812410715,-927.3180513552572,-927.3180513552572,-1474.0382772392147,2.172788842766352,OW,0.06980271590764175,546.7202258839575,145615.47176956988,38.162556608339614,35.98976776557326,19844.934634599093
2024-01-05 10:12:00,2024-01-05,STK1,98.82480821243261,-0.0010379856487111646,-988.5568191946148,-988.5568191946148,-61.23876783935759,0.003750186686482738,OW,0.03804397568639217,-927.3180513552572,6051.9094868902,-35.278865399311975,-35.28261558599846,19809.652019013094
2024-01-05 10:13:00,2024-01-05,STK1,99.02612872279009,-0.004581833303945106,-4363.646609808091,-4363.646609808091,-3375.089790613476,11.391231094703317,OW,0.20132051035747622,-988.5568191946148,334222.07605626475,-199.0167633576232,-210.40799445232653,19599.24402456077
2024-01-05 10:14:00,2024-01-05,STK1,98.99572412909185,-0.0043955187891905195,-4186.20438379632,-4186.20438379632,177.4422260117708,0.03148574357201235,OW,-0.030404593698236226,-4363.646609808091,-17566.02165511323,132.67490221390096,132.64341647032896,19731.887441031096
2024-01-05 10:15:00,2024-01-05,STK1,98.8726033693659,-0.0021276195740178084,-2026.3024263956017,-2026.3024263956017,2159.9019574007184,4.665176465583454,OW,-0.12312075972594982,-4186.20438379632,-213555.12955079827,515.4086641011046,510.74348763552115,20242.63092866662
2024-01-05 10:16:00,2024-01-05,STK1,98.82181853613343,-0.0015630923235685967,-1488.6579380101512,-1488.6579380101512,537.6444883854506,0.2890615958912529,OW,-0.05078483323246985,-2026.3024263956017,-53131.0060681793,102.90543080304965,102.6163692071584,20345.247297873775
2024-01-05 10:17:00,2024-01-05,STK1,98.85485971110356,-0.0031251400679690646,-2976.321039664786,-2976.321039664786,-1487.6631016546348,2.213141504024688,OW,0.03304117497012271,-1488.6579380101512,147062.72721145413,-49.18700740045549,-51.40014890448018,20293.847148969297
2024-01-05 10:18:00,2024-01-05,STK1,98.7792117879207,-0.00046351846252367225,-441.4457343599409,-441.44573435994107,2534.875305304845,6.42559281344433,OW,-0.0756479231828564,-2976.321039664786,-250392.98463867742,225.15250537608102,218.7269125626367,20512.574061531934
2024-01-05 10:19:00,2024-01-05,STK1,98.76344311270493,-0.0005812460388983476,-553.567128886875,-553.567128886875,-112.12139452693395,0.012571207110664376,OW,-0.015768675215767303,-441.44573435994107,11073.494970077987,6.961014410507799,6.948443203397135,20519.52250473533
2024-01-05 10:20:00,2024-01-05,STK1,98.81762259787844,-0.002740403043022088,-2609.9051743970604,-2609.9051743970604,-2056.338045510185,4.228526157412648,OW,0.05417948517350624,-553.567128886875,203202.43691488446,-29.991982052066863,-34.22050820947951,20485.30199652585
2024-01-05 10:21:00,2024-01-05,STK1,98.81090517892699,-0.004010475580323943,-3819.49691507336,-3819.49691507336,-1209.5917406762997,1.4631121791123205,OW,-0.006717418951453169,-2609.9051743970604,119520.85479317908,17.531826479990503,16.06871430087818,20501.37071082673
2024-01-05 10:22:00,2024-01-05,STK1,98.72204550197738,-0.004360505167885063,-4152.85810954948,-4152.85810954948,-333.3611944761201,0.11112968598254555,OW,-0.08885967694961039,-3819.49691507336,32910.09900966506,339.3992619834522,339.2881322974697,20840.658843124198
2024-01-05 10:23:00,2024-01-05,STK1,98.85404469504618,-0.005750890758227049,-5477.033601136617,-5477.033601136617,-1324.175491587137,1.7534407325200358,OW,0.13199919306880759,-4152.85810954948,130900.1032294396,-548.173919389785,-549.9273601223051,20290.73148300189
2024-01-05 10:24:00,2024-01-05,STK1,98.82908548664375,-0.005117548445342416,-4873.851020467996,-4873.851020467996,603.1825806686211,0.36382922562205755,OW,-0.024959208402435706,-5477.033601136617,-59611.98282895354,136.70242307791176,136.3385938522897,20427.07007685418
2024-01-05 10:25:00,2024-01-05,STK1,98.71487075357155,-0.0014231967039140202,-1355.4241414189323,-1355.4241414189323,3518.4268790490637,12.379327703214933,OW,-0.11421473307220253,-4873.851020467996,-347321.05462122045,556.6655933364341,544.2862656332192,20971.356342487397
2024-01-05 10:26:00,2024-01-05,STK1,98.60909199551294,-0.0014231967039140202,-1355.4241414189323,-1355.4241414189323,0.0,0.0,OW,-0.10577875805860515,-1355.4241414189323,-0.0,143.37508232194585,143.37508232194585,21114.731424809343
2024-01-05 10:27:00,2024-01-05,STK1,98.49313531794603,-0.0014231967039140202,-1355.4241414189323,-1355.4241414189323,0.0,0.0,OW,-0.11595667756691341,-1355.4241414189323,-0.0,157.17048013292558,157.17048013292558,21271.901904942268
2024-01-05 10:28:00,2024-01-05,STK1,98.51632809619011,-0.0014231967039140202,-1355.4241414189323,-1355.4241414189323,0.0,0.0,OW,0.023192778244080614,-1355.4241414189323,-0.0,-31.43605153860266,-31.43605153860266,21240.465853403664
2024-01-05 10:29:00,2024-01-05,STK1,98.54086527571832,-0.0014231967039140202,0.0,0.0,1355.4241414189323,1.8371746031412497,OW,0.024537179528209663,-1355.4241414189323,-133564.6677110192,-33.25828549486579,-35.09546009800704,21205.370393305657
2024-01-06 09:30:00,2024-01-06,STK1,98.07338849351419,0.000156545401823558,149.0907168884201,149.0907168884201,149.0907168884201,0.022228041862303035,OW,-0.46747678220413036,0.0,-14621.831798174562,-0.0,-0.022228041862303035,21205.348165263793
2024-01-06 09:31:00,2024-01-06,STK1,98.15311544402259,-0.00019126353049835775,-182.15556985027422,-182.15556985027422,-331.2462867386943,0.1097241024781733,OW,0.07972695050840173,149.0907168884201,32512.855022666874,11.886548206625204,11.77682410414703,21217.12498936794
2024-01-06 09:32:00,2024-01-06,STK1,97.97905191185534,0.00025367288019981216,241.59298914935528,241.59298914935528,423.7485589996295,0.17956284125426247,OW,-0.1740635321672528,-182.15556985027422,-41518.48205979859,31.706641892077467,31.527079050823204,21248.652068418764
2024-01-06 09:33:00,2024-01-06,STK1,98.10400064525373,-0.002380325097356752,-2266.974124173931,-2266.974124173931,-2508.5671133232863,6.292908962047125,OW,0.12494873339839785,241.59298914935528,246100.46970412997,30.186737992144817,23.89382903009769,21272.54589744886
2024-01-06 09:34:00,2024-01-06,STK1,98.04156601463814,-0.0012693725923877,-1208.9251271072123,-1208.9251271072123,1058.0489970667188,1.1194676801938896,OW,-0.06243463061559851,-2266.974124173931,-103732.78059263839,141.53769205791934,140.41822437772547,21412.964121826586
2024-01-06 09:35:00,2024-01-06,STK1,98.08550822251102,6.64385452187996e-07,0.6327474470862371,0.6327474470863308,1209.5578745542987,1.4630302518963123,OW,0.04394220787288816,-1208.9251271072123,-118640.09885019861,-53.12283923810287,-54.58586948999918,21358.378252336588
2024-01-06 09:36:00,2024-01-06,STK1,98.13829580348747,-0.00034020496501478947,-324.0044200098757,-324.0044200098757,-324.637167456962,0.10538929049447958,OW,0.05278758097644243,0.6327474470863308,31859.33836869763,0.03340120710070691,-0.07198808339377266,21358.306264253195
2024-01-06 09:37:00,2024-01-06,STK1,97.9986723492655,0.0020617953247311044,1963.6127248746473,1963.6127248746473,2287.617144884523,5.233192201569617,OW,-0.13962345422196165,-324.0044200098757,-224183.4430421006,45.238616304962115,40.0054241033925,21398.31168835659
2024-01-06 09:38:00,2024-01-06,STK1,97.91965859801148,0.004817190620310744,4587.796221442402,4587.796221442402,2624.1834965677554,6.886339023658571,OW,-0.0790137512540241,1963.6127248746473,-256959.15208245063,-155.15240740248183,-162.0387464261404,21236.27294193045
2024-01-06 09:39:00,2024-01-06,STK1,97.94332320617247,0.0014463274785038538,1377.4534295718327,1377.4534295718327,-3210.3427918705697,10.306300841315323,OW,0.023664608160984812,4587.796221442402,314431.6416667853,108.56839990288117,98.26209906156585,21334.535040992014
2024-01-06 09:40:00,2024-01-06,STK1,98.08555966552122,-0.0009058707169737112,-862.7331945147778,-862.7331945147776,-2240.18662408661,5.018436110736563,OW,0.1422364593487515,1377.4534295718327,219729.95877874974,195.92409874009232,190.90566262935576,21525.44070362137
2024-01-06 09:41:00,2024-01-06,STK1,98.11193973835755,-0.0016390980789288989,-1561.0443027472343,-1561.0443027472343,-698.3111082324567,0.48763840388084184,OW,0.026380072836332147,-862.7331945147776,68512.65736952848,-22.758964509621343,-23.246602913502183,21502.194100707868
2024-01-06 09:42:00,2024-01-06,STK1,98.15817472461895,-0.0036421452023313243,-3468.706412976106,-3468.706412976106,-1907.6621102288718,3.6391747268028722,OW,0.046234986261396216,-1561.0443027472343,187252.6307313809,-72.17486189094922,-75.8140366177521,21426.380064090117
2024-01-06 09:43:00,2024-01-06,STK1,98.29202041015277,-0.00470037566810984,-4476.543991967474,-4476.543991967474,-1007.8375789913675,1.015736585627181,OW,0.13384568553382792,-3468.706412976106,99062.39188433846,-464.27138776037214,-465.2871243459993,20961.092939744118
2024-01-06 09:44:00,2024-01-06,STK1,98.05514923059364,0.0009479649617741892,902.8229132869295,523.4560080325264,5000.0,25.0,OW,-0.23687117955913095,-4476.543991967474,-490275.7461529682,1060.3642557256762,1035.3642557256762,21996.457195469793
2024-01-06 09:45:00,2024-01-06,STK1,98.0154185436484,0.0010341020105260512,984.8581196837445,984.8581196837445,461.4021116512181,0.2128919086362031,OW,-0.03973068694524784,523.4560080325264,-45224.52109041733,-20.797266784749443,-21.010158693385645,21975.447036776408
2024-01-06 09:46:00,2024-01-06,STK1,97.9849910506394,-0.000765143143774366,-728.7070619688611,-728.7070619688611,-1713.5651816526056,2.936305631772127,OW,-0.030427493009000273,984.8581196837445,167903.66898891784,-29.96676355153429,-32.903069183306414,21942.5439675931
2024-01-06 09:47:00,2024-01-06,STK1,97.87595644349324,0.0001504148923791714,143.25214202574224,143.25214202574227,871.9592039946034,0.7603128534309023,OW,-0.10903460714615676,-728.7070619688611,-85343.84107067884,79.45428822640488,78.69397537297398,22021.237942966076
2024-01-06 09:48:00,2024-01-06,STK1,97.92730657009386,0.0015998178338247789,1523.6345811335218,1523.6345811335218,1380.3824391077796,1.9054556781971428,OW,0.051350126600624435,143.25214202574227,-135177.13429848145,7.356015628832498,5.4505599506353555,22026.68850291671
2024-01-06 09:49:00,2024-01-06,STK1,98.12852693196639,-0.00025752630337856397,-245.26291249109664,-245.26291249109659,-1768.8974936246184,3.1289983429514567,OW,0.20122036187252945,1523.6345811335218,173579.3053430312,306.5863017771871,303.45730343423566,22330.145806350945
2024-01-06 09:50:00,2024-01-06,STK1,98.09543129302523,0.0003945436445267941,375.7554940679048,375.7554940679048,621.0184065590014,0.3856638612850811,OW,-0.03309563894116252,-245.26291249109659,-60919.06843231253,8.117132797463272,7.7314689361781905,22337.877275287123
2024-01-06 09:51:00,2024-01-06,STK1,97.92580713964786,0.0021785499753470138,2074.8075243233234,2074.8075243233234,1699.0520302554187,2.88677780151506,OW,-0.16962415337737013,375.7554940679048,-166381.04143501926,-63.73720755816378,-66.62398535967884,22271.253289927445
2024-01-06 09:52:00,2024-01-06,STK1,97.88757810625316,0.0015290652081026948,1456.2511922395263,1456.2511922395263,-618.5563320837971,0.38261193596096066,OW,-0.03822903339469974,2074.8075243233234,60548.98126997015,-79.31788613493062,-79.70049807089158,22191.552791856553
2024-01-06 09:53:00,2024-01-06,STK1,98.050979815022,-0.0006878571639194723,-655.1014369695575,-655.1014369695574,-2111.3526292090837,4.45780992486811,OW,0.16340170876884486,1456.2511922395263,207020.1940289735,237.95393320860617,233.49612328373806,22425.04891514029
2024-01-06 09:54:00,2024-01-06,STK1,98.10857806262648,-0.0008210325423859408,-781.9350099532675,-781.9350099532675,-126.83357298371004,0.016086755235814102,OW,0.057598247604474295,-655.1014369695574,12443.46149603415,-37.73269477261948,-37.74878152785529,22387.300133612436
2024-01-06 09:55:00,2024-01-06,STK1,98.12598368698677,-0.004287693754326198,-4083.5139722021204,-4083.5139722021204,-3301.578962248853,10.900423643964212,OW,0.01740562436029336,-781.9350099532675,323970.68339092965,-13.610067057408822,-24.510490701373033,22362.789642911062
2024-01-06 09:56:00,2024-01-06,STK1,98.09421645075528,-0.004780071681019002,-4552.444884356302,-4552.444884356302,-468.9309121541819,0.21989620037375304,OW,-0.03176723623148803,-4083.5139722021204,45999.41039730243,129.7219530095268,129.50205680915306,22492.291699720216
2024-01-06 09:57:00,2024-01-06,STK1,98.00573389472035,-0.002584529904464392,-2461.454707628271,-2461.454707628271,2090.990176728031,4.372239919173123,OW,-0.08848255603493271,-4552.444884356302,-204929.0268368817,402.8119595759993,398.4397196568262,22890.731419377043
2024-01-06 09:58:00,2024-01-06,STK1,97.99773815165739,-0.001994407258564826,-1899.4336753630007,-1899.4336753630007,562.0210322652704,0.3158676407085201,OW,-0.007995743062963356,-2461.454707628271,-55076.78995565615,19.681159403317245,19.365291762608724,22910.096711139653
2024-01-06 09:59:00,2024-01-06,STK1,98.04499099977721,-0.0021137507500562213,-2013.0940352020823,-2013.0940352020823,-113.6603598390816,0.012918677398749513,OW,0.04725284811982533,-1899.4336753630007,11143.828957454194,-89.75365097560949,-89.76656965300823,22820.330141486644
2024-01-06 10:00:00,2024-01-06,STK1,97.79385285409948,0.0019267355294216404,1834.9844708925425,1834.9844708925423,3848.0785060946246,14.807708189067437,OW,-0.25113814567772863,-2013.0940352020823,-376318.4231960407,505.56470307554713,490.7569948864797,23311.087136373124
2024-01-06 10:01:00,2024-01-06,STK1,97.72406519739074,0.0021710494833098617,2067.664205376816,2067.664205376816,232.6797344842737,0.0541398588396721,OW,-0.06978765670874054,1834.9844708925423,-22738.40954285273,-128.05926632051865,-128.11340617935832,23182.973730193764
2024-01-06 10:02:00,2024-01-06,STK1,97.805777886041,0.0005589739510448001,532.3556368468222,532.3556368468221,-1535.3085685299939,2.357172400601619,OW,0.08171268865025638,2067.664205376816,150162.04884018013,168.95440144723554,166.5972290466339,23349.5709592404
2024-01-06 10:03:00,2024-01-06,STK1,97.84345044964533,0.0010732328214651066,1022.1255231805557,1022.1255231805557,489.76988633373355,0.23987454155935825,OW,0.0376725636043318,532.3556368468221,-47920.77560522308,20.055201589236468,19.81532704767711,23369.386286288074
2024-01-06 10:04:00,2024-01-06,STK1,97.8813920172938,4.355593421795868e-05,41.48180260586293,41.48180260586298,-980.6437205746927,0.9616621067025759,OW,0.037941567648474006,1022.1255231805557,95986.77244286903,38.78104468298694,37.81938257628436,23407.205668864357
2024-01-06 10:05:00,2024-01-06,STK1,97.94259535357843,-0.0010591663285550962,-1008.7288760249717,-1008.7288760249716,-1050.2106786308345,1.1029424695102379,OW,0.06120333628462049,41.48180260586298,102860.35953314682,2.5388247145788787,1.4358822450686408,23408.641551109427
2024-01-06 10:06:00,2024-01-06,STK1,97.89154894089832,-0.0014456335120520904,-1376.792509771029,-1376.792509771029,-368.06363374605746,0.1354708384863519,OW,-0.05104641268010823,-1008.7288760249716,36030.31921621706,51.49199048791243,51.35651964942608,23459.998070758855
2024-01-06 10:07:00,2024-01-06,STK1,97.84893550672845,-0.0038284628637828386,-3646.151635839241,-3646.151635839241,-2269.359126068212,5.149990843069078,OW,-0.04261343416986563,-1376.792509771029,222054.3747682541,58.669856980691826,53.51986613762275,23513.51793689648
2024-01-06 10:08:00,2024-01-06,STK1,97.92634521717471,-0.0050805639063837725,-4838.627683577228,-4838.627683577228,-1192.4760477379868,1.4219991244288093,OW,0.07740971044626122,-3646.151635839241,116774.82111400222,-282.2475423734773,-283.6695414979061,23229.84839539857
2024-01-06 10:09:00,2024-01-06,STK1,97.8847575117753,-0.004853801011927652,-4622.66322787088,-4622.66322787088,215.9644557063475,0.04664064612853894,OW,-0.04158770539940804,-4838.627683577228,-21139.628377978366,201.2274226420299,201.18078199590136,23431.029177394474
2024-01-06 10:10:00,2024-01-06,STK1,97.86070416275545,-0.003218639831454892,-3065.3683486538507,-3065.3683486538507,1557.2948792170296,2.425167340835583,OW,-0.024053349019851566,-4622.66322787088,-152397.9734692317,111.19053202121192,108.76536468037634,23539.79454207485
2024-01-06 10:11:00,2024-01-06,STK1,97.77983565653612,-0.003324609434240971,-3166.291683761226,-3166.291683761226,-100.92333510737535,0.010185519569195582,OW,-0.08086850621933195,-3065.3683486538507,9868.267120708684,247.89175936765724,247.88157384808804,23787.67611592294
2024-01-06 10:12:00,2024-01-06,STK1,97.55321464936688,0.0004306720833306253,410.1634982544067,410.16349825440693,3576.455182015633,12.791031668966474,OW,-0.22662100716924272,-3166.291683761226,-348894.70005501155,717.5482103655664,704.7571786965999,24492.43329461954
2024-01-06 10:13:00,2024-01-06,STK1,97.53359821638172,0.0015751793711804303,1500.1694009628852,1500.1694009628852,1090.0059027084783,1.1881128679393245,OW,-0.019616432985159804,410.16349825440693,-106312.19776825319,-8.045944776466284,-9.234057644405608,24483.199236975135
2024-01-06 10:14:00,2024-01-06,STK1,97.50969949772723,0.0016187740338790997,1541.6880878009638,1541.6880878009638,41.518686838078565,0.0017238013567584382,OW,-0.023898718654493223,1500.1694009628852,-4048.4746771212835,-35.85212644769163,-35.85385024904839,24447.345386726087
2024-01-06 10:15:00,2024-01-06,STK1,97.61205778869495,-0.0016907649003173079,-1610.2507524443386,-1610.2507524443386,-3151.9388402453023,9.934718452646901,OW,0.10235829096772875,1541.6880878009638,307667.2362204566,157.8045578726124,147.8698394199655,24595.21522614605
2024-01-06 10:16:00,2024-01-06,STK1,97.52321515557848,-0.0018320734532632427,-1744.8301985076612,-1744.8301985076612,-134.57944606332262,0.018111627302710764,OW,-0.08884263311647089,-1610.2507524443386,13124.620273951981,143.05891682493356,143.04080519763085,24738.25603134368
2024-01-06 10:17:00,2024-01-06,STK1,97.58638039143533,-0.0012240803456536784,-1165.7896951085556,-1165.7896951085556,579.0405033991055,0.33528790457668955,OW,0.06316523585684308,-1744.8301985076612,-56506.46682675331,-110.21261101887876,-110.54789892345545,24627.708132420226
2024-01-06 10:18:00,2024-01-06,STK1,97.65487723516699,-0.0032783578681019657,-3122.2426151041436,-3122.2426151041436,-1956.452919995588,3.8277080281592624,OW,0.06849684373166554,-1165.7896951085556,191057.16971855314,-79.85291456983674,-83.680622597996,24544.02750982223
2024-01-06 10:19:00,2024-01-06,STK1,97.63430449499126,-0.002654951584841572,-2528.522910779677,-2528.522910779677,593.7197043244664,0.3525030873031318,OW,-0.02057274017573718,-3122.2426151041436,-57967.41039669113,64.23308608615173,63.880582998848595,24607.90809282108
2024-01-06 10:20:00,2024-01-06,STK1,97.48177468252806,-0.002093632083880312,-1993.9334189970411,-1993.9334189970411,534.5894917826361,0.2857859247244171,OW,-0.1525298124632002,-2528.522910779677,-52112.73238560211,385.6751253901292,385.3893394654048,24993.297432286483
2024-01-06 10:21:00,2024-01-06,STK1,97.3821719061015,-0.0007263390393452971,-691.7508072328476,-691.7508072328476,1302.1826117641936,1.6956795543810164,OW,-0.09960277642655058,-1993.9334189970411,-126809.37095195694,198.6013045417899,196.90562498740886,25190.20305727389
2024-01-06 10:22:00,2024-01-06,STK1,97.49208281151371,-0.0018018629933204777,-1716.0583592972557,-1716.0583592972557,-1024.3075520644081,1.0492059612161801,OW,0.10991090541220672,-691.7508072328476,99861.87669032217,-76.03095754258716,-77.08016350380333,25113.122893770087
2024-01-06 10:23:00,2024-01-06,STK1,97.40215019527405,0.000351244297575589,334.5180600547895,334.51806005478966,2050.5764193520454,4.204863651602656,OW,-0.08993261623966475,-1716.0583592972557,-199730.55238461518,154.32961787154883,150.12475421994617,25263.247647990032
2024-01-06 10:24:00,2024-01-06,STK1,97.42967866443792,-0.002850343948859857,-2714.6106992849122,-2714.6106992849122,-3049.128759339702,9.297186191032468,OW,0.027528469163868863,334.51806005478966,297075.6352289634,9.20877010097551,-0.08841609005695794,25263.159231899976
2024-01-06 10:25:00,2024-01-06,STK1,97.3206636783372,0.0,0.0,0.0,2714.6106992849122,7.3691112486721195,OW,-0.10901498610071769,-2714.6106992849122,-264187.7148827227,295.93324765140426,288.5641364027321,25551.723368302708
2024-01-06 10:26:00,2024-01-06,STK1,97.32633514014796,0.0,0.0,0.0,0.0,0.0,OW,0.00567146181076339,0.0,-0.0,0.0,0.0,25551.723368302708
2024-01-06 10:27:00,2024-01-06,STK1,97.3534096148091,0.0,0.0,0.0,0.0,0.0,OW,0.027074474661134218,0.0,-0.0,0.0,0.0,25551.723368302708
2024-01-06 10:28:00,2024-01-06,STK1,97.4291573752742,0.0,0.0,0.0,0.0,0.0,OW,0.07574776046510578,0.0,-0.0,0.0,0.0,25551.723368302708
2024-01-06 10:29:00,2024-01-06,STK1,97.21045372848728,0.0,0.0,0.0,0.0,0.0,OW,-0.21870364678692056,0.0,-0.0,-0.0,-0.0,25551.723368302708
2024-01-02 09:30:00,2024-01-02,STK2,110.41472914056955,0.001695141935023591,1614.4191223253338,1614.4191223253338,1614.4191223253338,2.9973014679091556,OW,0.0,0.0,-178255.65011090774,0.0,-2.9973014679091556,25548.7260668348
2024-01-02 09:31:00,2024-01-02,STK2,110.51755524101365,0.001598948460372985,1522.8063896625115,1522.8063896625115,-91.61273266282228,0.009651826703842206,OW,0.1028261004441049,1614.4191223253338,10124.815242843677,166.00442283110843,165.99477100440458,25714.720837839202
2024-01-02 09:32:00,2024-01-02,STK2,110.57462991895015,0.0025296977021950547,2409.2332681683774,2409.2332681683774,886.426878505866,0.903615502578301,OW,0.05707467793649812,1522.8063896625115,-98016.32404099632,86.9136842496293,86.010068747051,25800.730906586254
2024-01-02 09:33:00,2024-01-02,STK2,110.57589614853869,0.0034550251586454033,3290.4965472136896,3290.4965472136896,881.2632790453122,0.89311871204275,OW,0.0012662295885377262,2409.2332681683774,-97446.4768232351,3.0506424498442457,2.1575237378014958,25802.888430324056
2024-01-02 09:34:00,2024-01-02,STK2,110.46371105258892,0.0024789393753847956,2360.892057484695,2360.892057484695,-929.6044897289944,0.9937891834229495,OW,-0.11218509594976922,3290.4965472136896,102687.561746613,-369.1446708715521,-370.13846005497504,25432.74997026908
2024-01-02 09:35:00,2024-01-02,STK2,110.58927451570993,0.0003323572958764071,316.53041130136586,316.5304113013658,-2044.3616461833294,4.806326721443224,OW,0.1255634631210114,2360.892057484695,226084.47129915687,296.4417827926683,291.63545607122506,25724.385426340305
2024-01-02 09:36:00,2024-01-02,STK2,110.68387091759374,0.0014405292920900944,1371.9311565421565,1371.9311565421565,1055.4007452407907,1.2809513430130384,OW,0.09459640188380547,316.5304113013658,-116815.8398525639,29.94263799591024,28.661686652897203,25753.0471129932
2024-01-02 09:37:00,2024-01-02,STK2,110.82227516818206,0.00017967395994274355,171.11786967351756,171.1178696735176,-1200.813286868639,1.6582454324083036,OW,0.13840425058832295,1371.9311565421565,133076.86050296543,189.88110357998835,188.22285814758004,25941.26997114078
2024-01-02 09:38:00,2024-01-02,STK2,110.90431558129906,-0.0005009364752057425,-477.08183482060235,-477.08183482060235,-648.1997044941199,0.483187285442204,OW,0.08204041311699939,171.1178696735176,71888.14458692067,14.038580719716244,13.55539343427404,25954.825364575056
2024-01-02 09:39:00,2024-01-02,STK2,110.70668171307227,0.0022639819267837084,2156.17090208302,2156.1709020830203,2633.2527369036225,7.97412297287198,OW,-0.19763386822678797,-477.08183482060235,-291518.67261446576,94.28752847632914,86.31340550345716,26041.138770078513
2024-01-02 09:40:00,2024-01-02,STK2,110.64512466726642,0.0029051558655105126,2766.8120796920202,2766.8120796920202,610.6411776089999,0.42881504496046197,OW,-0.06155704580585564,2156.1709020830203,-67564.46922351417,-132.72751098477755,-133.156326029738,25907.982444048776
2024-01-02 09:41:00,2024-01-02,STK2,110.83659505030909,0.0029922364165036117,2849.7458469484645,2849.7458469484645,82.9337672564443,0.007909711214047982,OW,0.19147038304267028,2766.8120796920202,-9192.0963773991,529.7625687057183,529.7546589945042,26437.73710304328
2024-01-02 09:42:00,2024-01-02,STK2,110.86488564636082,0.002984074823999265,2841.972910219446,2841.972910219446,-7.772936729018511,6.948132720232373e-05,OW,0.028290596051732564,2849.7458469484645,861.7457415990351,80.6210086061215,80.6209391247943,26518.358042168074
2024-01-02 09:43:00,2024-01-02,STK2,110.88737102318302,0.00246890012922695,2351.3308811394636,2351.3308811394636,-490.6420290799824,0.27683904080468064,OW,0.022485376822203307,2841.972910219446,54406.00471815936,63.90283180477801,63.62599276397333,26581.984034932048
2024-01-02 09:44:00,2024-01-02,STK2,110.93140108445543,0.0010185214028617109,970.0193212757061,970.0193212757063,-1381.3115598637573,2.194224869225233,OW,0.044030061272408716,2351.3308811394636,153230.82666984122,103.52924276827736,101.33501789905212,26683.3190528311
2024-01-02 09:45:00,2024-01-02,STK2,110.92572186249126,0.0017319244835044762,1649.4500825113157,1649.4500825113157,679.4307612356095,0.5308700832101796,OW,-0.005679221964172143,970.0193212757063,-75366.34764564192,-5.508955035060346,-6.039825118270525,26677.27922771283
2024-01-02 09:46:00,2024-01-02,STK2,111.12529695297019,-0.0007021680873591247,-668.73077935117,-668.7307793511698,-2318.1808618624855,6.180056884551319,OW,0.1995750904789304,1649.4500825113157,257608.53666516105,329.18914945767506,323.0090925731237,27000.288320285952
2024-01-02 09:47:00,2024-01-02,STK2,111.15294695599229,0.0003245664555788245,309.1105715253974,309.1105715253974,977.8413508765672,1.099599763606726,OW,0.027650003022102965,-668.7307793511698,-108689.94780535891,-18.490408070033116,-19.59000783363984,26980.698312452314
2024-01-02 09:48:00,2024-01-02,STK2,111.13039475675937,-0.00048901235791707,-465.7255450787555,-465.72554507875554,-774.836116604153,0.6904266587333351,OW,-0.02255219923291918,309.1105715253974,86107.84351001395,-6.971123194042276,-7.661549852775611,26973.03676259954
2024-01-02 09:49:00,2024-01-02,STK2,111.04751148634686,0.0008932158570571285,850.6808369277772,850.6808369277772,1316.4063820065328,1.9928646269756587,OW,-0.08288327041250909,-465.72554507875554,-146183.65282657076,38.60085629077569,36.60799166380003,27009.64475426334
2024-01-02 09:50:00,2024-01-02,STK2,111.10429591015128,0.001639964697972222,1561.8694303070258,1561.8694303070258,711.1885933792486,0.5816575976556672,OW,0.05678442380441595,850.6808369277772,-79016.1079267323,48.305421166402155,47.723763568746485,27057.368517832085
2024-01-02 09:51:00,2024-01-02,STK2,111.09066595599349,0.0002178661637598838,207.49135728078375,207.49135728078386,-1354.378073026242,2.1094909593984177,OW,-0.013629954157792668,1561.8694303070258,150458.7620886804,-21.28820873554251,-23.39769969494093,27033.970818137142
2024-01-02 09:52:00,2024-01-02,STK2,111.20839816791322,-0.0013795775600228808,-1313.8819514844158,-1313.8819514844158,-1521.3733087651997,2.6617632563166467,OW,0.11773221191972993,207.49135728078386,169189.4886831959,24.428416446893642,21.766653190576996,27055.73747132772
2024-01-02 09:53:00,2024-01-02,STK2,111.11446172647598,1.083599013300239e-05,10.319979300024947,10.319979300024897,1324.2019307844407,2.0165373665172264,OW,-0.09393644143723634,-1313.8819514844158,-147137.98475627333,123.42139499105762,121.4048576245404,27177.14232895226
2024-01-02 09:54:00,2024-01-02,STK2,111.15275891329583,-3.116999084915446e-05,-29.68567305774328,-29.68567305774328,-40.00565235776818,0.0018405200536561926,OW,0.03829718681984673,10.319979300024897,4446.738631692131,0.3952261752300046,0.3933856551763484,27177.53571460744
2024-01-02 09:55:00,2024-01-02,STK2,111.27509195577369,-0.0011151416104804698,-1062.0384658440325,-1062.0384658440325,-1032.3527927862892,1.2256151320896984,OW,0.12233304247786236,-29.68567305774328,114875.15194809412,-3.631538703156843,-4.8571538352465415,27172.67856077219
2024-01-02 09:56:00,2024-01-02,STK2,111.1367289260884,-0.00014888664991714501,-141.7966541438026,-141.79665414380258,920.24181170023,0.9738717408015196,OW,-0.13836302968529424,-1062.0384658440325,-102272.66477338094,146.94685977650224,145.97298803570072,27318.65154880789
2024-01-02 09:57:00,2024-01-02,STK2,111.11427232435295,-0.0013645519655991689,-1299.5718772300097,-1299.5718772300097,-1157.775223086207,1.5415099872711635,OW,-0.02245660173544195,-141.79665414380258,128645.3514283893,3.184270989525579,1.6427610022544155,27320.294309810146
2024-01-02 09:58:00,2024-01-02,STK2,111.14237498976912,-0.0016477555354970112,-1569.2892674422417,-1569.2892674422417,-269.717390212232,0.083659591170332,OW,0.02810266541617068,-1299.5718772300097,29977.03132422977,-36.521433650059805,-36.605093241230136,27283.689216568917
2024-01-02 09:59:00,2024-01-02,STK2,111.17699598859514,-0.0021905900043012318,-2086.2739096059386,-2086.2739096059386,-516.9846421636969,0.30736408826809447,OW,0.034620998826014215,-1569.2892674422417,57476.79948799862,-54.33036188579456,-54.637725974062654,27229.051490594855
2024-01-02 10:00:00,2024-01-02,STK2,111.20413809388812,-0.0019985279498484203,-1903.3578676065454,-1903.3578676065454,182.9160419993932,0.03847702018383234,OW,0.027142105292981,-2086.2739096059386,-20341.02079408796,-56.62586612452351,-56.664343144707345,27172.387147450147
2024-01-02 10:01:00,2024-01-02,STK2,111.15063496447897,-0.0028161887732021406,-2682.0816083888485,-2682.0816083888485,-778.7237407823031,0.6973722641266811,OW,-0.05350312940915103,-1903.3578676065454,86555.63824986732,101.83560230247875,101.13823003835206,27273.5253774885
2024-01-02 10:02:00,2024-01-02,STK2,111.0215441102052,-0.00247765778382941,-2359.6714954354197,-2359.6714954354197,322.4101129534288,0.11954052307483909,OW,-0.12909085427376965,-2682.0816083888485,-35794.46857683533,346.2322060588826,346.11266553580776,27619.638043024308
2024-01-02 10:03:00,2024-01-02,STK2,111.02477598846276,-0.0007080323565620372,-674.31579152274,-674.31579152274,1685.3557039126797,3.266487426017654,OW,0.003231878257565768,-2359.6714954354197,-187116.23948778323,-7.626171001095434,-10.892658427113089,27608.745384597194
2024-01-02 10:04:00,2024-01-02,STK2,111.01171903742002,0.001856013371794607,1767.6298466859841,1767.6298466859841,2441.945638208724,6.857563274961604,OW,-0.013056951042742071,-674.31579152274,-271084.5830934802,8.804508277260286,1.9469450022986825,27610.692329599493
2024-01-02 10:05:00,2024-01-02,STK2,111.05568103989441,0.0035800901914735815,3409.6059718349657,3409.6059718349657,1641.9761251489815,3.1004984348931526,OW,0.04396200247438742,1767.6298466859841,-182350.77682966704,77.70854769381029,74.60804925891713,27685.30037885841
2024-01-02 10:06:00,2024-01-02,STK2,110.93050517771795,0.005478927065131584,5218.020061341442,5218.020061341442,1808.414089506476,3.760915746994367,OW,-0.12517586217646226,3409.6059718349657,-200608.28851945623,-426.8003672064563,-430.5612829534507,27254.73909590496
2024-01-02 10:07:00,2024-01-02,STK2,110.83133926995148,0.007702285797230925,7335.502248955561,7335.502248955561,2117.4821876141195,5.156290437092538,OW,-0.09916590776646217,5218.020061341442,-234683.38673353955,-517.4496961265347,-522.6059865636273,26732.133109341332
2024-01-02 10:08:00,2024-01-02,STK2,110.98966235077958,0.005423335025562133,5165.075319738586,5165.075319738586,-2170.4269292169756,5.417366013330764,OW,0.15832308082809732,7335.502248955561,240894.9520308315,1161.379315476081,1155.9619494627502,27888.095058804083
2024-01-02 10:09:00,2024-01-02,STK2,111.20130587351485,0.004155969575829329,3958.061927674393,3958.061927674393,-1207.0133920641929,1.675413527915655,OW,0.21164352273527243,5165.075319738586,134221.465404359,1093.1547358624878,1091.479322334572,28979.574381138656
2024-01-02 10:10:00,2024-01-02,STK2,111.39648970182392,0.001946315998343885,1853.6322539683745,1853.6322539683742,-2104.4296737060185,5.0929178893105815,OW,0.19518382830906944,3958.061927674393,234426.07847520517,772.5496797278631,767.4567618385526,29747.03114297721
2024-01-02 10:11:00,2024-01-02,STK2,111.43720971576153,0.002021814414473274,1925.5354286738393,1925.5354286738393,71.90317470546506,0.005945576512633324,OW,0.04072001393760161,1853.6322539683742,-8012.68915888195,75.47993121678007,75.47398564026744,29822.505128617475
2024-01-02 10:12:00,2024-01-02,STK2,111.53211499490966,-0.0003027044455156702,-288.2896323643743,-288.2896323643745,-2213.825061038214,5.636174611012978,OW,0.0949052791481364,1925.5354286738393,246912.59128632696,182.7434773679172,177.1073027569042,29999.61243137438
2024-01-02 10:13:00,2024-01-02,STK2,111.49176634694172,8.172101068127703e-05,77.8294487403914,77.8294487403914,366.1190811047659,0.15414965878134784,OW,-0.040348647967945794,-288.2896323643745,-40819.263045689564,11.632096889078658,11.47794723029731,30011.090378604677
2024-01-02 10:14:00,2024-01-02,STK2,111.59311395277523,-1.6568263815684096e-05,-15.779281590009777,-15.779281590009774,-93.60873033040117,0.010076983553180232,OW,0.1013476058335101,77.8294487403914,10446.089710735065,7.887828293180567,7.877751309627387,30018.968129914305
2024-01-02 10:15:00,2024-01-02,STK2,111.5946746181456,-0.0005497996420399446,-523.6181332181823,-523.6181332181823,-507.8388516281725,0.29658534410647414,OW,0.0015606653703770235,-15.779281590009774,56672.111405898635,-0.024626178346955952,-0.3212115224534301,30018.646918391853
2024-01-02 10:16:00,2024-01-02,STK2,111.64210862739809,-0.0007348281976249081,-699.8356122037658,-699.8356122037658,-176.2174789855835,0.03571048988503974,OW,0.04743400925248409,-523.6181332181823,19673.290930954754,-24.837307375839703,-24.873017865724744,29993.77390052613
2024-01-02 10:17:00,2024-01-02,STK2,111.53252772274969,0.0014277833547443435,1359.7921818888897,1359.79218188889,2059.6277940926557,4.8783766477288255,OW,-0.10958090464839643,-699.8356122037658,-229715.4940431849,76.688619490453,71.81024284272416,30065.58414336885
2024-01-02 10:18:00,2024-01-02,STK2,111.52601315933843,-0.0009803209507749317,-933.6379781821494,-933.6379781821493,-2293.430160071039,6.048795183991992,OW,-0.006514563411258223,1359.79218188889,255777.12221210636,-8.85845239504835,-14.907247579040341,30050.67689578981
2024-01-02 10:19:00,2024-01-02,STK2,111.61873335061277,-0.0023115561830708317,-2201.4796679706797,-2201.4796679706797,-1267.8416897885304,1.8485359329207112,OW,0.0927201912743385,-933.6379781821493,141514.8835032963,-86.56709191803556,-88.41562785095627,29962.261267938855
2024-01-02 10:20:00,2024-01-02,STK2,111.5733200457868,-0.0015113326993558551,-1439.362899131925,-1439.362899131925,762.1167688387548,0.6679452647470074,OW,-0.04541330482597061,-2201.4796679706797,-85031.8981619073,99.97646722972905,99.30852196498205,30061.56978990384
2024-01-02 10:21:00,2024-01-02,STK2,111.60443819853614,-0.0032692118577945877,-3113.531692602992,-3113.531692602992,-1674.168793471067,3.2232673213872225,OW,0.031118152749343153,-1439.362899131925,186844.6676448595,-44.79031455692464,-48.01358187831187,30013.556208025526
2024-01-02 10:22:00,2024-01-02,STK2,111.68530063994842,-0.003819312265285611,-3637.4362687941925,-3637.4362687941925,-523.9045761912007,0.3156474056971938,OW,0.08086244141227894,-3113.531692602992,58512.44009855902,-251.7677740783831,-252.0834214840803,29761.472786541446
2024-01-02 10:23:00,2024-01-02,STK2,111.46676884320892,-0.0018885211636352091,-1798.5896145306215,-1798.5896145306215,1838.846654263571,3.8885605705807778,OW,-0.21853179673949796,-3637.4362687941925,-204970.2949489056,794.8954833450103,791.0069227744295,30552.479709315874
2024-01-02 10:24:00,2024-01-02,STK2,111.4421410513441,-0.0026626690827815155,-2535.8725395505667,-2535.8725395505667,-737.2829250199452,0.6251240282548609,OW,-0.02462779186483033,-1798.5896145306215,82164.38772482029,44.29529067690556,43.6701666486507,30596.149875964526
2024-01-02 10:25:00,2024-01-02,STK2,111.46728075794181,-0.000307392173623322,-292.75413043435435,-292.75413043435447,2243.118409116212,5.786317226913453,OW,0.02513970659771303,-2535.8725395505667,-250034.3094822646,-63.75109161349868,-69.53740884041213,30526.612467124112
2024-01-02 10:26:00,2024-01-02,STK2,111.34349769671744,-0.000307392173623322,-292.75413043435435,-292.75413043435435,1.1368683772161603e-13,1.4863401631812213e-32,OW,-0.12378306122437266,-292.75413043435447,-1.2658290154003843e-11,36.23800245124368,36.23800245124368,30562.850469575355
2024-01-02 10:27:00,2024-01-02,STK2,111.37567133650946,-0.000307392173623322,-292.75413043435435,-292.75413043435435,0.0,0.0,OW,0.03217363979202048,-292.75413043435435,-0.0,-9.418965940221097,-9.418965940221097,30553.431503635133
2024-01-02 10:28:00,2024-01-02,STK2,111.32764097644056,-0.000307392173623322,-292.75413043435435,-292.75413043435435,0.0,0.0,OW,-0.04803036006889272,-292.75413043435435,-0.0,14.061086296417624,14.061086296417624,30567.49258993155
2024-01-02 10:29:00,2024-01-02,STK2,111.23493958043935,-0.000307392173623322,0.0,0.0,292.75413043435435,0.09856072801933119,OW,-0.09270139600121752,-292.75413043435435,-32564.488010789464,27.138716576387168,27.040155848367835,30594.532745779918
2024-01-03 09:30:00,2024-01-03,STK2,111.12096374757104,0.0017593826650648776,1675.600702975304,1675.600702975304,1675.600702975304,3.2287833731830324,OW,-0.11397583286830582,0.0,-186194.3649707233,-0.0,-3.2287833731830324,30591.303962406735
2024-01-03 09:31:00,2024-01-03,STK2,111.0458694384398,0.0027058670555040964,2577.013420893964,2577.013420893964,901.4127179186598,0.934426621229331,OW,-0.07509430913124504,1675.600702975304,-100098.15898414465,-125.82807716975898,-126.76250379098832,30464.541458615746
2024-01-03 09:32:00,2024-01-03,STK2,111.09905932361858,0.0026019867858908014,2478.0799391417827,2478.0799391417827,-98.93348175218125,0.011256008883350556,OW,0.05318988517878154,2577.013420893964,10991.41675827772,137.07104796152896,137.0597919526456,30601.60125056839
2024-01-03 09:33:00,2024-01-03,STK2,111.11045347010423,0.0016824878912607615,1602.3676652742347,1602.3676652742347,-875.712273867548,0.8819027845926118,OW,0.01139414648565662,2478.0799391417827,97300.78785875936,28.235605829748515,27.353703045155903,30628.954953613546
2024-01-03 09:34:00,2024-01-03,STK2,111.2870677676122,0.0014897529968207813,1418.8108239888895,1418.8108239888895,-183.55684128534517,0.0387470810800514,OW,0.17661429750796742,1602.3676652742347,20427.502635331046,283.00103955189087,282.96229247081084,30911.917246084355
2024-01-03 09:35:00,2024-01-03,STK2,111.2619829902001,0.003506204543971686,3339.2387655686725,3339.2387655686725,1920.427941579783,4.241250000620416,OW,-0.02508477741210413,1418.8108239888895,-213670.6209699548,-35.59055370964535,-39.83180371026577,30872.08544237409
2024-01-03 09:36:00,2024-01-03,STK2,111.26976265340365,0.0023167484840075827,2206.4247110658716,2206.4247110658716,-1132.814054502801,1.4757578343909357,OW,0.007779663203550058,3339.2387655686725,126047.95097496652,25.97815295236252,24.502395117971584,30896.58783749206
2024-01-03 09:37:00,2024-01-03,STK2,111.31394922565173,0.0010883997440323992,1036.5700495017545,1036.5700495017545,-1169.8546615641171,1.5738439185607889,OW,0.04418657224807987,2206.4247110658716,130221.14239874012,97.49434490546089,95.92050098690011,30992.50833847896
2024-01-03 09:38:00,2024-01-03,STK2,111.24471482179403,0.0016621018051396982,1582.9523664233113,1582.9523664233113,546.3823169215568,0.3433136816812538,OW,-0.06923440385769197,1036.5700495017545,-60782.145029609674,-71.76630943399223,-72.10962311567349,30920.398715363288
2024-01-03 09:39:00,2024-01-03,STK2,111.40461060290836,-0.00045235351315281756,-430.81239782720013,-430.81239782720013,-2013.7647642505115,4.663535804597455,OW,0.15989578111432934,1582.9523664233113,224342.6794071858,253.10740509603144,248.443869291434,31168.84258465472
2024-01-03 09:40:00,2024-01-03,STK2,111.55660644186266,-0.0016104999772683466,-1533.8078222755723,-1533.8078222755723,-1102.9954244483722,1.3990887423071512,OW,0.15199583895429214,-430.81239782720013,123046.4264723623,-65.48169183965555,-66.88078058196271,31101.96180407276
2024-01-03 09:41:00,2024-01-03,STK2,111.45992819403055,0.0015742426879765624,1499.2771083884645,1499.2771083884643,3033.0849306640366,10.579544826114452,OW,-0.09667824783210222,-1533.8078222755723,-338067.42857820966,148.28585276877476,137.70630794266032,31239.668112015417
2024-01-03 09:42:00,2024-01-03,STK2,111.39625270048067,0.0008396440369701872,799.6601117724368,799.6601117724368,-699.6169966160274,0.562883533247135,OW,-0.06367549354988,1499.2771083884643,77934.71174859033,-95.4672098446724,-96.03009337791953,31143.6380186375
2024-01-03 09:43:00,2024-01-03,STK2,111.3773481554335,0.002247317782164459,2140.300305542007,2140.300305542007,1340.6401937695705,2.066913548523088,OW,-0.01890454504717809,799.6601117724368,-149316.94961264127,-15.117210605433499,-17.18412415395659,31126.453894483544
2024-01-03 09:44:00,2024-01-03,STK2,111.3514816175267,0.003667547987775497,3492.8990199444042,3492.8990199444042,1352.598714402397,2.1039517745334693,OW,-0.025866537906793496,2140.300305542007,-150613.87088266877,-55.362158985224035,-57.466110759757505,31068.987783723787
2024-01-03 09:45:00,2024-01-03,STK2,111.40141435870602,0.004623141313893193,4402.986905198335,4402.986905198335,910.0878852539308,0.9524989527188675,OW,0.049932741179318896,3492.8990199444042,-101385.07760801165,174.41002272838057,173.4575237756617,31242.44530749945
2024-01-03 09:46:00,2024-01-03,STK2,111.58508762962776,0.0029569309833204216,2816.1216616957245,2816.1216616957245,-1586.8652435026106,2.895862496192089,OW,0.18367327092174435,4402.986905198335,177070.4972526494,808.7110067033865,805.8151442071944,32048.260451706643
2024-01-03 09:47:00,2024-01-03,STK2,111.45674218079746,0.0049056398884263185,4672.032871989062,4672.032871989062,1855.9112102933377,3.961067383566353,OW,-0.1283454488303022,2816.1216616957245,-206853.81727611632,-361.43639863107416,-365.3974660146405,31682.862985692
2024-01-03 09:48:00,2024-01-03,STK2,111.56159306862763,0.004284624486400505,4080.5902797349363,4080.5902797349363,-591.4425922541259,0.40227499092212216,OW,0.1048508878301675,4672.032871989062,65982.27780050905,489.86679459978046,489.4645196088583,32172.32750530086
2024-01-03 09:49:00,2024-01-03,STK2,111.66052443044673,0.0016834305372196575,1603.2654223470684,1603.2654223470681,-2477.324857387868,7.057709216386593,OW,0.09893136181909767,4080.5902797349363,276619.392760511,403.69835339994995,396.6406441835634,32568.968149484423
2024-01-03 09:50:00,2024-01-03,STK2,111.7946317255328,-0.00045102204495055845,-429.5443342614991,-429.544334261499,-2032.809756608567,4.7521628325474286,OW,0.13410729508606778,1603.2654223470681,227257.2181081247,215.00958909598737,210.25742626343992,32779.22557574786
2024-01-03 09:51:00,2024-01-03,STK2,111.83218328049763,-0.0008786126759639389,-836.7730606427801,-836.7730606427801,-407.22872638128115,0.19071052092863836,OW,0.03755155496483553,-429.544334261499,45541.27756575505,-16.130057677854367,-16.320768198783007,32762.90480754908
2024-01-03 09:52:00,2024-01-03,STK2,111.87501042677304,-0.0011973605684415588,-1140.3421495696066,-1140.3421495696066,-303.56908892682645,0.10597732051464298,OW,0.04282714627541395,-836.7730606427801,33961.7949889347,-35.83660226747418,-35.94257958798882,32726.96222796109
2024-01-03 09:53:00,2024-01-03,STK2,111.925563461991,-0.0019076912873068807,-1816.846855174283,-1816.846855174283,-676.5047056046765,0.5263074092110603,OW,0.050553035217959064,-1140.3421495696066,75718.17035949176,-57.64775684771546,-58.17406425692652,32668.78816370416
2024-01-03 09:54:00,2024-01-03,STK2,111.7955335556839,-0.000760586812384404,-724.3675993920617,-724.3675993920617,1092.4792557822213,1.3725375629616474,OW,-0.13002990630710087,-1816.846855174283,-122134.3012986899,236.24442635266288,234.87188878970125,32903.66005249386
2024-01-03 09:55:00,2024-01-03,STK2,111.74143424277271,0.0010234911601745542,974.7524182945459,974.752418294546,1699.1200176866078,3.3200601596788384,OW,-0.05409931291119108,-724.3675993920617,-189862.1077269069,39.18778942223945,35.86772926256061,32939.52778175642
2024-01-03 09:56:00,2024-01-03,STK2,111.74121971583118,0.0008913308421266729,848.8855865792842,848.8855865792842,-125.86683171526181,0.01821882822494374,OW,-0.00021452694153367702,974.752418294546,14064.513297630618,-0.20911065504928436,-0.2273294832742281,32939.30045227314
2024-01-03 09:57:00,2024-01-03,STK2,111.75586180484488,0.0015072213566175395,1435.4473389077143,1435.4473389077143,586.5617523284301,0.3956628926887883,OW,0.014642089013705117,848.8855865792842,-65551.71413322368,12.429458321145162,12.033795428456374,32951.3342477016
2024-01-03 09:58:00,2024-01-03,STK2,111.74359979166917,0.0030481797397733214,2903.02514408991,2903.02514408991,1467.5778051821958,2.4768523064028996,OW,-0.012262013175714515,1435.4473389077143,-163992.42692541552,-17.60147418273073,-20.07832648913363,32931.25592121246
2024-01-03 09:59:00,2024-01-03,STK2,111.71501585157559,0.0015749369373764307,1499.9382975689416,1499.9382975689416,-1403.0868465209685,2.263950603712179,OW,-0.028583940093582783,2903.02514408991,156745.8693002272,-82.97989680883052,-85.24384741254269,32846.01207379992
2024-01-03 10:00:00,2024-01-03,STK2,111.81832823451744,-0.0015347569110529594,-1461.6716477433947,-1461.6716477433945,-2961.609945312336,10.086803488398877,OW,0.10331238294185141,1499.9382975689416,331162.272967546,154.96219978759117,144.8753962991923,32990.88747009911
2024-01-03 10:01:00,2024-01-03,STK2,111.80645577887779,-0.0004694035600703601,-447.0505199640592,-447.0505199640593,1014.6211277793352,1.1838744378766413,OW,-0.011872455639647228,-1461.6716477433945,-113441.19225537535,17.35363179756352,16.169757359686876,33007.0572274588
2024-01-03 10:02:00,2024-01-03,STK2,111.87544086172134,-0.0030258163912574233,-2881.7267402587354,-2881.7267402587354,-2434.676220294676,6.816795542318625,OW,0.06898508284355387,-447.0505199640593,272380.4755010163,-30.83981715497446,-37.656612697293085,32969.40061476151
2024-01-03 10:03:00,2024-01-03,STK2,111.99909562280267,-0.004802821372064319,-4574.1105827020465,-4574.1105827020465,-1692.383842443311,3.2937875306876636,OW,0.12365476108132611,-2881.7267402587354,189545.4598002946,-356.33923156836266,-359.63301909905033,32609.767595662455
2024-01-03 10:04:00,2024-01-03,STK2,111.8405229525356,-0.0011431530586368806,-1088.716006298546,-1088.7160062985458,3485.3945764035007,13.970171656206377,OW,-0.1585726702670769,-4574.1105827020465,-389808.3521208988,725.3289291959585,711.3587575397521,33321.126353202206
2024-01-03 10:05:00,2024-01-03,STK2,111.66945791700424,0.0024629204738078453,2345.6359774537823,2345.6359774537823,3434.351983752328,13.563989580549082,OW,-0.1710650355313561,-1088.7160062985458,-383512.22432181065,186.24124230101685,172.67725272046778,33493.80360592267
2024-01-03 10:06:00,2024-01-03,STK2,111.75163030079153,0.0025025669826666806,2383.3945159647496,2383.3945159647496,37.758538510967355,0.0016395633150568354,OW,0.08217238378729519,2345.6359774537823,-4219.5782363758235,192.74649976461947,192.74486020130442,33686.548466123975
2024-01-03 10:07:00,2024-01-03,STK2,111.59481107366645,0.004452209308958117,4240.19469784211,4240.19469784211,1856.8001818773605,3.964862952732768,OW,-0.15681922712508367,2383.3945159647496,-207209.26549815355,-373.7620859277549,-377.72694888048767,33308.82151724349
2024-01-03 10:08:00,2024-01-03,STK2,111.56104538812069,0.003909999935677045,3723.8053840960515,3723.8053840960515,-516.3893137460586,0.3066566118537941,OW,-0.03376568554575954,4240.19469784211,57608.93166876454,-143.17308082013358,-143.47973743198736,33165.3417798115
2024-01-03 10:09:00,2024-01-03,STK2,111.72619692105792,0.0028363927836401056,2701.323502017218,2701.323502017218,-1022.4818820788337,1.2022895790563948,OW,0.16515153293723017,3723.8053840960515,114238.0121053537,614.9921675433741,613.7898779643177,33779.13165777581
2024-01-03 10:10:00,2024-01-03,STK2,111.87319201820243,0.0020182012920527573,1922.0943634707041,1922.0943634707041,-779.2291385465137,0.6982777579139329,OW,0.14699509714451153,2701.323502017218,87174.8510427926,397.08131059777304,396.3830328398591,34175.51469061567
2024-01-03 10:11:00,2024-01-03,STK2,111.95901184067756,0.002004785877764664,1909.3177924278123,1909.3177924278123,-12.776571042891874,0.0001877268827561726,OW,0.08581982247513054,1922.0943634707041,1430.4522686743894,164.95379705350484,164.9536093266221,34340.468299942295
2024-01-03 10:12:00,2024-01-03,STK2,111.97365302719086,0.003669731182513875,3494.978250751321,3494.978250751321,1585.6604583235087,2.8914669524543273,OW,0.014641186513301818,1909.3177924278123,-177552.193979253,27.954677912101285,25.06321095964696,34365.53151090194
2024-01-03 10:13:00,2024-01-03,STK2,111.89202187470467,0.0024942299306802036,2375.454475150055,2375.454475150055,-1119.5237756012662,1.441333506756991,OW,-0.0816311524861959,3494.978250751321,125265.77878882883,-285.2991025230193,-286.74043602977633,34078.79107487217
2024-01-03 10:14:00,2024-01-03,STK2,111.96297387478528,0.0017561534980116069,1672.5253091500015,1672.5253091500015,-702.9291660000533,0.56822582427556,OW,0.07095200008060942,2375.454475150055,78702.03984868857,168.5432461123307,167.97502028805513,34246.76609516022
2024-01-03 10:15:00,2024-01-03,STK2,112.03802308112353,0.00047965348188137364,456.81233956874587,456.812339568746,-1215.7129695812555,1.6996517280692853,OW,0.07504920633824952,1672.5253091500015,136206.07774596591,125.52169703234303,123.82204530427374,34370.5881404645
2024-01-03 10:16:00,2024-01-03,STK2,112.12278367631795,-7.800167793117817e-05,-74.28723095320245,-74.28723095320242,-531.0995705219484,0.3243767668798877,OW,0.08476059519442458,456.812339568746,59548.36225621779,38.7196857940045,38.39530902712461,34408.98344949162
2024-01-03 10:17:00,2024-01-03,STK2,112.28461558182765,-0.0011239492188213657,-1070.426655076869,-1070.426655076869,-996.1394241236667,1.1411378151374445,OW,0.1618319055097004,-74.28723095320242,111851.13230362909,-12.022044140195945,-13.163181955333389,34395.820267536285
2024-01-03 10:18:00,2024-01-03,STK2,112.09892754555746,-0.0017883057000852342,-1703.1464204446197,-1703.1464204446197,-632.7197653677506,0.4603844467100745,OW,-0.18568803627019292,-1070.426655076869,70927.20713460159,198.76542355249495,198.30503910578489,34594.12530664207
2024-01-03 10:19:00,2024-01-03,STK2,112.10477627119785,-0.0018601540913434896,-1771.5733847943784,-1771.5733847943784,-68.42696434975869,0.005384586867641618,OW,0.0058487256403907395,-1703.1464204446197,7670.989529346929,-9.961236138594154,-9.966620725461796,34584.158685916605
2024-01-03 10:20:00,2024-01-03,STK2,112.06702215757765,-0.0011774963070822118,-1121.423826137916,-1121.423826137916,650.1495586564624,0.48609861591437176,OW,-0.03775411362019554,-1771.5733847943784,-72860.32499569311,66.88418285604135,66.39808424012698,34650.556770156734
2024-01-03 10:21:00,2024-01-03,STK2,112.10244629886735,-0.0009634750226728251,-917.5942547042212,-917.5942547042212,203.8295714336948,0.04777846831947024,OW,0.0354241412896954,-1121.423826137916,-22849.793585766918,-39.72547606274034,-39.77325453105981,34610.78351562568
2024-01-03 10:22:00,2024-01-03,STK2,112.17153778504417,-0.0004950931487034444,-471.5167680563439,-471.5167680563439,446.07748664787727,0.22883289270820012,OW,0.06909148617681637,-917.5942547042212,-50037.1976485799,-63.397950764822816,-63.626783657531014,34547.15673196815
2024-01-03 10:23:00,2024-01-03,STK2,111.92724666915677,0.003291066452864186,3134.3455698731245,3134.3455698731245,3605.8623379294686,14.952579680112898,OW,-0.2442911158873926,-471.5167680563439,-403594.243352454,115.18735742810112,100.23477774798823,34647.39150971614
2024-01-03 10:24:00,2024-01-03,STK2,111.92672811453303,0.004534317625217444,4318.393008633795,4318.393008633795,1184.0474387606705,1.6122635878210592,OW,-0.0005185546237385097,3134.3455698731245,-132526.55575287476,-1.6253293876520227,-3.237592975473082,34644.153916740666
2024-01-03 10:25:00,2024-01-03,STK2,111.94942636346869,0.0001517716767618804,144.54429574851457,144.54429574851474,-4173.84871288528,20.034165039762225,OW,0.02269824893565442,4318.393008633795,467259.9691354093,98.01995951195953,77.9857944721973,34722.13971121286
2024-01-03 10:26:00,2024-01-03,STK2,112.00375304924408,0.0001517716767618804,144.54429574851457,144.54429574851457,-1.7053025658242404e-13,3.344265367157748e-32,OW,0.05432668577539346,144.54429574851474,1.9100028745682052e-11,7.8526125357551,7.8526125357551,34729.992323748615
2024-01-03 10:27:00,2024-01-03,STK2,112.11425849552353,0.0001517716767618804,144.54429574851457,144.54429574851457,0.0,0.0,OW,0.11050544627944703,144.54429574851457,-0.0,15.97293190883798,15.97293190883798,34745.96525565745
2024-01-03 10:28:00,2024-01-03,STK2,112.20462295621766,0.0001517716767618804,144.54429574851457,144.54429574851457,0.0,0.0,OW,0.09036446069413273,144.54429574851457,-0.0,13.061667331727742,13.061667331727742,34759.02692298918
2024-01-03 10:29:00,2024-01-03,STK2,112.31395160829848,0.0001517716767618804,0.0,0.0,-144.54429574851457,0.02402701144844915,OW,0.10932865208081921,144.54429574851457,16234.34103795425,15.802833020156385,15.778806008707935,34774.80572899789
2024-01-04 09:30:00,2024-01-04,STK2,112.37077186416296,0.00089260734691364,850.1013040925146,850.1013040925146,850.1013040925146,0.831073061302763,OW,0.05682025586447992,0.0,-95526.53970360738,0.0,-0.831073061302763,34773.97465593659
2024-01-04 09:31:00,2024-01-04,STK2,112.4317601672738,0.0007686220581541154,732.0202060294081,732.0202060294081,-118.08109806310654,0.01603461757775733,OW,0.060988303110832476,850.1013040925146,13276.065697719532,51.84623600890826,51.8302013913305,34825.804857327916
2024-01-04 09:32:00,2024-01-04,STK2,112.48096120172364,-0.00036337450205416795,-346.0705753076251,-346.07057530762506,-1078.0907813370331,1.3366216927244787,OW,0.04920103444985102,732.0202060294081,121264.68734750676,36.01615137483995,34.67952968211547,34860.48438701003
2024-01-04 09:33:00,2024-01-04,STK2,112.49329516273494,-0.0013173510690141065,-1254.6186916215345,-1254.6186916215345,-908.5481163139094,0.9492786316061859,OW,0.012333961011293582,-346.07057530762506,102205.57141804745,-4.268420983000187,-5.2176996146063725,34855.26668739542
2024-01-04 09:34:00,2024-01-04,STK2,112.33846303699796,0.0010021678204724333,954.4444979631054,954.4444979631055,2209.06318958464,5.611954201914542,OW,-0.15483212573697358,-1254.6186916215345,-248162.76346954692,194.25527901310272,188.6433248111882,35043.91001220661
2024-01-04 09:35:00,2024-01-04,STK2,112.38466295571557,0.0003833350625362727,365.0806120891132,365.0806120891132,-589.3638858739923,0.399452258468366,OW,0.04619991871760476,954.4444979631055,66235.46167221945,44.095258226360556,43.69580596789219,35087.6058181745
2024-01-04 09:36:00,2024-01-04,STK2,112.43465454476203,-0.00046996887689817535,-447.5889163532587,-447.5889163532587,-812.6695284423719,0.759496526827559,OW,0.0499915890464564,365.0806120891132,91372.21768947275,18.250959928387708,17.49146340156015,35105.09728157606
2024-01-04 09:37:00,2024-01-04,STK2,112.38334308134364,-0.0010474502506868798,-997.5705747435419,-997.5705747435419,-549.9816583902832,0.34785179825058504,OW,-0.05131146341838644,-447.5889163532587,61808.77740332153,22.966442307935463,22.61859050968488,35127.71587208575
2024-01-04 09:38:00,2024-01-04,STK2,112.31095027647885,0.003328840224442606,3170.320551022831,3170.3205510228313,4167.891125766373,19.977013901678394,OW,-0.0723928048647906,-997.5705747435419,-468099.8129837246,72.21693195626624,52.23991805458785,35179.95579014034
2024-01-04 09:39:00,2024-01-04,STK2,112.36206605147254,0.004573779125679905,4355.975348865003,4355.975348865003,1185.6547978421718,1.6166438945930852,OW,0.05111577499368991,3170.3205510228313,-133222.62270938742,162.05339194395407,160.43674804936097,35340.3925381897
2024-01-04 09:40:00,2024-01-04,STK2,112.35337448746346,0.005221892814785621,4973.225805310423,4973.225805310423,617.2504564454202,0.4381478448793915,OW,-0.008691564009083663,4355.975348865003,-69350.17168557005,-37.860238566650715,-38.2983864115301,35302.09415177817
2024-01-04 09:41:00,2024-01-04,STK2,112.32761563736207,0.005653797827424875,5384.563462073232,5384.563462073232,411.33765676280836,0.1945784680517856,OW,-0.02575885010138279,4973.225805310423,-46204.57820602591,-128.1045780393199,-128.2991565073717,35173.79499527079
2024-01-04 09:42:00,2024-01-04,STK2,112.22512101940414,0.0048519357047645045,4620.886086424291,4620.886086424291,-763.677375648941,0.6706836041897618,OW,-0.10249461795793025,5384.563462073232,85703.78590198337,-551.8887749154261,-552.5594585196159,34621.23553675118
2024-01-04 09:43:00,2024-01-04,STK2,112.54082828479278,0.0009361325685642061,891.5538507402647,891.5538507402648,-3729.332235684026,15.994106762728814,OW,0.3157072653886388,4620.886086424291,419702.13875305833,1458.8473100174222,1442.8532032546934,36064.08874000587
2024-01-04 09:44:00,2024-01-04,STK2,112.70247413066254,0.0001250637592291429,119.10821167114237,119.10821167114239,-772.4456390691224,0.6861731051144406,OW,0.1616458458697565,891.5538507402648,87056.53465453086,144.11597634134873,143.42980323623428,36207.518543242106
2024-01-04 09:45:00,2024-01-04,STK2,112.75123914264358,-0.0012525920876631717,-1192.9435388362876,-1192.9435388362876,-1312.05175050743,1.9797017654110525,OW,0.04876501198104677,119.10821167114239,147935.46068898737,5.808313369184313,3.828611603773261,36211.34715484588
2024-01-04 09:46:00,2024-01-04,STK2,112.76368708458958,0.0006064743568184771,577.5939929384622,577.5939929384622,1770.5375317747498,3.605023624136476,OW,0.01244794194599308,-1192.9435388362876,-199652.34020456945,-14.84969191628165,-18.454715540418125,36192.892439305455
2024-01-04 09:47:00,2024-01-04,STK2,112.5897564916364,0.0037989966684324476,3618.088102505838,3618.088102505838,3040.4941095673757,10.631295094860993,OW,-0.1739305929531838,577.5939929384622,-342328.49141044565,-100.46126567798379,-111.09256077284478,36081.79987853261
2024-01-04 09:48:00,2024-01-04,STK2,112.5586072055763,0.0049306690579338395,4695.8701501744445,4695.8701501744445,1077.7820476686065,1.3358562636182443,OW,-0.031149286060099257,3618.088102505838,-121313.6461567524,-112.70086129559607,-114.03671755921431,35967.7631609734
2024-01-04 09:49:00,2024-01-04,STK2,112.6481192460776,0.004580855974274336,4362.715197287484,4362.715197287484,-333.15495288696,0.1276410560280794,OW,0.08951204050130457,4695.8701501744445,37529.278860231636,420.336919071282,420.2092780152539,36387.972438988654
2024-01-04 09:50:00,2024-01-04,STK2,112.57424012837268,0.0036920411024457733,3516.2257702725124,3516.2257702725124,-846.4894270149721,0.824026002555356,OW,-0.0738791177049194,4362.715197287484,95292.90402291207,-322.3135495734427,-323.137575575998,36064.83486341266
2024-01-04 09:51:00,2024-01-04,STK2,112.75215618064351,0.0033421262281168253,3182.9738739970194,3182.9738739970194,-333.251896275493,0.1277153503268937,OW,0.17791605227083096,3516.2257702725124,37574.86985634999,625.5930079398472,625.4652925895203,36690.30015600218
2024-01-04 09:52:00,2024-01-04,STK2,112.86199230397749,0.001762304988149176,1678.383864769268,1678.383864769268,-1504.5900092277514,2.6033597602481593,OW,0.1098361233339773,3182.9738739970194,169811.02604210388,349.60551099316416,347.002151232916,37037.3023072351
2024-01-04 09:53:00,2024-01-04,STK2,112.93132204606866,0.0006793876636282888,647.0351614646221,647.0351614646222,-1031.3487033046458,1.2232321699794002,OW,0.06932974209117049,1678.383864769268,116471.57255469228,116.36192047443532,115.13868830445593,37152.44099553955
2024-01-04 09:54:00,2024-01-04,STK2,112.99002325266221,0.0014574151936847038,1388.0129499712489,1388.0129499712489,740.9777885066267,0.6314052955191967,OW,0.058701206593553934,647.0351614646222,-83723.09755306997,37.981744686428314,37.35033939090912,37189.791334930465
2024-01-04 09:55:00,2024-01-04,STK2,112.83693360453141,0.0036239520200606334,3451.3790961663553,3451.3790961663553,2063.3661461951065,4.8961018312536515,OW,-0.15308964813080195,1388.0129499712489,-232823.90884005508,-212.4904141120949,-217.38651594334854,36972.40481898712
2024-01-04 09:56:00,2024-01-04,STK2,112.98411980208708,0.0019738871249808335,1879.8904410541204,1879.8904410541204,-1571.488655112235,2.8400130821184297,OW,0.1471861975556692,3451.3790961663553,177553.26247682146,507.9953654878482,505.15535240572973,37477.56017139285
2024-01-04 09:57:00,2024-01-04,STK2,112.95342908010365,0.0020193397946986625,1923.178650517347,1923.178650517347,43.28820946322662,0.0021549494403120097,OW,-0.030690721983432923,1879.8904410541204,-4889.551697609239,-57.69519488570511,-57.69734983514542,37419.862821557705
2024-01-04 09:58:00,2024-01-04,STK2,112.92627413887594,0.00457295473254929,4355.190213410043,4355.190213410043,2432.011562892696,6.801882278350338,OW,-0.027154941227706786,1923.178650517347,-274638.0044601367,-52.223803225179005,-59.025685503529346,37360.83713605418
2024-01-04 09:59:00,2024-01-04,STK2,113.05436904703501,0.002823798142477399,2689.3286188090356,2689.3286188090356,-1665.8615946010073,3.191359080221601,OW,0.12809490815907054,4355.190213410043,188332.9314973045,557.8776904020423,554.6863313218207,37915.523467376
2024-01-04 10:00:00,2024-01-04,STK2,113.09417508826574,0.0020435522235102213,1946.2380812727883,1946.2380812727883,-743.0905375362472,0.635011079022295,OW,0.03980604123073306,2689.3286188090356,84039.21135855785,107.05152588330286,106.41651480428057,38021.93998218028
2024-01-04 10:01:00,2024-01-04,STK2,113.09452664773113,0.003792931566104425,3612.311820900791,3612.311820900791,1666.0737396280028,3.1921719617597435,OW,0.00035155946538623084,1946.2380812727883,-188423.8209434442,0.6842184193665851,-2.5079535423931585,38019.432028637886
2024-01-04 10:02:00,2024-01-04,STK2,113.06785878230278,0.004170805166318401,3972.1910459987607,3972.1910459987607,359.87922509796954,0.14894001515568225,OW,-0.02666786542835098,3612.311820900791,-40690.77340206177,-96.33264552502378,-96.48158554017947,37922.9504430977
2024-01-04 10:03:00,2024-01-04,STK2,113.2683180321929,0.0018102410855810572,1724.0372408935527,1724.0372408935527,-2248.153805105208,5.812324861120378,OW,0.2004592498901161,3972.1910459987607,254644.6001819413,796.2624375011472,790.4501126400269,38713.40055573773
2024-01-04 10:04:00,2024-01-04,STK2,113.2406956986453,-0.0008187172378888017,-779.7298487614054,-779.7298487614053,-2503.767089654958,7.2091770851251455,OW,-0.027622333547597577,1724.0372408935527,283528.3270998999,-47.621931716441544,-54.83110880156669,38658.56944693616
2024-01-04 10:05:00,2024-01-04,STK2,113.21090899925633,-0.0011730517959872263,-1117.1909630643988,-1117.1909630643988,-337.46111430299356,0.13096200421661078,OW,-0.029786699388964166,-779.7298487614053,38204.27950214384,23.225578609658474,23.094616605441864,38681.664063541604
2024-01-04 10:06:00,2024-01-04,STK2,113.36744148803476,-0.0023218104362913764,-2211.245612722783,-2211.245612722783,-1094.054649658384,1.3764989129049985,OW,0.1565324887784243,-1117.1909630643988,124030.17647985922,-174.87668188923504,-176.25318080214004,38505.41088273947
2024-01-04 10:07:00,2024-01-04,STK2,113.37443700035055,-0.001111427843870044,-1058.5015491364404,-1058.5015491364404,1152.7440635863425,1.5281417075535861,OW,0.006995512315796759,-2211.245612722783,-130691.70921459788,-15.468795917053779,-16.996937624607366,38488.41394511486
2024-01-04 10:08:00,2024-01-04,STK2,113.3643702000382,0.00021928204380080468,208.8398129857331,208.83981298573303,1267.3413621221735,1.8470772473675385,OW,-0.010066800312358737,-1058.5015491364404,-143671.35534543873,10.655723725478925,8.808646478111386,38497.22259159297
2024-01-04 10:09:00,2024-01-04,STK2,113.10171373903361,0.002447479342101125,2330.9301538394743,2330.9301538394748,2122.0903408537415,5.17875752695646,OW,-0.26265646100458184,208.83981298573303,-240012.05425960815,-54.85312619569135,-60.03188372264781,38437.190707870315
2024-01-04 10:10:00,2024-01-04,STK2,113.0402968686244,0.003138370426722878,2988.9209423464713,2988.9209423464713,657.9907885069965,0.4978946594240678,OW,-0.06141687040921795,2330.9301538394748,-74379.47406965113,-143.15843519129749,-143.65632985072156,38293.53437801959
2024-01-04 10:11:00,2024-01-04,STK2,113.09378743778825,-0.0005672247600913104,-540.2134655674524,-540.2134655674522,-3529.1344079139235,14.323008119490252,OW,0.05349056916385564,2988.9209423464713,399123.176568002,159.8790823918805,145.55607427239025,38439.09045229198
2024-01-04 10:12:00,2024-01-04,STK2,113.20909368969764,-0.0023152798081948257,-2205.0259737285296,-2205.0259737285296,-1664.8125081610774,3.187340790429013,OW,0.11530625190938792,-540.2134655674522,188471.91521218792,-62.2899899455641,-65.47733073599312,38373.61312155599
2024-01-04 10:13:00,2024-01-04,STK2,113.31812775382589,-0.005432798012751289,-5174.087678619484,-5174.087678619484,-2969.0617048909544,10.137626518567476,OW,0.10903406412825234,-2205.0259737285296,336448.51358382526,-240.42294342397855,-250.56056994254604,38123.052551613444
2024-01-04 10:14:00,2024-01-04,STK2,113.25451940763979,-0.0016214026728496723,-1544.1913305044213,-1544.1913305044213,3629.8963481150627,15.152569622767926,OW,-0.06360834618610056,-5174.087678619484,-411102.1664053182,329.11516025886556,313.9625906360976,38437.01514224954
2024-01-04 10:15:00,2024-01-04,STK2,113.25467115144171,-0.00214361105663566,-2041.5321036892767,-2041.5321036892767,-497.3407731848554,0.2844500213729262,OW,0.00015174380192206627,-1544.1913305044213,56326.16571725456,-0.23432146338583487,-0.518771484758761,38436.496370764784
2024-01-04 10:16:00,2024-01-04,STK2,112.97743830439155,-0.001457457545147998,-1388.0532846540198,-1388.0532846540198,653.478819035257,0.4910897519668711,OW,-0.2772328470501577,-2041.5321036892767,-73828.3629607824,565.979757450076,565.4886676981091,39001.985038462895
2024-01-04 10:17:00,2024-01-04,STK2,112.93640550024516,-0.002259693795950879,-2152.0869724293916,-2152.0869724293916,-764.0336877753718,0.6713095974639794,OW,-0.041032804146396984,-1388.0532846540198,86287.2183784471,56.95571857397142,56.284408976507436,39058.2694474394
2024-01-04 10:18:00,2024-01-04,STK2,112.76630179271466,-0.0013173852121799307,-1254.6512088867053,-1254.6512088867053,897.4357635426863,0.926199592138261,OW,-0.17010370753050097,-2152.0869724293916,-101200.51215122988,366.07797293833056,365.1517733461923,39423.421220785596
2024-01-04 10:19:00,2024-01-04,STK2,113.04375719267867,-0.003959420399260662,-3770.872440721291,-3770.872440721291,-2516.2212318345855,7.281074680665432,OW,0.2774553999640119,-1254.6512088867053,284443.1019745717,-348.1097529769919,-355.3908276576573,39068.03039312794
2024-01-04 10:20:00,2024-01-04,STK2,112.99722107274931,-0.0023600692621774423,-2247.6825498500098,-2247.6825498500098,1523.189890871281,2.668123560200334,OW,-0.0465361199293568,-3770.872440721291,-172116.22483455905,175.48177213971238,172.81364857951203,39240.84404170745
2024-01-04 10:21:00,2024-01-04,STK2,112.7818132171084,0.0008550004763945287,814.2852761585344,814.2852761585345,3061.9678260085443,10.781994012638213,OW,-0.2154078556409189,-2247.6825498500098,-345334.2834296911,484.16847822470345,473.3864842120652,39714.23052591952
2024-01-04 10:22:00,2024-01-04,STK2,112.66932979135397,0.0017188768016173227,1637.0237324190766,1637.0237324190766,822.7384562605421,0.7784333525214767,OW,-0.11248342575441939,814.2852761585345,-92697.39046044847,-91.59359740369541,-92.37203075621689,39621.8584951633
2024-01-04 10:23:00,2024-01-04,STK2,112.58351133970434,0.003463162871514744,3298.246741458087,3298.246741458087,1661.2230090390103,3.173611168624717,OW,-0.08581845164962942,1637.0237324190766,-187026.3194759212,-140.48684202990242,-143.66045319852714,39478.19804196477
2024-01-04 10:24:00,2024-01-04,STK2,112.62474805228828,0.004277555521614248,4073.8579396929695,4073.8579396929695,775.6111982348825,0.6918086404514527,OW,0.04123671258393813,3298.246741458087,-87353.01578773707,136.00885290841762,135.31704426796617,39613.51508623274
2024-01-04 10:25:00,2024-01-04,STK2,112.72104796452693,0.0007360110106252371,700.9620995417358,700.9620995417358,-3372.8958401512336,13.082890300785918,OW,0.0962999122386492,4073.8579396929695,380196.35377704055,392.3121620651572,379.22927176437133,39992.744357997115
2024-01-04 10:26:00,2024-01-04,STK2,112.79240694954167,0.0007360110106252371,700.9620995417358,700.9620995417358,0.0,0.0,OW,0.07135898501474003,700.9620995417358,-0.0,50.019943957099436,50.019943957099436,40042.764301954216
2024-01-04 10:27:00,2024-01-04,STK2,112.75674788732395,0.0007360110106252371,700.9620995417358,700.9620995417358,0.0,0.0,OW,-0.035659062217717974,700.9620995417358,-0.0,-24.995651119820977,-24.995651119820977,40017.7686508344
2024-01-04 10:28:00,2024-01-04,STK2,112.82588505737493,0.0007360110106252371,700.9620995417358,700.9620995417358,0.0,0.0,OW,0.06913717005097908,700.9620995417358,-0.0,48.46253587530831,48.46253587530831,40066.23118670971
2024-01-04 10:29:00,2024-01-04,STK2,112.93961563458664,0.0007360110106252371,0.0,0.0,-700.9620995417358,0.5650500447430521,OW,0.11373057721171165,700.9620995417358,79166.39009665651,79.7208241844149,79.15577413967185,40145.386960849384
2024-01-05 09:30:00,2024-01-05,STK2,113.2166983033961,-0.003468824090754466,-3303.6383729241306,-3303.6383729241306,-3303.6383729241306,12.551130473915315,OW,0.27708266880945587,0.0,374027.0289708737,0.0,-12.551130473915315,40132.83583037547
2024-01-05 09:31:00,2024-01-05,STK2,113.11184786488448,-0.001922083394220118,-1830.5536086509221,-1830.5536086509221,1473.0847642732085,2.495475531143932,OW,-0.1048504385116189,-3303.6383729241306,-166623.33974855038,346.38793208490625,343.8924565537623,40476.72828692923
2024-01-05 09:32:00,2024-01-05,STK2,112.99220705762951,-0.0008186309196512435,-779.647641006149,-779.6476410061489,1050.9059676447732,1.2700638557561066,OW,-0.11964080725496729,-1830.5536086509221,-118744.18469421672,219.00891146248978,217.73884760673366,40694.46713453597
2024-01-05 09:33:00,2024-01-05,STK2,113.0396993790697,-0.0047002254894673995,-4476.400325340024,-4476.400325340024,-3696.7526843338755,15.71587747049917,OW,0.047492321440188334,-779.6476410061489,417879.81211587024,-37.02727637674858,-52.743153847247754,40641.72398068872
2024-01-05 09:34:00,2024-01-05,STK2,112.96618377887246,-0.006716232070910452,-6396.404490519321,-6396.404490519321,-1920.0041651792972,4.239378393451727,OW,-0.0735156001972399,-4476.400325340024,216895.54337984507,329.0852566404919,324.84587824704016,40966.56985893576
2024-01-05 09:35:00,2024-01-05,STK2,112.8668726114918,-0.003936400852041408,-3748.9490864285326,-3748.9490864285326,2647.4554040907888,8.060373134146948,OW,-0.09931116738066237,-6396.404490519321,-298810.0118381206,635.2343969923847,627.1740238582378,41593.743882794
2024-01-05 09:36:00,2024-01-05,STK2,112.90045675124279,-0.003793147358172352,-3612.5173369308714,-3612.5173369308714,136.43174949766126,0.021405665611641478,OW,0.03358413975098529,-3748.9490864285326,-15403.206833657094,-125.90523003794446,-125.9266357035561,41467.81724709044
2024-01-05 09:37:00,2024-01-05,STK2,112.879464109374,-0.004695461151081566,-4471.862865180259,-4471.862865180259,-859.3455282493878,0.8492459474605522,OW,-0.020992641868787132,-3612.5173369308714,97002.46271357781,75.8362826989744,74.98703675151386,41542.80428384195
2024-01-05 09:38:00,2024-01-05,STK2,112.58053720219971,-0.002074780519415352,-1975.9792828944542,-1975.9792828944542,2495.883582285805,7.1638500847723945,OW,-0.29892690717429105,-4471.862865180259,-280987.91448788653,1336.7601355958984,1329.596285511126,42872.40056935308
2024-01-05 09:39:00,2024-01-05,STK2,112.32754003706077,0.0014903351296169725,1419.3652355685256,1419.3652355685258,3395.34451846298,13.257619058915095,OW,-0.252997165138936,-1975.9792828944542,-381390.6973372652,499.91715694556456,486.65953788664945,43359.060107239726
2024-01-05 09:40:00,2024-01-05,STK2,112.47646768866578,-0.0016867377330493526,-1606.4151292113847,-1606.4151292113847,-3025.7803647799105,10.528648838270794,OW,0.14892765160500687,1419.3652355685258,340329.08743216697,211.38273130300792,200.85408246473713,43559.91418970446
2024-01-05 09:41:00,2024-01-05,STK2,112.5227030575119,-0.005091367823193031,-4848.916425656326,-4848.916425656326,-3242.5012964449415,12.090886856064193,OW,0.046235368846126335,-1606.4151292113847,364855.01054347155,-74.27319601908607,-86.36408287515026,43473.55010682931
2024-01-05 09:42:00,2024-01-05,STK2,112.42137734129362,-0.004954678838003056,-4718.7365823390355,-4718.7365823390355,130.17984331729076,0.019488810347031527,OW,-0.1013257162182839,-4848.916425656326,-14634.997287803626,491.31992971222843,491.3004409018814,43964.85054773119
2024-01-05 09:43:00,2024-01-05,STK2,112.35656854616455,-0.0035068219144290457,-3339.8267367888557,-3339.8267367888557,1378.9098455501799,2.1866012164785036,OW,-0.06480879512906768,-4718.7365823390355,-154929.57858053996,305.8156324328475,303.629031216369,44268.47957894756
2024-01-05 09:44:00,2024-01-05,STK2,112.42020147226287,-0.002608898970517909,-2484.6629649099996,-2484.6629649099996,855.1637718788561,0.8410008382441828,OW,0.06363292609832172,-3339.8267367888557,-96137.68352640125,-212.52294792328422,-213.3639487615284,44055.11563018603
2024-01-05 09:45:00,2024-01-05,STK2,112.28716031107142,0.001020285158719857,971.6990869199116,971.6990869199117,3456.3620518299113,13.738404428329352,OW,-0.13304116119145704,-2484.6629649099996,-388105.079806929,330.5624460210348,316.82404159270544,44371.93967177874
2024-01-05 09:46:00,2024-01-05,STK2,112.03089717044642,0.004005619598395891,3814.8716298033496,3814.8716298033496,2843.172542883438,9.296174624897214,OW,-0.2562631406249949,971.6990869199117,-318523.1707896111,-249.01065975653646,-258.30683438143365,44113.63283739731
2024-01-05 09:47:00,2024-01-05,STK2,111.94214496448275,0.002716669049864627,2587.3010233032855,2587.3010233032855,-1227.570606500064,1.732969033034375,OW,-0.08875220596367228,3814.8716298033496,137416.88678696819,-338.578272613277,-340.3112416463114,43773.321595751
2024-01-05 09:48:00,2024-01-05,STK2,112.00603032683946,0.0032202775224949567,3066.927614788762,3066.927614788762,479.62659148547664,0.2645479173489727,OW,0.06388536235671438,2587.3010233032855,-53721.07055148094,165.29066339962833,165.02611548227935,43938.34771123328
2024-01-05 09:49:00,2024-01-05,STK2,112.14915124254173,0.000590102019725466,562.0013080228208,562.0013080228209,-2504.9263067659413,7.215854172677266,OW,0.14312091570226926,3066.927614788762,280925.359228915,438.9414886211442,431.7256344484669,44370.07334568175
2024-01-05 09:50:00,2024-01-05,STK2,112.33812303750295,-0.002335716629786778,-2224.4895920226163,-2224.4895920226163,-2786.4909000454372,8.929211266441433,OW,0.18897179496121908,562.0013080228209,313029.15757218667,106.20239594762543,97.273184681184,44467.346530362935
2024-01-05 09:51:00,2024-01-05,STK2,112.34576078709466,-0.002470355992274558,-2352.717415856695,-2352.717415856695,-128.22782383407866,0.01890873102600704,OW,0.007637749591708598,-2224.4895920226163,14405.852422713117,-16.990094473230762,-17.009003204256768,44450.33752715868
2024-01-05 09:52:00,2024-01-05,STK2,112.14285715749133,0.0010823155658421064,1030.7756004287296,1030.7756004287294,3383.4930162854243,13.165228739940071,OW,-0.20290362960332686,-2352.717415856695,-379434.5740186658,477.37490310828315,464.2096743683431,44914.54720152702
2024-01-05 09:53:00,2024-01-05,STK2,112.25138533867619,0.0008649466017329962,823.7577661062526,823.7577661062526,-207.0178343224768,0.04928484128670372,OW,0.10852818118485175,1030.7756004287294,23238.038692510567,111.86820112425349,111.81891628296678,45026.36611780999
2024-01-05 09:54:00,2024-01-05,STK2,112.16196661025192,0.0017287208255968634,1646.398983083841,1646.398983083841,822.6412169775883,0.7782493576509225,OW,-0.08941872842426335,823.7577661062526,-92269.05671085727,-73.65937197483285,-74.43762133248377,44951.9284964775
2024-01-05 09:55:00,2024-01-05,STK2,112.09149667389433,0.0033662872767775773,3205.9843713290957,3205.9843713290957,1559.5853882452548,2.7971525707123166,OW,-0.07046993635759691,1646.398983083841,-174816.26035914716,-116.02163155713053,-118.81878412784285,44833.10971234966
2024-01-05 09:56:00,2024-01-05,STK2,112.08717694568304,0.0053682707352565905,5112.633195931824,5112.633195931824,1906.6488246027284,4.180606201412809,OW,-0.004319728211285678,3205.9843713290957,-213710.88417652462,-13.848981133771275,-18.029587335184083,44815.08012501447
2024-01-05 09:57:00,2024-01-05,STK2,112.19924572188258,0.0036218043486009746,3449.333697016403,3449.333697016403,-1663.2994989154208,3.181550006556133,OW,0.11206877619953559,5112.633195931824,186620.94918789546,572.9665454252,569.7849954186439,45384.86512043312
2024-01-05 09:58:00,2024-01-05,STK2,112.28856694955867,0.0026412457944127443,2515.4694301170475,2515.4694301170475,-933.8642668993557,1.0029178393401916,OW,0.08932122767609485,3449.333697016403,104862.28025552884,308.0987204820281,307.09580264268794,45691.96092307581
2024-01-05 09:59:00,2024-01-05,STK2,112.27559849485331,0.004845540348863435,4614.795277951302,4614.795277951302,2099.325847834254,5.06824436769276,OW,-0.012968454705358567,2515.4694301170475,-235703.06600130623,-32.62175136718706,-37.689995734879815,45654.27092734093
2024-01-05 10:00:00,2024-01-05,STK2,112.34995870894686,0.00552139526020914,5258.465917117463,5258.465917117463,643.670639166161,0.47645867548326026,OW,0.0743602140935451,4614.795277951302,-72316.36973247962,343.1571648663397,342.6807061908564,45996.95163353178
2024-01-05 10:01:00,2024-01-05,STK2,112.5227695048118,0.0010129842458860227,964.7458442174303,964.7458442174302,-4293.720072900032,21.201436874088355,OW,0.1728107958649474,5258.465917117463,483141.2740811141,908.7196801657693,887.518243291681,46884.46987682347
2024-01-05 10:02:00,2024-01-05,STK2,112.48058759833395,0.0018058151661846614,1719.822084180252,1719.822084180252,755.0762399628218,0.6556611473798516,OW,-0.04218190647785036,964.7458442174302,-84931.41915255881,-40.69481897567444,-41.35048012305429,46843.119396700415
2024-01-05 10:03:00,2024-01-05,STK2,112.48321464869174,0.001746735466724906,1663.5557653674057,1663.5557653674057,-56.26631881284629,0.003640783427661189,OW,0.0026270503577876525,1719.822084180252,6329.016416517112,4.518059221576837,4.514418438149176,46847.633815138564
2024-01-05 10:04:00,2024-01-05,STK2,112.66559305805366,-9.109969783257772e-05,-86.7615219588833,-86.76152195888335,-1750.317287326289,3.523152197260247,OW,0.18237840936191674,1663.5557653674057,197200.53521638006,303.3966543725534,299.8735021752932,47147.50731731386
2024-01-05 10:05:00,2024-01-05,STK2,112.80015309303944,-0.0021005286545821115,-2000.50128952917,-2000.50128952917,-1913.7397675702866,4.21175988267697,OW,0.13456003498578184,-86.76152195888335,215870.13876216605,-11.674633430207022,-15.886393312883992,47131.62092400098
2024-01-05 10:06:00,2024-01-05,STK2,112.57319065153955,0.0015198092643332701,1447.4358093162757,1447.4358093162757,3447.9370988454457,13.671510773233958,OW,-0.22696244149989298,-2000.50128952917,-388145.2803828445,454.0386568952247,440.36714612199074,47571.98807012297
2024-01-05 10:07:00,2024-01-05,STK2,112.60138772142531,0.0003642333339108887,346.8885095134312,346.88850951343125,-1100.5472998028445,1.3928850129688315,OW,0.028197069885763426,1447.4358093162757,123923.1532108678,40.81344867044757,39.42056365747874,47611.40863378045
2024-01-05 10:08:00,2024-01-05,STK2,112.59877160373283,0.00046141171002596473,439.43924254365317,439.43924254365317,92.55073303022192,0.009850483912096121,OW,-0.0026161176924830443,346.88850951343125,-10421.09885022801,-0.9075011670571603,-0.9173516509692564,47610.49128212948
2024-01-05 10:09:00,2024-01-05,STK2,112.61788197378058,-0.00297435929254348,-2832.720033252802,-2832.720033252802,-3272.159275796455,12.313080275107895,OW,0.01911037004775551,439.43924254365317,368503.6471210565,8.397846538514598,-3.915233736593297,47606.57604839288
2024-01-05 10:10:00,2024-01-05,STK2,112.57345478037729,-0.0027930927475097473,-2660.0854175347786,-2660.0854175347786,172.63461571802327,0.034273117125726,OW,-0.04442719340329404,-2832.720033252802,-19434.075106060704,125.84980077470776,125.81552765758204,47732.39157605047
2024-01-05 10:11:00,2024-01-05,STK2,112.66867398229873,-0.0051182560947688445,-4874.524275300884,-4874.524275300884,-2214.4388577661057,5.639300373002122,OW,0.09521920192143796,-2660.0854175347786,249497.88971938335,-253.29121050051668,-258.9305108735188,47473.46106517695
2024-01-05 10:12:00,2024-01-05,STK2,112.59417765737273,-0.004722308741589597,-4497.431970993172,-4497.431970993172,377.09230430771186,0.1635283968633149,OW,-0.07449632492600244,-4874.524275300884,-42458.39790445057,363.13414427250126,362.9706158756379,47836.431681052585
2024-01-05 10:13:00,2024-01-05,STK2,112.60019953819307,-0.0037743757709233407,-3594.639654369275,-3594.639654369275,902.7923166238975,0.937289061998415,OW,0.006021880820341607,-4497.431970993172,-101654.59499339842,-27.082999326914937,-28.02028838891335,47808.41139266367
2024-01-05 10:14:00,2024-01-05,STK2,112.31386518055434,0.00016033765319040512,152.7023596025634,152.70235960256332,3747.3420139718382,16.14895799513029,OW,-0.2863343576387223,-3594.639654369275,-420878.46574266005,1029.268836376505,1013.1198783813747,48821.531271045045
2024-01-05 10:15:00,2024-01-05,STK2,112.28566641887426,0.00022133397008941276,210.79402635836425,210.79402635836425,58.09166675580093,0.0038808380084370798,OW,-0.028198761680087614,152.70235960256332,-6522.861515058271,-4.306017446419721,-4.309898284428159,48817.221372760614
2024-01-05 10:16:00,2024-01-05,STK2,112.17383861232842,0.002994093394569815,2851.5143955507237,2851.5143955507237,2640.7203691923596,8.019414678507545,OW,-0.11182780654583269,210.79402635836425,-296219.74051407207,-23.572633600620314,-31.59204827912786,48785.62932448149
2024-01-05 10:17:00,2024-01-05,STK2,112.1348623501491,0.0027234639495570256,2593.7723492560226,2593.7723492560226,-257.74204629470114,0.07639560679240683,OW,-0.038976262179318155,2851.5143955507237,28901.86888310207,-111.14137268908495,-111.21776829587735,48674.41155618561
2024-01-05 10:18:00,2024-01-05,STK2,112.22511903422325,0.0019929546582772573,1898.0499766855087,1898.0499766855087,-695.7223725705139,0.5566340626494166,OW,0.09025668407414855,2593.7723492560226,78077.52607649815,234.10529148706294,233.54865742441353,48907.96021361002
2024-01-05 10:19:00,2024-01-05,STK2,112.2885958421935,0.001647350823641246,1568.9038280017562,1568.9038280017562,-329.1461486837525,0.12458776527234891,OW,0.0634768079702468,1898.0499766855087,36959.35886256441,120.48215388799744,120.35756612272509,49028.317779732744
2024-01-05 10:20:00,2024-01-05,STK2,112.26581008847148,0.0028461159654828757,2710.583665058725,2710.583665058725,1141.6798370569686,1.49894777789379,OW,-0.022785753722018853,1568.9038280017562,-128171.6117688747,-35.74865623838064,-37.24760401627443,48991.07017571647
2024-01-05 10:21:00,2024-01-05,STK2,112.39953240813516,-2.5535512272107633e-05,-24.3195088615928,-24.31950886159302,-2734.903173920318,8.601649676327341,OW,0.13372231966367565,2710.583665058725,307401.8379301685,362.4655353341203,353.863885657793,49344.93406137427
2024-01-05 10:22:00,2024-01-05,STK2,112.33652157074162,0.0012068278405323175,1149.3585893047048,1149.3585893047048,1173.6780981662978,1.5841483198325463,OW,-0.0630108373935343,-24.31950886159302,-131846.9149917653,1.5323926183684544,-0.05175570146409192,49344.88230567281
2024-01-05 10:23:00,2024-01-05,STK2,112.36222373986205,0.0015107970379573496,1438.8527459778018,1438.8527459778018,289.494156673097,0.09637789676004777,OW,0.02570216912042156,1149.3585893047048,-32528.207203485203,29.541008842318668,29.44463094555862,49374.32693661837
2024-01-05 10:24:00,2024-01-05,STK2,112.39514325706344,0.0008684976977900735,827.139758647001,827.139758647001,-611.7129873308007,0.43032169569954815,OW,0.03291951720139252,1438.8527459778018,68753.56884325157,47.36633772148711,46.936016025787566,49421.26295264415
2024-01-05 10:25:00,2024-01-05,STK2,112.4785746523399,0.0004453469882141458,424.1395242416124,424.1395242416124,-403.00023440538865,0.1867705672704179,OW,0.08343139527646315,827.139758647001,45328.89195047699,69.00942415255628,68.82265358528586,49490.08560622944
2024-01-05 10:26:00,2024-01-05,STK2,112.35775144299092,0.0004453469882141458,424.1395242416124,424.1395242416124,0.0,0.0,OW,-0.12082320934898405,424.1395242416124,-0.0,-51.24589853062283,-51.24589853062283,49438.83970769882
2024-01-05 10:27:00,2024-01-05,STK2,112.40404917963819,0.0004453469882141458,424.1395242416124,424.1395242416124,0.0,0.0,OW,0.046297736647275656,424.1395242416124,-0.0,19.63669999503896,19.63669999503896,49458.47640769386
2024-01-05 10:28:00,2024-01-05,STK2,112.45672874981237,0.0004453469882141458,424.1395242416124,424.1395242416124,0.0,0.0,OW,0.05267957017417757,424.1395242416124,-0.0,22.343487830928307,22.343487830928307,49480.819895524786
2024-01-05 10:29:00,2024-01-05,STK2,112.43268755876741,0.0004453469882141458,0.0,0.0,-424.1395242416124,0.20687848642748646,OW,-0.024041191044958055,424.1395242416124,47687.14661038146,-10.196819332010222,-10.403697818437708,49470.41619770635
2024-01-06 09:30:00,2024-01-06,STK2,112.59959275470447,0.0024672220586126874,2349.732720400056,2349.732720400056,2349.732720400056,6.349430435916445,OW,0.166905195937062,0.0,-264578.94739945023,0.0,-6.349430435916445,49464.06676727043
2024-01-06 09:31:00,2024-01-06,STK2,112.85998090824806,-0.0009374526501047858,-892.811069878148,-892.8110698781479,-3242.543790278204,12.091203766652502,OW,0.26038815354358746,2349.732720400056,365953.43026495643,611.8425643859213,599.7513606192688,50063.818127889695
2024-01-06 09:32:00,2024-01-06,STK2,112.7773654468228,-0.0003318302332140529,-316.0284474107985,-316.02844741079844,576.7826224673495,0.3825799226173599,OW,-0.08261546142526299,-892.8110698781479,-65048.0245973771,73.75999850356591,73.37741858094856,50137.19554647064
2024-01-06 09:33:00,2024-01-06,STK2,112.74884974923408,0.0011497490131975592,1094.9978609047803,1094.9978609047803,1411.0263083155787,2.289644529172494,OW,-0.028515697588716193,-316.02844741079844,-159091.59322848963,9.011771635797828,6.722127106625335,50143.91767357726
2024-01-06 09:34:00,2024-01-06,STK2,112.60328555562491,0.0023068698667629587,2197.016514470445,2197.016514470445,1102.0186535656649,1.3966118797276827,OW,-0.14556419360917516,1094.9978609047803,-124090.92113507984,-159.39248062637608,-160.78909250610377,49983.128581071156
2024-01-06 09:35:00,2024-01-06,STK2,112.81889671354497,-0.0015452003703813049,-1471.617788591284,-1471.617788591284,-3668.634303061729,15.477709297041399,OW,0.21561115792006547,2197.016514470445,413891.27451688924,473.70127465447894,458.22356535743756,50441.352146428595
2024-01-06 09:36:00,2024-01-06,STK2,112.77646086200684,0.00014602274880309507,139.06913226056474,139.06913226056486,1610.6869208518488,2.9834592105536903,OW,-0.04243585153813001,-1471.617788591284,-181647.57049039484,62.44935399753092,59.46589478697723,50500.81804121557
2024-01-06 09:37:00,2024-01-06,STK2,112.74782348655178,0.0015189448485564156,1446.612557097119,1446.612557097119,1307.543424836554,1.9661202790083008,OW,-0.028637375455062397,139.06913226056486,-147422.6752644732,-3.9825749547555263,-5.948695233763827,50494.86934598181
2024-01-06 09:38:00,2024-01-06,STK2,112.8511829546684,0.0003265397123021924,310.9898615846206,310.9898615846205,-1135.6226955124985,1.4830847425475333,OW,0.10335946811662211,1446.612557097119,128156.36457875466,149.52110447238485,148.03801972983732,50642.907365711646
2024-01-06 09:39:00,2024-01-06,STK2,112.80834301454279,0.0015127974225549574,1440.757872079433,1440.757872079433,1129.7680104948124,1.4678321211680174,OW,-0.042839940125617204,310.9898615846205,-127447.25725475638,-13.322787049959123,-14.79061917112714,50628.116746540516
2024-01-06 09:40:00,2024-01-06,STK2,112.68128098792799,0.004815391484515031,4586.082105257724,4586.082105257724,3145.3242331782913,11.377024211591396,OW,-0.12706202661479438,1440.757872079433,-354419.1637169022,-183.06561508763141,-194.4426392992228,50433.67410724129
2024-01-06 09:41:00,2024-01-06,STK2,112.7894607734409,-4.122593024539039e-05,-39.26274770783859,-39.26274770783857,-4625.3448529655625,24.602887260183273,OW,0.10817978551290253,4586.082105257724,521690.15185719606,496.12137849134103,471.5184912311578,50905.19259847245
2024-01-06 09:42:00,2024-01-06,STK2,112.88301567077121,-0.003306720989008078,-3149.25463558595,-3149.25463558595,-3109.9918878781114,11.122856974067806,OW,0.0935548973303213,-39.26274770783857,351065.2630153162,-3.6732223307131453,-14.796079304780951,50890.39651916767
2024-01-06 09:43:00,2024-01-06,STK2,112.88027294213896,-0.001697235245770258,-1616.4127494243774,-1616.4127494243774,1532.8418861615726,2.702044885167072,OW,-0.0027427286322563305,-3149.25463558595,-173027.6104870614,8.637550859287561,5.935505974120489,50896.33202514179
2024-01-06 09:44:00,2024-01-06,STK2,112.94306032646254,-0.003557928067483868,-3388.499210199787,-3388.499210199787,-1772.0864607754095,3.611333988133044,OW,0.06278738432358466,-1616.4127494243774,200144.86804306458,-101.49032852365053,-105.10166251178357,50791.230362630005
2024-01-06 09:45:00,2024-01-06,STK2,113.10961719674603,-0.0035531502757784185,-3383.948937368705,-3383.948937368705,4.5502728310816565,2.3810730262871848e-05,OW,0.1665568702834861,-3388.499210199787,-514.6796180644,-564.3778234089409,-564.3778472196711,50226.85251541033
2024-01-06 09:46:00,2024-01-06,STK2,112.78579014523933,-0.0022945634579243797,-2185.2961379369726,-2185.2961379369726,1198.6527994317325,1.6522838136233584,OW,-0.3238270515066972,-3383.948937368705,-135191.00309371104,1095.814206837329,1094.1619230237056,51321.01443843404
2024-01-06 09:47:00,2024-01-06,STK2,112.58835133993541,0.0006864754061862815,653.7853850791321,653.7853850791321,2839.0815230161047,9.26944147848116,OW,-0.19743880530391777,-2185.2961379369726,-319647.5079960561,431.4622587095414,422.19281723106025,51743.2072556651
2024-01-06 09:48:00,2024-01-06,STK2,112.72903474021707,-0.002678686570869934,-2551.1272734033996,-2551.1272734033996,-3204.9126584825317,11.812184920776803,OW,0.1406834002816595,653.7853850791321,361286.71041743876,91.97675102738643,80.16456610660963,51823.3718217717
2024-01-06 09:49:00,2024-01-06,STK2,112.62584210396109,-0.0019303255646308155,-1838.4032861590824,-1838.4032861590824,712.7239872443172,0.5841718042924532,OW,-0.10319263625598296,-2551.1272734033996,-80271.13925108405,263.2575487670346,262.67337696274217,52086.04519873444
2024-01-06 09:50:00,2024-01-06,STK2,112.79235778044104,-0.004530750674201438,-4314.9959161486995,-4314.9959161486995,-2476.5926299896173,7.0535377131567225,OW,0.16651567647994625,-1838.4032861590824,279340.72199819237,-306.1229668377358,-313.17650455089256,51772.86869418355
2024-01-06 09:51:00,2024-01-06,STK2,112.58149602290634,-0.0018429473466300245,-1755.1860268248513,-1755.186026824851,2559.8098893238484,7.535520669902198,OW,-0.21086175753470116,-4314.9959161486995,-288187.2268743091,909.8676226341728,902.3321019642706,52675.200796147816
2024-01-06 09:52:00,2024-01-06,STK2,112.64936398523606,-0.0019560935575408324,-1862.9442049095207,-1862.9442049095207,-107.75817808466968,0.01335359868574649,OW,0.06786796232972847,-1755.186026824851,12138.890225445843,-119.12089915021478,-119.13425274890052,52556.06654339891
2024-01-06 09:53:00,2024-01-06,STK2,112.49066062106064,0.002655657445036728,2529.194796631154,2529.1947966311545,4392.139001540675,22.18451776018292,OW,-0.1587033641754232,-1862.9442049095207,-494074.6178228362,295.6555125902499,273.47099483006696,52829.53753822898
2024-01-06 09:54:00,2024-01-06,STK2,112.45422126285128,0.004805210775742525,4576.386202760373,4576.386202760373,2047.1914061292182,4.819641551328723,OW,-0.03643935820936406,2529.1947966311545,-230215.31535226273,-92.16223517570232,-96.98187672703105,52732.555661501945
2024-01-06 09:55:00,2024-01-06,STK2,112.38894351517229,0.00838327315839522,7984.06093021443,7984.06093021443,3407.6747274540576,13.354084105348447,OW,-0.06527774767899075,4576.386202760373,-382984.96246191417,-298.7361838254062,-312.09026793075464,52420.46539357119
2024-01-06 09:56:00,2024-01-06,STK2,112.41770829608906,0.008092717848612912,7707.341890637846,7707.341890637846,-276.7190395765847,0.08805944089381555,OW,0.028764780916773702,7984.06093021443,31108.120271094424,229.65976348379053,229.5717040428967,52650.037097614084
2024-01-06 09:57:00,2024-01-06,STK2,112.47541584923447,0.007171822076371676,6830.299258597647,6830.299258597647,-877.0426320401984,0.8845843451783986,OW,0.057707553145405655,7707.341890637846,98645.73475622844,444.7718417637948,443.8872574186164,53093.9243550327
2024-01-06 09:58:00,2024-01-06,STK2,112.72648567049633,0.0045649232309841,4347.541172677858,4347.541172677858,-2482.7580859197888,7.088700870180106,OW,0.25106982126186494,6830.299258597647,279872.593795746,1714.8820140211599,1707.7933131509797,54801.71766818368
2024-01-06 09:59:00,2024-01-06,STK2,112.88079058349777,0.0038741640608982004,3689.676016924553,3689.676016924553,-657.8651557533053,0.49770454762746863,OW,0.15430491300143956,4347.541172677858,74260.338878769,670.8469624202335,670.349257872606,55472.066926056286
2024-01-06 10:00:00,2024-01-06,STK2,113.1327134492516,0.0019902088814260834,1895.4349539770349,1895.4349539770349,-1794.2410629475182,3.7021961407620956,OW,0.2519228657538264,3689.676016924553,202987.36003332218,929.5137558867971,925.811559746035,56397.87848580232
2024-01-06 10:01:00,2024-01-06,STK2,113.13588371972536,0.0007765694990756915,739.5891890934515,739.5891890934515,-1155.8457648835833,1.5363763470292129,OW,0.0031702704737597287,1895.4349539770349,130767.6320538061,6.009041469525524,4.472665122496311,56402.35115092482
2024-01-06 10:02:00,2024-01-06,STK2,113.11219454746698,0.001342475692622723,1278.54687837506,1278.54687837506,538.9576892816085,0.33404669946113646,OW,-0.023689172258372082,739.5891890934515,-60962.68700287456,-17.520255700864496,-17.854302400325633,56384.4968485245
2024-01-06 10:03:00,2024-01-06,STK2,113.13270525593728,0.0005548381973880413,528.4167521035965,528.4167521035965,-750.1301262714635,0.6470994872910479,OW,0.020510708470297345,1278.54687837506,84864.25047906849,26.223902287959575,25.576802800668528,56410.07365132517
2024-01-06 10:04:00,2024-01-06,STK2,113.22601337737636,0.0009305468879802681,886.2341607723649,886.2341607723649,357.8174086687684,0.14723829263839724,OW,0.09330812143907963,528.4167521035965,-40514.23870058812,49.305574475726424,49.158336183088025,56459.231987508254
2024-01-06 10:05:00,2024-01-06,STK2,113.31045471809213,0.00044269276065641644,421.61169124092527,421.61169124092527,-464.62246953143966,0.24825514507251756,OW,0.08444134071577025,886.2341607723649,52646.58329485034,74.83480072373398,74.58654557866146,56533.81853308692
2024-01-06 10:06:00,2024-01-06,STK2,113.20523941264278,0.0014377983267679613,1369.330240036367,1369.330240036367,947.7185487954418,1.0328960148905788,OW,-0.10521530544934876,421.61169124092527,-107286.70521219037,-44.36000287493047,-45.392898889821055,56488.4256341971
2024-01-06 10:07:00,2024-01-06,STK2,113.2320664151263,0.00408964396615745,3894.8947495509406,3894.894749550941,2525.5645095145737,7.335247505477526,OW,0.02682700248351466,1369.330240036367,-285974.8882770401,36.73502575020735,29.399778244729823,56517.82541244183
2024-01-06 10:08:00,2024-01-06,STK2,113.18225665678932,0.0038949215445306684,3709.445027303702,3709.445027303702,-185.44972224723915,0.03955033940381486,OW,-0.049809758336976984,3894.894749550941,20989.618060317312,-194.00376622309287,-194.04331656249667,56323.78209587933
2024-01-06 10:09:00,2024-01-06,STK2,113.30918705215292,0.0031188540971915893,2970.3339821976288,2970.3339821976288,-739.1110451060731,0.6282279075474602,OW,0.12693039536360118,3709.445027303702,83748.07166223627,470.84132389520323,470.2130959876558,56793.99519186698
2024-01-06 10:10:00,2024-01-06,STK2,113.35005276948198,0.004524880305056377,4309.40509451478,4309.40509451478,1339.0711123171513,2.0620781604186367,OW,0.040865717329054974,2970.3339821976288,-151783.78124323805,121.3848288893745,119.32275072895587,56913.31794259594
2024-01-06 10:11:00,2024-01-06,STK2,113.33372840222295,0.007635242319959057,7271.651388152343,7271.651388152343,2962.246293637563,10.0911385697949,OW,-0.01632436725903119,4309.40509451478,-335722.41690361116,-70.3483114307993,-80.4394500005942,56832.878492595344
2024-01-06 10:12:00,2024-01-06,STK2,113.59762446058262,0.005129088852052367,4884.841175700015,4884.841175700015,-2386.8102124523284,6.5513924388067375,OW,0.263896058359677,7271.651388152343,271135.970172843,1918.960139099077,1912.4087466602703,58745.28723925562
2024-01-06 10:13:00,2024-01-06,STK2,113.5302560409281,0.004961983593372824,4725.693484595539,4725.693484595539,-159.1476911044756,0.029127185721468413,OW,-0.06736841965452811,4884.841175700015,18068.07811941365,-329.0840302702771,-329.11315745599853,58416.17408179962
2024-01-06 10:14:00,2024-01-06,STK2,113.58815968086019,0.0055708513072083524,5305.566862672819,5305.566862672819,579.87337807728,0.3866911047931695,OW,0.05790363993209269,4725.693484595539,-65866.7498637219,273.6348539614565,273.2481628566633,58689.42224465628
2024-01-06 10:15:00,2024-01-06,STK2,113.7549364149779,0.0020721784455844314,1973.5011200553747,1973.5011200553745,-3332.065742617445,12.768061430093452,OW,0.1667767341177182,5305.566862672819,379038.92668197356,884.8451139997611,872.0770525696677,59561.49929722594
2024-01-06 10:16:00,2024-01-06,STK2,114.0168270310302,-0.0030779998514734387,-2931.4252193661305,-2931.4252193661305,-4904.926339421505,27.667047754423464,OW,0.26189061605229824,1973.5011200553745,559244.1380417659,516.8414241112026,489.17437635677913,60050.67367358272
2024-01-06 10:17:00,2024-01-06,STK2,114.05757473738414,-0.002107458205927812,-2007.1008550112658,-2007.1008550112658,924.3243643548647,0.9825318601210281,OW,0.040747706353940316,-2931.4252193661305,-105426.19526899006,-119.44885403726616,-120.43138589738719,59930.24228768534
2024-01-06 10:18:00,2024-01-06,STK2,113.9749572945911,-0.001432135842393778,-1363.9374036816798,-1363.9374036816798,643.163451329586,0.4757081088951124,OW,-0.08261744279303684,-2007.1008550112658,-73304.52689873139,165.8215400687486,165.34583195985348,60095.58811964519
2024-01-06 10:19:00,2024-01-06,STK2,114.08768331684192,-3.006425175254532e-05,-28.632589357207202,-28.63258935720728,1335.3048143244725,2.0504947892318306,OW,0.1127260222508113,-1363.9374036816798,-152341.83278810483,-153.75123811613483,-155.80173290536666,59939.78638673982
2024-01-06 10:20:00,2024-01-06,STK2,113.94101603753879,0.003766016983196385,3586.678912872034,3586.678912872034,3615.3115022292413,15.03104884687371,OW,-0.14666727930313073,-28.63258935720728,-411932.2658562004,4.199463980425368,-10.831584866448342,59928.95480187337
2024-01-06 10:21:00,2024-01-06,STK2,113.73978927685022,0.006731013916078952,6410.482422880158,6410.482422880158,2823.8035100081242,9.169946202604331,OW,-0.20122676068857004,3586.678912872034,-321178.81618755404,-721.7357792672414,-730.9057254698457,59198.04907640352
2024-01-06 10:22:00,2024-01-06,STK2,113.86782354401484,0.00628863189142084,5989.1666703611145,5989.1666703611145,-421.3157525190436,0.20413300781879115,OW,0.1280342671646224,6410.482422880158,47974.30776415228,820.7614191851541,820.5572861773353,60018.60636258085
2024-01-06 10:23:00,2024-01-06,STK2,113.84610413724617,0.0076500311597866785,7285.735982085999,7285.735982085999,1296.5693117248848,1.9332557771227523,OW,-0.02171940676866768,5989.1666703611145,-147609.36488378883,-130.0811471189201,-132.01440289604284,59886.59195968481
2024-01-06 10:24:00,2024-01-06,STK2,114.0849756790113,0.005208975672147331,4960.923778176178,4960.923778176178,-2324.8122039098216,6.2154645509652475,OW,0.23887154176512126,7285.735982085999,265226.14374132064,1740.3549869345024,1734.1395223835373,61620.731482068346
2024-01-06 10:25:00,2024-01-06,STK2,114.27975392484696,0.0,0.0,0.0,-4960.923778176178,28.302379442804867,OW,0.19477824583566417,4960.923778176178,566933.1486098956,966.2800312375914,937.9776517947865,62558.70913386313
2024-01-06 10:26:00,2024-01-06,STK2,114.3441473393944,0.0,0.0,0.0,0.0,0.0,OW,0.06439341454743897,0.0,-0.0,0.0,0.0,62558.70913386313
2024-01-06 10:27:00,2024-01-06,STK2,114.4330970176737,0.0,0.0,0.0,0.0,0.0,OW,0.088949678279306,0.0,-0.0,0.0,0.0,62558.70913386313
2024-01-06 10:28:00,2024-01-06,STK2,114.53362010634281,0.0,0.0,0.0,0.0,0.0,OW,0.10052308866910664,0.0,-0.0,0.0,0.0,62558.70913386313
2024-01-06 10:29:00,2024-01-06,STK2,114.55409378561737,0.0,0.0,0.0,0.0,0.0,OW,0.02047367927455923,0.0,-0.0,0.0,0.0,62558.70913386313
2024-01-02 09:30:00,2024-01-02,STK3,120.01583434548462,-0.0033669889191023945,-3206.6521432901027,-3206.6521432901027,-3206.6521432901027,13.367403358487111,OW,0.0,0.0,384849.0324326982,0.0,-13.367403358487111,62545.34173050464
2024-01-02 09:31:00,2024-01-02,STK3,119.88341133849961,-0.002023753174389145,-1927.3815893267417,-1927.3815893267417,1279.270553963361,2.127493095309042,OW,-0.13242300698500742,-3206.6521432901027,-153363.31803401987,424.63451916939425,422.5070260740852,62967.84875657872
2024-01-02 09:32:00,2024-01-02,STK3,119.74561442043664,-0.0004797867248601611,-456.9391722278449,-456.9391722278449,1470.4424170988968,2.81086117260474,OW,-0.13779691806297478,-1927.3815893267417,-176079.03070537938,265.58724294054315,262.7763817679384,63230.62513834666
2024-01-02 09:33:00,2024-01-02,STK3,119.67782228480978,0.0013758403687927434,1310.3225384508983,1310.3225384508983,1767.2617106787432,4.060178140240505,OW,-0.06779213562685982,-456.9391722278449,-211502.03294135953,30.976882336895116,26.91670419665461,63257.541842543316
2024-01-02 09:34:00,2024-01-02,STK3,119.83651808391623,-3.951954668724453e-05,-37.63761691270718,-37.637616912707244,-1347.9601553636055,2.362095554582238,OW,0.1586957991064537,1310.3225384508983,161534.85153462924,207.9426823266622,205.58058677207998,63463.122429315394
2024-01-02 09:35:00,2024-01-02,STK3,119.8962977906467,0.0009928536601917803,945.5737437580126,945.5737437580126,983.2113606707198,1.256715953677559,OW,0.05977970673046684,-37.637616912707244,-117883.40209012356,-2.249965701075298,-3.5066816547528568,63459.61574766064
2024-01-02 09:36:00,2024-01-02,STK3,119.89112634447065,-0.0005616335260804639,-534.888410214791,-534.8884102147911,-1480.4621539728037,2.8492986461495313,OW,-0.005171446176049699,945.5737437580126,177494.27515016057,-4.889983721330372,-7.739282367479904,63451.87646529316
2024-01-02 09:37:00,2024-01-02,STK3,119.8992688073031,-0.0009446562115211041,-899.6714685220903,-899.6714685220903,-364.78305830729926,0.17298668351643445,OW,0.00814246283245268,-534.8884102147911,43737.221964337,-4.355308999683638,-4.5282956832000725,63447.348169609955
2024-01-02 09:38:00,2024-01-02,STK3,120.00669932160152,-0.0007122560213117517,-678.338228068624,-678.338228068624,221.33324045346637,0.06368492432852155,OW,0.10743051429841444,-899.6714685220903,-26561.471636974868,-96.65216856293794,-96.71585348726647,63350.63231612269
2024-01-02 09:39:00,2024-01-02,STK3,120.03193833902063,-0.001194928987660347,-1138.0261983107516,-1138.0261983107516,-459.6879702421277,0.27470693898092546,OW,0.02523901741911061,-678.338228068624,55177.23809929262,-17.120590354272625,-17.395297293253552,63333.23701882944
2024-01-02 09:40:00,2024-01-02,STK3,120.18952663169898,-0.002153777375238991,-2051.2140082483616,-2051.2140082483616,-913.1878099376099,1.084085569084243,OW,0.15758829267835495,-1138.0261983107516,109755.61060223923,-179.33960561503034,-180.42369118411457,63152.81332764532
2024-01-02 09:41:00,2024-01-02,STK3,120.03722122236756,0.000698917333239749,665.6347313472364,665.6347313472365,2716.848739595598,9.595647195994848,OW,-0.15230540933141867,-2051.2140082483616,-326122.9731825473,312.4109891526067,302.81534195661186,63455.62866960194
2024-01-02 09:42:00,2024-01-02,STK3,120.00912073310435,-0.00022157551383436276,-211.02403762201317,-211.0240376220131,-876.6587689692496,0.9990897763738844,OW,-0.028100489263209738,665.6347313472365,105207.04804696531,-18.70466162144252,-19.703751397816404,63435.924918204124
2024-01-02 09:43:00,2024-01-02,STK3,120.13866592718728,-0.0037261164797600605,-3548.6779680749537,-3548.6779680749537,-3337.6539304529406,14.481913887308352,OW,0.12954519408292242,-211.0240376220131,400981.29053124937,-27.337149909905612,-41.819063797213964,63394.10585440691
2024-01-02 09:44:00,2024-01-02,STK3,120.11819743316256,-0.003840621934678306,-3657.730647265204,-3657.730647265204,-109.05267919025027,0.015460232890143139,OW,-0.02046849402471196,-3548.6779680749537,13099.211249589822,72.63609378516917,72.62063355227902,63466.72648795919
2024-01-02 09:45:00,2024-01-02,STK3,120.1849248298932,-0.004243351731341544,-4041.282359689977,-4041.282359689977,-383.5517124247731,0.1912454909351686,OW,0.06672739673064143,-3657.730647265204,46097.13372614817,-244.07084403389115,-244.2620895248263,63222.464398434364
2024-01-02 09:46:00,2024-01-02,STK3,120.30294180594807,-0.005782913674658469,-5507.530014161381,-5507.530014161381,-1466.2476544714036,2.7948468395157606,OW,0.11801697605486083,-4041.282359689977,176393.9062489811,-476.9399234744635,-479.73477031397925,62742.72962812038
2024-01-02 09:47:00,2024-01-02,STK3,120.1875751766174,-0.005585618453135829,-5319.630035825506,-5319.630035825506,187.89997833587495,0.045898322416208955,OW,-0.11536662933066566,-5507.530014161381,-22583.24277192775,635.3851736712718,635.3392753488556,63378.06890346924
2024-01-02 09:48:00,2024-01-02,STK3,119.98494794811513,-0.005433648615551213,-5174.897036366729,-5174.897036366729,144.73299945877716,0.027231933472034706,OW,-0.20262722850226567,-5319.630035825506,-17365.78140643595,1077.9018908167304,1077.8746588832585,64455.9435623525
2024-01-02 09:49:00,2024-01-02,STK3,119.95364797968837,-0.005838923637794555,-5560.872770152337,-5560.872770152337,-385.9757337856081,0.19367044719274018,OW,-0.03129996842676519,-5174.897036366729,46299.197299220745,161.97411385003934,161.7804434028466,64617.72400575534
2024-01-02 09:50:00,2024-01-02,STK3,119.9820750108098,-0.0069313917844359505,-6601.3173359270595,-6601.3173359270595,-1040.4445657747228,1.4072823627851971,OW,0.028427031121424307,-5560.872770152337,124834.69793537221,-158.07910329940148,-159.48638566218668,64458.237620093154
2024-01-02 09:51:00,2024-01-02,STK3,119.95368355363539,-0.005658465976220568,-5389.008543342343,-5389.008543342343,1212.3087925847167,1.910600391151678,OW,-0.02839145717440772,-6601.3173359270595,-145420.9052749969,187.42101843764837,185.51041804649668,64643.74803813965
2024-01-02 09:52:00,2024-01-02,STK3,119.85737063220614,-0.0051389230585958,-4894.206377264294,-4894.206377264294,494.8021660780487,0.31827793862218756,OW,-0.09631292142924508,-5389.008543342343,-59305.6866092351,519.0311564164615,518.7128784778394,65162.46091661749
2024-01-02 09:53:00,2024-01-02,STK3,119.66969423903153,-0.00419015246555552,-3990.6164550039316,-3990.6164550039316,903.5899222603625,1.0614171718936345,OW,-0.1876763931746126,-4894.206377264294,-108132.32971436785,918.5270003371501,917.4655831652565,66079.92649978276
2024-01-02 09:54:00,2024-01-02,STK3,119.60010006721049,-0.004257295238096613,-4054.5618734915975,-4054.5618734915975,-63.94541848766585,0.005315721509231533,OW,-0.06959417182103778,-3990.6164550039316,7647.878449964487,277.7236472414043,277.71833151989506,66357.64483130265
2024-01-02 09:55:00,2024-01-02,STK3,119.5249704269198,-0.0032573053597019126,-3102.191739859667,-3102.191739859667,952.3701336319305,1.1791115328643313,OW,-0.07512964029069735,-4054.5618734915975,-113832.01205783815,304.6177750917997,303.43866355893533,66661.08349486158
2024-01-02 09:56:00,2024-01-02,STK3,119.61722350055729,-0.00420161768623652,-4001.535699276296,-4001.535699276296,-899.3439594166289,1.0514654245409327,OW,0.0922530736374938,-3102.191739859667,107577.02739741502,-286.18672301489886,-287.2381884394398,66373.84530642214
2024-01-02 09:57:00,2024-01-02,STK3,119.57033797976901,-0.003273576155370946,-3117.6877165494416,-3117.6877165494416,883.8479827268543,1.0155434335414288,OW,-0.04688552078827968,-4001.535699276296,-105682.00201738701,187.61408521346203,186.5985417799206,66560.44384820206
2024-01-02 09:58:00,2024-01-02,STK3,119.47273967178226,-0.003837674666008622,-3654.923728197881,-3654.923728197881,-537.2360116484392,0.3752092918754985,OW,-0.0975983079867433,-3117.6877165494416,64185.05816198056,304.28104596627884,303.90583667440336,66864.34968487646
2024-01-02 09:59:00,2024-01-02,STK3,119.3969208718352,-0.0017314101308984985,-1648.9599878576323,-1648.9599878576323,2005.9637403402485,5.231057685827792,OW,-0.07581879994705787,-3654.923728197881,-239505.89397717523,277.11193096999006,271.88087328416225,67136.23055816062
2024-01-02 10:00:00,2024-01-02,STK3,119.41627185214848,-0.00042866902074930355,-408.2557047779879,-408.25570477798783,1240.7042830796445,2.001151253467827,OW,0.019350980313276978,-1648.9599878576323,-148160.2799563638,-31.908992262414486,-33.91014351588231,67102.32041464474
2024-01-02 10:01:00,2024-01-02,STK3,119.4192726668615,0.0002375351799725374,226.2237008397393,226.2237008397393,634.4794056177271,0.5233333509989316,OW,0.00300081471301894,-408.25570477798783,-75769.06914097158,-1.2250997255717027,-1.7484330765706342,67100.57198156817
2024-01-02 10:02:00,2024-01-02,STK3,119.46006235031687,-0.002250562511892808,-2143.390214748122,-2143.390214748122,-2369.6139155878614,7.299591141631928,OW,0.04078968345537248,226.2237008397393,283074.2261023044,9.227593147355849,1.928002005723921,67102.49998357389
2024-01-02 10:03:00,2024-01-02,STK3,119.30935239329814,0.0005456285777919062,519.645621192951,519.6456211929508,2663.035835941073,9.21928782255828,OW,-0.15070995701873358,-2143.390214748122,-317725.08098627476,323.03024713906365,313.8109593165054,67416.31094289038
2024-01-02 10:04:00,2024-01-02,STK3,119.43215873816835,-0.002516612480232957,-2396.770823267511,-2396.770823267511,-2916.4164444604617,11.057130340775222,OW,0.12280634487021302,519.6456211929508,348313.9117414064,63.81577936651759,52.758649025742365,67469.06959191612
2024-01-02 10:05:00,2024-01-02,STK3,119.57432240609029,-0.004242068179845379,-4040.059931207112,-4040.059931207112,-1643.2891079396013,3.51051881995481,OW,0.1421636679219347,-2396.770823267511,196495.18159918638,-340.73373140398445,-344.2442502239393,67124.82534169218
2024-01-02 10:06:00,2024-01-02,STK3,119.64013059899466,-0.004365571616756992,-4157.682106447861,-4157.682106447861,-117.62217524074867,0.017985468940875007,OW,0.06580819290437034,-4040.059931207112,14072.332407141008,-265.8690432980948,-265.8870287670357,66858.93831292515
2024-01-02 10:07:00,2024-01-02,STK3,119.44636137797463,-0.002012005726542726,-1916.1935576105723,-1916.1935576105725,2241.4885488372884,6.5315521889393,OW,-0.1937692210200339,-4157.682106447861,-267737.65122901066,805.6308230153357,799.0992708263965,67658.03758375155
2024-01-02 10:08:00,2024-01-02,STK3,119.55902442165025,-0.003275328122360247,-3119.3562544734436,-3119.3562544734436,-1203.1626968628711,1.8818806176590384,OW,0.11266304367562441,-1916.1935576105725,143848.9582574466,-215.88419847203005,-217.7660790896891,67440.27150466185
2024-01-02 10:09:00,2024-01-02,STK3,119.39337759484638,8.421203229009525e-05,80.20183621686492,80.2018362168651,3199.5580906903087,13.308323568412359,OW,-0.1656468268038651,-3119.3562544734436,-382006.04725843377,516.7114652243159,503.4031416559036,67943.67464631776
2024-01-02 10:10:00,2024-01-02,STK3,119.37262432858107,0.002029699157378712,1933.0444232580583,1933.0444232580583,1852.8425870411932,4.462933348059552,OW,-0.020753266265316483,80.2018362168651,-221178.68208286463,-1.6644500619759044,-6.127383410035456,67937.54726290773
2024-01-02 10:11:00,2024-01-02,STK3,119.426657252329,0.0017027680313899292,1621.6818316224264,1621.6818316224264,-311.3625916356318,0.1260306625110744,OW,0.054032923747925565,1933.0444232580583,37184.99351246548,104.44804192325542,104.32201126074435,68041.86927416846
2024-01-02 10:12:00,2024-01-02,STK3,119.45515594697767,0.00176581360099447,1681.7251569064438,1681.7251569064438,60.04332528401733,0.004686761184511009,OW,0.028498694648675382,1621.6818316224264,-7172.484785377397,46.21581533671214,46.21112857552763,68088.08040274399
2024-01-02 10:13:00,2024-01-02,STK3,119.44859387421342,0.0017815140802701153,1696.6779757988063,1696.6779757988063,14.95281889236253,0.0002906628306761319,OW,-0.006562072764253912,1681.7251569064438,-1786.0931911484774,-11.035602849096412,-11.035893511927087,68077.04450923206
2024-01-02 10:14:00,2024-01-02,STK3,119.599736919395,0.0008512107643403894,810.6759147254288,810.6759147254288,-886.0020610733775,1.020499547894155,OW,0.15114304518158406,1696.6779757988063,105965.61341441769,256.44107595475754,255.42057640686338,68332.46508563892
2024-01-02 10:15:00,2024-01-02,STK3,119.7622781955496,-0.003123292538433509,-2974.560639528264,-2974.560639528264,-3785.2365542536927,18.62642050315588,OW,0.1625412761545988,810.6759147254288,453328.5532464943,131.7682977272679,113.14187722411202,68445.60696286304
2024-01-02 10:16:00,2024-01-02,STK3,119.78566562432279,-0.002639505307595907,-2513.811466324762,-2513.811466324762,460.74917320350187,0.2759767407900237,OW,0.023387428773190777,-2974.560639528264,-55191.14639803786,-69.56732508850408,-69.8433018292941,68375.76366103374
2024-01-02 10:17:00,2024-01-02,STK3,119.82019511243001,-0.002039627648152495,-1942.50011704985,-1942.50011704985,571.3113492749121,0.4243156551534168,OW,0.03452948810722489,-2513.811466324762,-68454.63734006562,-86.80062313026644,-87.22493878541987,68288.53872224831
2024-01-02 10:18:00,2024-01-02,STK3,119.81509344236066,-0.0005506862302615987,-524.4624271051842,-524.4624271051844,1418.0376899446655,2.614080157134685,OW,-0.0051016700693509165,-1942.50011704985,-169902.31832550935,9.909994706863872,7.295914549729186,68295.83463679804
2024-01-02 10:19:00,2024-01-02,STK3,119.87886753954604,0.0007923238256976194,754.5931854537887,754.5931854537887,1279.055612558973,2.1267782380241926,OW,0.06377409718537308,-524.4624271051844,-153331.73835367005,-33.44711779628267,-35.57389603430686,68260.26074076374
2024-01-02 10:20:00,2024-01-02,STK3,119.66603355117275,0.0014998678783713802,1428.4438298994296,1428.4438298994296,673.8506444456409,0.5902970983257473,OW,-0.2128339883732906,754.5931854537887,-80637.03382671144,-160.60307725943596,-161.1933743577617,68099.06736640597
2024-01-02 10:21:00,2024-01-02,STK3,119.7351489791796,0.0009518635790741171,906.5356195979157,906.5356195979157,-521.9082103015139,0.3541046339741681,OW,0.06911542800685311,1428.4438298994296,62490.75731390877,98.72750668724755,98.37340205327338,68197.44076845924
2024-01-02 10:22:00,2024-01-02,STK3,119.82640453137522,0.0013616533725383032,1296.8111301750796,1296.8111301750796,390.2755105771639,0.1980094664031458,OW,0.09125555219561932,906.5356195979157,-46765.31120910825,82.7264085514057,82.52839908500255,68279.96916754424
2024-01-02 10:23:00,2024-01-02,STK3,119.96213109712713,0.0011606752210430592,1105.4036038270228,1105.4036038270228,-191.40752634805676,0.04762789348548666,OW,0.13572656575190933,1296.8111301750796,22961.6547687424,176.01172112751578,175.9640932340303,68455.93326077827
2024-01-02 10:24:00,2024-01-02,STK3,120.15307694907757,-0.00272168682338238,-2592.079479694339,-2592.079479694339,-3697.483083521362,17.77279549880463,OW,0.19094585195044544,1105.4036038270228,444263.9694522548,211.07223288184355,193.2994373830389,68649.23269816132
2024-01-02 10:25:00,2024-01-02,STK3,120.00659448820485,-0.0021052753500350073,-2005.0216604827126,-2005.0216604827126,587.0578192116266,0.4480279480267641,OW,-0.14648246087271843,-2592.079479694339,-70450.80965125955,379.6941809633024,379.24615301527564,69028.4788511766
2024-01-02 10:26:00,2024-01-02,STK3,120.02410932390212,-0.0021052753500350073,-2005.0216604827126,-2005.0216604827126,0.0,0.0,OW,0.01751483569726986,-2005.0216604827126,-0.0,-35.117624952821906,-35.117624952821906,68993.36122622377
2024-01-02 10:27:00,2024-01-02,STK3,120.15434790023104,-0.0021052753500350073,-2005.0216604827126,-2005.0216604827126,0.0,0.0,OW,0.13023857632892089,-2005.0216604827126,-0.0,-261.13116656991747,-261.13116656991747,68732.23005965386
2024-01-02 10:28:00,2024-01-02,STK3,120.27141348686517,-0.0021052753500350073,-2005.0216604827126,-2005.0216604827126,0.0,0.0,OW,0.11706558663412636,-2005.0216604827126,-0.0,-234.7190368985389,-234.7190368985389,68497.51102275532
2024-01-02 10:29:00,2024-01-02,STK3,120.09461045892373,-0.0021052753500350073,0.0,0.0,2005.0216604827126,5.226145416706311,OW,-0.1768030279414461,-2005.0216604827126,-240792.2952773758,354.49390066152966,349.2677552448234,68846.77877800015
2024-01-03 09:30:00,2024-01-03,STK3,119.25183638201963,0.0012922769917555592,1230.7384683767145,1230.7384683767145,1230.7384683767145,1.9691323308049395,OW,-0.8427740769040923,0.0,-146767.8224599174,-0.0,-1.9691323308049395,68844.80964566935
2024-01-03 09:31:00,2024-01-03,STK3,119.23762612605542,0.0023971523330591333,2282.9993953903986,2282.9993953903986,1052.260927013684,1.4394289760756072,OW,-0.014210255964215435,1230.7384683767145,-125469.09500231415,-17.489108660639577,-18.928537636715184,68825.88110803263
2024-01-03 09:32:00,2024-01-03,STK3,119.2163256105873,0.0012282248915204935,1169.7365436790346,1169.7365436790346,-1113.262851711364,1.6111604301006741,OW,-0.021300515468112735,2282.9993953903986,132719.10661979293,-48.62906393520521,-50.240224365305885,68775.64088366732
2024-01-03 09:33:00,2024-01-03,STK3,119.36817063716819,0.0018945859164561805,1804.365305505984,1804.365305505984,634.6287618269494,0.5235797649394088,OW,0.1518450265808866,1169.7365436790346,-75754.47433301406,177.61867656757744,177.09509680263804,68952.73598046997
2024-01-03 09:34:00,2024-01-03,STK3,119.32214756623927,0.0026681655362396626,2541.106888381626,2541.106888381626,736.741582875642,0.7056246079195385,OW,-0.04602307092892488,1804.365305505984,-87909.58787007206,-83.04243243699311,-83.74805704491264,68868.98792342505
2024-01-03 09:35:00,2024-01-03,STK3,119.36851014690913,0.002532959679244232,2412.3395649550453,2412.3395649550453,-128.7673234265808,0.02155533065717936,OW,0.04636258066986443,2541.106888381626,15370.763553036139,117.81227310334133,117.79071777268415,68986.77864119774
2024-01-03 09:36:00,2024-01-03,STK3,119.45828471284196,-0.0004460902003851012,-424.8472838891734,-424.84728388917347,-2837.1868488442187,10.464517979830966,OW,0.08977456593282795,2412.3395649550453,338925.4743727636,216.56673732642622,206.10221934659526,69192.88086054433
2024-01-03 09:37:00,2024-01-03,STK3,119.32693667021576,0.0015183536068188314,1446.049263766465,1446.049263766465,1870.8965476556384,4.550330059638722,OW,-0.13134804262620037,-424.84728388917347,-223248.35385862968,55.802859153900606,51.25252909426188,69244.13338963859
2024-01-03 09:38:00,2024-01-03,STK3,119.54171389055595,0.0004918062875627716,468.38636062905016,468.38636062905016,-977.6629031374148,1.2425721778224017,OW,0.21477722034019564,1446.049263766465,116871.49904826315,310.57844134674775,309.33586916892534,69553.46925880751
2024-01-03 09:39:00,2024-01-03,STK3,119.56849033921361,-0.0007114506781365691,-677.5712355180598,-677.5712355180599,-1145.95759614711,1.7071844558174418,OW,0.026776448657656715,468.38636062905016,137020.4197640642,12.541723337330444,10.834538881513001,69564.30379768902
2024-01-03 09:40:00,2024-01-03,STK3,119.6022081298613,-0.0023655050816088013,-2252.8591932303334,-2252.8591932303334,-1575.2879577122735,3.225991794627298,OW,0.03371779064768532,-677.5712355180599,188407.91818276746,-22.846205068091425,-26.072196862718723,69538.2316008263
2024-01-03 09:41:00,2024-01-03,STK3,119.41123017410177,0.0012132127619927555,1155.4392951634968,1155.4392951634968,3408.29848839383,15.101448161783969,OW,-0.19097795575952148,-2252.8591932303334,-406989.1152996388,430.24644333717384,415.14499517538985,69953.37659600169
2024-01-03 09:42:00,2024-01-03,STK3,119.46497978963085,-3.9312828819438536e-05,-37.44074299664061,-37.440742996640665,-1192.8800381601375,1.8498516210732106,OW,0.05374961552907109,1155.4392951634968,142507.3896502549,62.10441788221885,60.254566261145634,70013.63116226284
2024-01-03 09:43:00,2024-01-03,STK3,119.58313311819123,-0.0014697611254297811,-1399.7707673597936,-1399.7707673597936,-1362.330024363153,2.4127260238657016,OW,0.11815332856038196,-37.440742996640665,162911.6926543276,-4.423748408826905,-6.836474432692606,70006.79468783014
2024-01-03 09:44:00,2024-01-03,STK3,119.49634546650188,-0.0025403584645109774,-2419.3860183896695,-2419.3860183896695,-1019.6152510298759,1.351499838172532,OW,-0.08678765168934888,-1399.7707673597936,121840.29627998009,121.48281780255437,120.13131796438184,70126.92600579452
2024-01-03 09:45:00,2024-01-03,STK3,119.37387550532844,-0.0019162908195818821,-1825.0366162231244,-1825.0366162231244,594.3494021665451,0.4592265754124485,OW,-0.12246996117343656,-2419.3860183896695,-70949.79154089555,296.3021117357381,295.84288516032564,70422.76889095485
2024-01-03 09:46:00,2024-01-03,STK3,119.52060696397885,-0.004057292323085406,-3864.083142645067,-3864.083142645067,-2039.0465264219424,5.405023957987406,OW,0.14673145865040738,-1825.0366162231244,243708.07846574328,-267.79028478882276,-273.19530874681016,70149.57358220803
2024-01-03 09:47:00,2024-01-03,STK3,119.45628439916702,-0.005570819496075989,-5305.535808456606,-5305.535808456606,-1441.4526658115392,2.7011215241077506,OW,-0.06432256481183174,-3864.083142645067,172190.57959512068,248.54773838109378,245.84661685698603,70395.42019906502
2024-01-03 09:48:00,2024-01-03,STK3,119.43939501192,-0.0060146730685108896,-5728.252973125737,-5728.252973125737,-422.7171646691313,0.2322967416976823,OW,-0.016889387247019272,-5305.535808456606,50489.082409235205,89.60724882195109,89.37495208025341,70484.79515114527
2024-01-03 09:49:00,2024-01-03,STK3,119.25172078928311,-0.006963428848989257,-6631.828788201744,-6631.828788201744,-903.5758150760066,1.0613840296673507,OW,-0.18767422263688616,-5728.252973125737,107752.97081139285,1075.0454237988047,1073.9840397691373,71558.77919091441
2024-01-03 09:50:00,2024-01-03,STK3,119.1883103476696,-0.0068646107210112405,-6537.716401885636,-6537.716401885636,94.11238631610831,0.011514283635546135,OW,-0.06341044161351306,-6631.828788201744,-11217.096307804091,420.5271921650817,420.51567788144615,71979.29486879586
2024-01-03 09:51:00,2024-01-03,STK3,119.1328091534345,-0.004985157329986167,-4747.76300751834,-4747.76300751834,1789.953394367296,4.165113100209106,OW,-0.0555011942351058,-6537.716401885636,-213242.17612470133,362.85106787509164,358.68595477488253,72337.98082357073
2024-01-03 09:52:00,2024-01-03,STK3,118.92597009788022,-0.005663815337330714,-5394.103166663425,-5394.103166663425,-646.3401591450856,0.5430822817208031,OW,-0.20683905555426918,-4747.76300751834,76866.6304395476,982.02281647059,981.4797341888692,73319.4605577596
2024-01-03 09:53:00,2024-01-03,STK3,118.86730633840651,-0.005184229269237162,-4937.355095881464,-4937.355095881464,456.74807078196136,0.27120444021195667,OW,-0.05866375947371694,-5394.103166663425,-54292.41284911558,316.438370745558,316.1671663053461,73635.62772406494
2024-01-03 09:54:00,2024-01-03,STK3,118.59121683656042,-0.0029851100913999592,-2842.9584719561385,-2842.9584719561385,2094.3966239253255,5.702446383802742,OW,-0.27608950184608716,-4937.355095881464,-248377.04416968836,1363.1519088591533,1357.4494624753506,74993.0771865403
2024-01-03 09:55:00,2024-01-03,STK3,118.53745522670418,-0.001645183687103962,-1566.8396668689475,-1566.8396668689475,1276.118805087191,2.1170229661063082,OW,-0.053761609856238124,-2842.9584719561385,-151267.87572197814,152.84202420679281,150.7250012406865,75143.80218778098
2024-01-03 09:56:00,2024-01-03,STK3,118.65900911698276,-0.004706253268846563,-4482.140421013347,-4482.140421013347,-2915.3007541443994,11.048672033249376,OW,0.12155389027857666,-1566.8396668689475,345926.69876476703,-190.45545695070965,-201.50412898395902,74942.29805879702
2024-01-03 09:57:00,2024-01-03,STK3,118.38927952344352,0.0006036793260170369,574.9319796242509,517.8595789866531,5000.0,32.5,OW,-0.269729593539239,-4482.140421013347,-591946.3976172176,1208.9659139457235,1176.4659139457235,76118.76397274274
2024-01-03 09:58:00,2024-01-03,STK3,118.37588235503333,-0.0004444218244848728,-423.258356427628,-423.258356427628,-941.1179354142811,1.1514138588659706,OW,-0.013397168410193672,517.8595789866531,111405.6660048128,-6.937851992516183,-8.089265851382153,76110.67470689137
2024-01-03 09:59:00,2024-01-03,STK3,118.30680883817159,0.00038773808230732853,369.2739069059519,369.2739069059519,792.5322633335799,0.8165396049520409,OW,-0.06907351686173513,-423.258356427628,-93761.9629762893,29.235943219574057,28.419403614622016,76139.09411050599
2024-01-03 10:00:00,2024-01-03,STK3,118.37855895861148,-0.0004193088067024313,-399.34122624651155,-399.3412262465115,-768.6151331524634,0.7679999897842729,OW,0.07175012043988716,369.2739069059519,90987.5518563699,26.495447295809726,25.727447306025454,76164.82155781201
2024-01-03 10:01:00,2024-01-03,STK3,118.213218458726,-0.00047539525740226333,-452.75682744608343,-452.75682744608343,-53.41560119957194,0.003709194386965225,OW,-0.16534049988547395,-399.3412262465115,6314.430133709185,66.02727797247636,66.02356877808938,76230.84512659011
2024-01-03 10:02:00,2024-01-03,STK3,118.44075481722301,-0.004636108965517885,-4415.336405314816,-4415.336405314816,-3962.5795778687325,20.412647984225046,OW,0.22753635849700515,-452.75682744608343,469330.9162260856,-103.01863980173874,-123.43128778596379,76107.41383880415
2024-01-03 10:03:00,2024-01-03,STK3,118.32941007832422,-0.004483670015330754,-4270.15663250203,-4270.15663250203,145.1797728127858,0.027400316364163735,OW,-0.1113447388987936,-4415.336405314816,-17179.03687224208,491.62447920011607,491.5970788837519,76599.0109176879
2024-01-03 10:04:00,2024-01-03,STK3,118.33808102075159,-0.0027100966693894978,-2581.041251462734,-2581.041251462734,1689.1153810392962,3.7090440016025847,OW,0.008670942427372097,-4270.15663250203,-199886.67281482593,-37.02628231628621,-40.7353263178888,76558.27559137001
2024-01-03 10:05:00,2024-01-03,STK3,118.33443241644993,-0.0043282190067945436,-4122.108236241749,-4122.108236241749,-1541.066984779015,3.0873536870486507,OW,-0.003648604301659475,-2581.041251462734,182361.28695955462,9.417198212847486,6.329844525798835,76564.6054358958
2024-01-03 10:06:00,2024-01-03,STK3,118.16391964864968,-0.003235800423269687,-3081.7108733767154,-3081.7108733767154,1040.3973628650338,1.4071546744534718,OW,-0.17051276780024693,-4122.108236241749,-122937.43038825087,702.8720845337748,701.4649298593213,77266.07036575512
2024-01-03 10:07:00,2024-01-03,STK3,118.0023424756657,-0.0021277616213826837,-2026.4371304899178,-2026.4371304899178,1055.2737428867977,1.4476834741542044,OW,-0.1615771729839821,-3081.7108733767154,-124524.77361370549,497.9341308742081,496.4864474000539,77762.55681315517
2024-01-03 10:08:00,2024-01-03,STK3,117.9056492295661,-0.0018737967753807443,-1784.5661480426206,-1784.5661480426206,241.87098244729714,0.07605204379502695,OW,-0.09669324609960483,-2026.4371304899178,-28517.955215241553,195.94278416383867,195.86673212004365,77958.42354527522
2024-01-03 10:09:00,2024-01-03,STK3,118.0799710280554,-0.004455279609530229,-4243.118184263417,-4243.118184263417,-2458.5520362207963,7.857821549247051,OW,0.17432179848930218,-1784.5661480426206,290305.7532079182,-311.08878044991593,-318.94660199916297,77639.47694327605
2024-01-03 10:10:00,2024-01-03,STK3,117.92517490146848,-0.0006352677050226882,-605.0161128588014,-605.0161128588015,3638.1020714046153,17.20652268654612,OW,-0.15479612658691622,-4243.118184263417,-429023.82307978405,656.818259574486,639.6117368879399,78279.08868016399
2024-01-03 10:11:00,2024-01-03,STK3,117.85715212978968,-0.0012095859769056384,-1151.9852184046233,-1151.9852184046233,-546.9691055458218,0.38892776314807526,OW,-0.06802277167879822,-605.0161128588015,64464.22108260891,41.154872906988274,40.7659451438402,78319.85462530782
2024-01-03 10:12:00,2024-01-03,STK3,117.79921042684217,-0.0015712910505823246,-1496.4658144540626,-1496.4658144540626,-344.4805960494393,0.1542669453709501,OW,-0.05794170294751666,-1151.9852184046233,40579.54222199192,66.74798532473079,66.59371837935984,78386.44834368718
2024-01-03 10:13:00,2024-01-03,STK3,117.72632157113041,-0.0021255680681202594,-2024.3480347312513,-2024.3480347312513,-527.8822202771887,0.3622575300302067,OW,-0.07288885571175285,-1496.4658144540626,62145.632016034615,109.0756808273129,108.71342329728269,78495.16176698447
2024-01-03 10:14:00,2024-01-03,STK3,117.65974983150116,-0.0029486514890473925,-2808.2360365148043,-2808.2360365148043,-783.8880017835529,0.7988245191422748,OW,-0.06657173962925356,-2024.3480347312513,92232.06618576817,134.76437028712,133.96554576797772,78629.12731275245
2024-01-03 10:15:00,2024-01-03,STK3,117.86111352060338,-0.0062650997437073775,-5966.754273263639,-5966.754273263639,-3158.518236748835,12.96910868743746,OW,0.20136368910222302,-2808.2360365148043,372266.4764583505,-565.4767681824261,-578.4458768698636,78050.68143588258
2024-01-03 10:16:00,2024-01-03,STK3,117.73969464849432,-0.005357588715144673,-5102.459125664579,-5102.459125664579,864.2951475990603,0.971107932812266,OW,-0.12141887210906077,-5966.754273263639,-101761.8467644887,724.4765740115897,723.5054660787774,78774.18690196135
2024-01-03 10:17:00,2024-01-03,STK3,117.6481751516676,-0.004285450517535623,-4081.3763921393456,-4081.3763921393456,1021.0827335252334,1.3553929333143715,OW,-0.09151949682672011,-5102.459125664579,-120128.5202781202,466.97449175972855,465.6190988264142,79239.80600078776
2024-01-03 10:18:00,2024-01-03,STK3,117.5238685271264,-0.0015345736730389638,-1461.4969267551987,-1461.4969267551987,2619.879465384147,8.92289893708398,OW,-0.12430662454120522,-4081.3763921393456,-307898.3698467247,507.3421227890044,498.41922385192044,79738.22522463968
2024-01-03 10:19:00,2024-01-03,STK3,117.38096202780429,-0.0016991434490809458,-1618.2298527448925,-1618.2298527448925,-156.73292598969374,0.03193477311607806,OW,-0.14290649932210897,-1461.4969267551987,18397.4616341029,208.85740957260614,208.82547479949005,79947.05069943918
2024-01-03 10:20:00,2024-01-03,STK3,117.27328465288146,0.0013153285847716826,1252.6923393063253,1252.6923393063253,2870.9221920512177,10.71485250265582,OW,-0.10767737492282947,-1618.2298527448925,-336682.47544469684,174.2467425653269,163.5318900626711,80110.58258950185
2024-01-03 10:21:00,2024-01-03,STK3,117.23681963349877,0.0018307981073266814,1743.6150863114942,1743.6150863114942,490.92274700516896,0.3133066865852315,OW,-0.03646501938268898,1252.6923393063253,-57554.221544626744,-45.67945043335115,-45.99275711993638,80064.58983238191
2024-01-03 10:22:00,2024-01-03,STK3,117.2452630568287,0.002612140219901724,2487.749510311772,2487.749510311772,744.1344240002779,0.7198568532768931,OW,0.008443423329936195,1743.6150863114942,-87246.23629155429,14.722080298191182,14.00222344491429,80078.59205582683
2024-01-03 10:23:00,2024-01-03,STK3,117.3765927067419,0.002599026988405488,2475.260733872889,2475.260733872889,-12.488776438883178,0.00020276039802252468,OW,0.13132964991319795,2487.749510311772,1465.8900254723453,326.7152722609747,326.7150695005767,80405.30712532741
2024-01-03 10:24:00,2024-01-03,STK3,117.21861601810005,0.005601105217118022,5334.379316595152,5334.379316595152,2859.118582722263,10.62692679108809,OW,-0.15797668864185255,2475.260733872889,-335141.92329833534,-391.0334942624408,-401.66042105352886,80003.64670427388
2024-01-03 10:25:00,2024-01-03,STK3,117.39015667433222,5.28905979751082e-05,50.37193570627788,334.379316595152,-5000.0,32.5,OW,0.17154065623216752,5334.379316595152,586950.7833716611,915.0629285600337,882.5629285600337,80886.20963283391
2024-01-03 10:26:00,2024-01-03,STK3,117.40136081266073,5.28905979751082e-05,50.37193570627788,50.371935706277895,-284.0073808888741,0.1048582501191654,OW,0.011204138328508861,334.379316595152,33342.85299719347,3.7464321173243413,3.641573867205176,80889.85120670112
2024-01-03 10:27:00,2024-01-03,STK3,117.48213267811555,5.28905979751082e-05,50.37193570627788,50.37193570627788,-1.4210854715202004e-14,2.6253290925755274e-34,OW,0.08077186545482107,50.371935706277895,1.6695215191207857e-12,4.068635213566376,4.068635213566376,80893.91984191469
2024-01-03 10:28:00,2024-01-03,STK3,117.61251260644536,5.28905979751082e-05,50.37193570627788,50.37193570627788,0.0,0.0,OW,0.13037992832981615,50.37193570627788,-0.0,6.567489367218617,6.567489367218617,80900.48733128191
2024-01-03 10:29:00,2024-01-03,STK3,117.73201056837578,5.28905979751082e-05,0.0,0.0,-50.37193570627788,0.0032985314788366105,OW,0.11949796193042062,50.37193570627788,5930.389266921053,6.019343655390389,6.016045123911552,80906.50337640582
2024-01-04 09:30:00,2024-01-04,STK3,117.75276695650837,-0.0045080197478549735,-4293.346825242,-4293.346825242,-4293.346825242,23.962675050360225,OW,0.020756388132582515,0.0,505553.46817618626,0.0,-23.962675050360225,80882.54070135545
2024-01-04 09:31:00,2024-01-04,STK3,117.7144213477398,-0.004097207410720737,-3902.0974647562216,-3902.0974647562216,391.2493604857782,0.19899888070468955,OW,-0.03834560876856585,-4293.346825242,-46055.692072256636,164.630997668494,164.4319987877893,81046.97270014323
2024-01-04 09:32:00,2024-01-04,STK3,117.69699238072727,-0.0063758378665359355,-6072.219021572579,-6072.219021572579,-2170.121556816357,6.122255842766765,OW,-0.017428967012534713,-3902.0974647562216,255416.78033786677,68.00952799293152,61.88727215016476,81108.8599722934
2024-01-04 09:33:00,2024-01-04,STK3,117.69231916349507,-0.005980301698110112,-5695.518375177356,-5695.518375177356,376.700646395223,0.18447439009295247,OW,-0.00467321723219527,-6072.219021572579,-44334.77270464148,28.37679856927688,28.192324179183927,81137.05229647258
2024-01-04 09:34:00,2024-01-04,STK3,117.65649592481199,-0.006179277843363416,-5885.01923127468,-5885.01923127468,-189.5008560973247,0.04668374680010464,OW,-0.03582323868307924,-5695.518375177356,22296.006703163264,204.03191417784205,203.98523043104194,81341.03752690363
2024-01-04 09:35:00,2024-01-04,STK3,117.43070462049047,-0.0025739877403677183,-2451.4138605044755,-2451.4138605044755,3433.605370770205,15.326539594836595,OW,-0.22579130432151828,-5885.01923127468,-403210.6980782456,1328.786168186729,1313.4596285918924,82654.49715549553
2024-01-04 09:36:00,2024-01-04,STK3,117.43063849561717,-0.005237204944009534,-4987.808057008628,-4987.808057008628,-2536.394196504152,8.363284176077928,OW,-6.612487329960004e-05,-2451.4138605044755,297850.3899720605,0.16209943093074183,-8.201184745147186,82646.29597075038
2024-01-04 09:37:00,2024-01-04,STK3,117.2015418855732,-0.0012227250385978747,-1164.4985949997154,-1164.4985949997154,3823.3094620089123,19.003003814972942,OW,-0.22909661004396753,-4987.808057008628,-448097.7640531459,1142.689917410665,1123.686913595692,83769.98288434607
2024-01-04 09:38:00,2024-01-04,STK3,117.23363651203488,-0.0007159984875004154,-681.9024771687572,-681.9024771687572,482.5961178309582,0.30276871682916573,OW,0.03209462646167083,-1164.4985949997154,-56576.4978599137,-37.37414742165637,-37.67691613848553,83732.30596820758
2024-01-04 09:39:00,2024-01-04,STK3,117.17947219084536,0.0018473274711985838,1759.3573181276859,1759.3573181276856,2441.259795296443,7.74767420457008,OW,-0.05416432118951775,-681.9024771687572,-286065.53429356834,36.93478479329636,29.187110588726277,83761.49307879631
2024-01-04 09:40:00,2024-01-04,STK3,117.28880929630223,0.0016119959227592494,1535.2323113878517,1535.2323113878517,-224.1250067398339,0.06530162423996977,OW,0.10933710545687347,1759.3573181276856,26287.355174040833,192.36303662844887,192.2977350042089,83953.79081380052
2024-01-04 09:41:00,2024-01-04,STK3,117.04186125396576,0.002869811336661443,2733.1502700629444,2733.1502700629444,1197.9179586750927,1.8655096664311914,OW,-0.24694804233647005,1535.2323113878517,-140206.54751288408,-379.122613828924,-380.9881234953552,83572.80269030517
2024-01-04 09:42:00,2024-01-04,STK3,117.18494203615668,0.001429967986738377,1361.8725869562036,1361.8725869562036,-1371.2776831067408,2.4445232294425687,OW,0.14308078219092124,2733.1502700629444,160693.09581033865,391.0612784859337,388.61675525649116,83961.41944556165
2024-01-04 09:43:00,2024-01-04,STK3,117.26392720001498,0.0002469477040712687,235.18799840654356,235.18799840654356,-1126.68458854966,1.650243610697912,OW,0.07898516385829168,1361.8725869562036,132119.45956906615,107.56772943485133,105.91748582415342,84067.33693138581
2024-01-04 09:44:00,2024-01-04,STK3,117.44686265935522,-0.0024715702568749278,-2353.8735207993814,-2353.8735207993814,-2589.061519205925,8.71421141530276,OW,0.1829354593402428,235.18799840654356,304077.1526627998,43.02422451981334,34.310013104510574,84101.64694449032
2024-01-04 09:45:00,2024-01-04,STK3,117.5346602175601,-0.0023049362709397754,-2195.174683059702,-2195.174683059702,158.69883773967922,0.032740917429902545,OW,0.08779755820488333,-2353.8735207993814,-18652.6139706549,-206.66434744931735,-206.69708836674724,83894.94985612357
2024-01-04 09:46:00,2024-01-04,STK3,117.40340883655145,-0.0034691776490393734,-3303.9746227355845,-3303.9746227355845,-1108.7999396758823,1.5982684980928124,OW,-0.13125138100865286,-2195.174683059702,130176.89263571119,288.11970870681773,286.5214402087249,84181.4712963323
2024-01-04 09:47:00,2024-01-04,STK3,117.41373643464792,-0.004993399795459291,-4755.612964916606,-4755.612964916606,-1451.6383421810215,2.739430039437084,OW,0.010327598096466772,-3303.9746227355845,170442.2817072717,-34.12212202453855,-36.86155206397563,84144.60974426832
2024-01-04 09:48:00,2024-01-04,STK3,117.38336473693141,-0.005476762134111026,-5215.9574793964775,-5215.9574793964775,-460.3445144798716,0.2754921936152213,OW,-0.03037169771650383,-4755.612964916606,54036.788047836366,144.4360394271337,144.16054723351849,84288.77029150185
2024-01-04 09:49:00,2024-01-04,STK3,117.31444329109759,-0.005113177814904394,-4869.687127915359,-4869.687127915359,346.27035148111827,0.15587410320931436,OW,-0.06892144583382276,-5215.9574793964775,-40622.51351222008,359.49133088774704,359.3354567845377,84648.10574828638
2024-01-04 09:50:00,2024-01-04,STK3,117.41760262304953,-0.007095184529002856,-6757.3102328567165,-6757.3102328567165,-1887.6231049413573,4.632057282200986,OW,0.10315933195194305,-4869.687127915359,221640.1796380912,-502.35367093072466,-506.98572821292566,84141.12002007346
2024-01-04 09:51:00,2024-01-04,STK3,117.1785810401296,-0.0032043179888712227,-3051.727639643134,-3051.727639643134,3705.5825932135826,17.85074506166575,OW,-0.23902158291993203,-6757.3102328567165,-434214.9101997714,1615.142988138467,1597.2922430768012,85738.41226315027
2024-01-04 09:52:00,2024-01-04,STK3,117.04761279622409,-0.0009590027572690655,-913.3348285083699,-913.3348285083698,2138.392811134764,5.944540959126691,OW,-0.13096824390551376,-3051.727639643134,-250293.773763931,399.67940984197975,393.73486888285305,86132.14713203312
2024-01-04 09:53:00,2024-01-04,STK3,116.97254583415585,0.0016458659159528039,1567.489407825308,1567.4894078253078,2480.8242363336776,8.000835559054748,OW,-0.07506696206823449,-913.3348285083698,-290188.3266910258,68.56127092723524,60.56043536818049,86192.7075674013
2024-01-04 09:54:00,2024-01-04,STK3,116.93753675705481,0.0022255972666637806,2119.6138201579183,2119.6138201579183,552.1244123326105,0.39629377670171967,OW,-0.03500907710103718,1567.4894078253078,-64564.06876161193,-54.87635753361531,-55.27265131031703,86137.43491609099
2024-01-04 09:55:00,2024-01-04,STK3,116.85665172179279,0.00396732827443266,3778.403202389044,3778.403202389044,1658.7893822311257,3.5770568789835355,OW,-0.08088503526202828,2119.6138201579183,-193840.57311919046,-171.4450385853557,-175.02209546433923,85962.41282062665
2024-01-04 09:56:00,2024-01-04,STK3,116.97868375449286,0.0037488432354018694,3570.3224704596737,3570.3224704596737,-208.08073192937036,0.056286868300341235,OW,0.12203203270007634,3778.403202389044,24341.010135769222,461.086223148013,461.0299362797127,86423.44275690636
2024-01-04 09:57:00,2024-01-04,STK3,117.05540223859825,0.0021326816702465596,2031.1228855112456,2031.1228855112456,-1539.199584948428,3.079875970997038,OW,0.07671848410538473,3570.3224704596737,180171.62654162172,273.90972770105844,270.8298517300614,86694.27260863641
2024-01-04 09:58:00,2024-01-04,STK3,117.22086135324055,-0.0019764424103011435,-1882.323774552606,-1882.323774552606,-3913.4466600638516,19.90958418951439,OW,0.165459114642303,2031.1228855112456,458737.588352647,336.06779436641045,316.1582101768961,87010.43081881331
2024-01-04 09:59:00,2024-01-04,STK3,117.23929377163397,0.00011604869876480415,110.52243341489591,110.52243341489589,1992.8462079675019,5.162866811193587,OW,0.018432418393416583,-1882.323774552606,-233639.8820175887,-34.69577936442879,-39.858646175622376,86970.5721726377
2024-01-04 10:00:00,2024-01-04,STK3,117.31887043478615,0.00017479425022010682,166.47050838899608,166.47050838899608,55.948074974100194,0.004069243221299797,OW,0.07957666315218148,110.52243341489589,-6563.764958962162,8.795006454616576,8.790937211395276,86979.36310984909
2024-01-04 10:01:00,2024-01-04,STK3,117.42120939970599,-0.0015089220772781802,-1437.0668658011948,-1437.0668658011948,-1603.5373741901908,3.3427317435522035,OW,0.10233896491983785,166.47050838899608,188289.2977950411,17.03641951820904,13.693687774656837,86993.05679762375
2024-01-04 10:02:00,2024-01-04,STK3,117.3488775904095,-0.0003903694962044071,-371.7800122765629,-371.78001227656296,1065.2868535246319,1.4752869043801335,OW,-0.07233180929648597,-1437.0668658011948,-125010.21657293451,103.94564648343082,102.4703595790507,87095.5271572028
2024-01-04 10:03:00,2024-01-04,STK3,117.13451348370289,0.00218261565985704,2078.6790072136478,2078.6790072136478,2450.4590194902107,7.806174228061202,OW,-0.21436410670661132,-371.78001227656296,-287033.3250597374,79.6962902230384,71.89011599497721,87167.41727319777
2024-01-04 10:04:00,2024-01-04,STK3,117.34659156625747,0.0011868172216892743,1130.300716474612,1130.300716474612,-948.3782907390357,1.1692477970486235,OW,0.2120780825545836,2078.6790072136478,111288.959933659,440.84225809633585,439.6730102992872,87607.09028349706
2024-01-04 10:05:00,2024-01-04,STK3,117.43168162658372,-0.0011735848286331754,-1117.6984529763681,-1117.698452976368,-2247.99916945098,6.5695503456079845,OW,0.08509006032625166,1130.300716474612,263986.3227637921,96.1773561516302,89.60780580602223,87696.69808930308
2024-01-04 10:06:00,2024-01-04,STK3,117.37804991304543,-0.0013316315772968056,-1268.218979630602,-1268.218979630602,-150.52052665423412,0.029453357627548405,OW,-0.053631713538294434,-1117.698452976368,17667.80589055858,59.944083252223415,59.91462989459587,87756.61271919768
2024-01-04 10:07:00,2024-01-04,STK3,117.40936306027258,-0.0010956856730184707,-1043.5088728161293,-1043.5088728161293,224.71010681447274,0.06564302173594327,OW,0.03131314722715217,-1268.218979630602,-26383.07051429306,-39.71192762544174,-39.77757064717768,87716.83514855051
2024-01-04 10:08:00,2024-01-04,STK3,117.43280442035042,-0.0020506951216331605,-1953.040554933751,-1953.040554933751,-909.5316821176218,1.0754222450084239,OW,0.02344136007783959,-1043.5088728161293,106808.85614023102,-24.461267232103403,-25.53668947711183,87691.2984590734
2024-01-04 10:09:00,2024-01-04,STK3,117.5531774683178,-0.002584198461914265,-2461.138345175634,-2461.138345175634,-508.0977902418831,0.33561237378329006,OW,0.12037304796737658,-1953.040554933751,59728.5097075642,-235.0934444012722,-235.42905677505547,87455.86940229834
2024-01-04 10:10:00,2024-01-04,STK3,117.41960455175803,-0.0026145502105565646,-2490.0447366651492,-2490.0447366651492,-28.906391489515045,0.0010862533096286401,OW,-0.13357291655977122,-2461.138345175634,3394.17705771716,328.7414268221984,328.74034056888877,87784.60974286722
2024-01-04 10:11:00,2024-01-04,STK3,117.35133387681458,-0.0016919883265826097,-1611.4154588023935,-1611.4154588023935,878.6292778627558,1.0035862302929162,OW,-0.06827067494344874,-2490.0447366651492,-103108.31774041674,169.9970348115118,168.9934485812189,87953.60319144843
2024-01-04 10:12:00,2024-01-04,STK3,117.40450827572967,-0.0032527286596636383,-3097.832983315009,-3097.832983315009,-1486.4175245126157,2.8722681743316767,OW,0.05317439891508968,-1611.4154588023935,174512.118557831,-85.68604842430074,-88.55831659863242,87865.0448748498
2024-01-04 10:13:00,2024-01-04,STK3,117.33941702571596,-0.0018528024545764418,-1764.5715815556052,-1764.5715815556052,1333.261401759404,2.310861755047886,OW,-0.06509125001370819,-3097.832983315009,-156444.11562533732,201.64182121766876,199.33095946262088,88064.37583431242
2024-01-04 10:14:00,2024-01-04,STK3,117.41018662785935,-0.006465862703142323,-6157.956855046105,-6157.956855046105,-4393.3852734905,25.092384409720157,OW,0.07076960214338612,-1764.5715815556052,515828.1848886085,-124.8780287802158,-149.97041318993595,87914.40542112249
2024-01-04 10:15:00,2024-01-04,STK3,117.27396282562111,-0.003705207384046489,-3528.7645682405237,-3528.7645682405237,2629.1922868055817,8.986447705297355,OW,-0.13622380223823427,-6157.956855046105,-308335.79850424756,838.8602968133797,829.8738491080824,88744.27927023057
2024-01-04 10:16:00,2024-01-04,STK3,117.29124117184185,-0.005273070465536994,-5021.9656542682305,-5021.9656542682305,-1493.2010860277069,2.8985443283086205,OW,0.017278346220734875,-3528.7645682405237,175139.40869933192,-60.971215941521784,-63.86976026983041,88680.40950996074
2024-01-04 10:17:00,2024-01-04,STK3,117.19973887366623,-0.006712899701818688,-6393.229895828402,-6393.229895828402,-1371.2642415601713,2.444475306236069,OW,-0.0915022981756124,-5021.9656542682305,160711.81103764806,459.521398724536,457.07692341829994,89137.48643337903
2024-01-04 10:18:00,2024-01-04,STK3,117.26443442734734,-0.008910666129585227,-8486.338187948175,-8486.338187948175,-2093.108292119773,5.69543301930272,OW,0.06469555368110491,-6393.229895828402,245447.1600706161,-413.61354792121114,-419.30898094051383,88718.17745243851
2024-01-04 10:19:00,2024-01-04,STK3,116.90759954522456,-0.006351978302396023,-6049.4956552873045,-6049.4956552873045,2436.8425326608703,7.719661987680559,OW,-0.3568348821227829,-8486.338187948175,-284885.4109630878,3028.2214869505583,3020.501824962878,91738.67927740139
2024-01-04 10:20:00,2024-01-04,STK3,117.02753199835311,-0.009809330489298827,-9342.207947074758,-9342.207947074758,-3292.712291787453,14.094540507434637,OW,0.1199324531285555,-6049.4956552873045,385337.99308852677,-725.5308541291447,-739.6253946365794,90999.05388276481
2024-01-04 10:21:00,2024-01-04,STK3,116.89960462157475,-0.009519261925918659,-9065.952514457515,-9065.952514457515,276.25543261724306,0.09921218326570216,OW,-0.1279273767783593,-9342.207947074758,-32294.150847517798,1195.124155987215,1195.0249438039493,92194.07882656876
2024-01-04 10:22:00,2024-01-04,STK3,116.6751971706879,-0.005075013869611905,-4833.340558351599,-4833.340558351599,4232.611956105916,23.28950516226197,OW,-0.22440745088685787,-9065.952514457515,-493840.8345256687,2034.4672936307104,2011.1777884684484,94205.2566150372
2024-01-04 10:23:00,2024-01-04,STK3,116.5361571222294,-0.005036549035904723,-4796.707428747682,-4796.707428747682,36.63312960391704,0.001744582039950598,OW,-0.13904004845849727,-4833.340558351599,-4269.0841474010695,672.0279054496265,672.0261608675866,94877.2827759048
2024-01-04 10:24:00,2024-01-04,STK3,116.41767397877165,-0.0053615390602172845,-5106.22135440907,-5106.22135440907,-309.5139256613884,0.1245385312318205,OW,-0.1184831434577518,-4796.707428747682,36032.89128953728,568.3289744051754,568.2044358739436,95445.48721177873
2024-01-04 10:25:00,2024-01-04,STK3,116.21770517691806,-0.0010433056341953239,-993.6231833192242,-993.6231833192242,4112.598171089846,21.98750283190701,OW,-0.19996880185358634,-5106.22135440907,-477956.72175885213,1021.0849662403787,999.0974634084716,96444.5846751872
2024-01-04 10:26:00,2024-01-04,STK3,116.1174310039391,-0.0010433056341953239,-993.6231833192242,-993.6231833192242,0.0,0.0,OW,-0.10027417297895624,-993.6231833192242,-0.0,99.63474296005303,99.63474296005303,96544.21941814726
2024-01-04 10:27:00,2024-01-04,STK3,116.30385946331519,-0.0010433056341953239,-993.6231833192242,-993.6231833192242,0.0,0.0,OW,0.18642845937608854,-993.6231833192242,-0.0,-185.23963926656776,-185.23963926656776,96358.97977888069
2024-01-04 10:28:00,2024-01-04,STK3,116.16880048744062,-0.0010433056341953239,-993.6231833192242,-993.6231833192242,0.0,0.0,OW,-0.13505897587457127,-993.6231833192242,-0.0,134.1977295443258,134.1977295443258,96493.17750842501
2024-01-04 10:29:00,2024-01-04,STK3,116.02082392345922,-0.0010433056341953239,0.0,0.0,993.6231833192242,1.2834731395582573,OW,-0.1479765639814019,-993.6231833192242,-115280.98039814674,147.0329445598414,145.74947142028316,96638.92697984529
2024-01-05 09:30:00,2024-01-05,STK3,115.61733999251479,-0.0007958154374659907,-757.9185258780067,-757.9185258780067,-757.9185258780067,0.746772639429818,OW,-0.40348393094443225,0.0,87628.52389306312,-0.0,-0.746772639429818,96638.18020720586
2024-01-05 09:31:00,2024-01-05,STK3,115.53040985052625,-0.0002062850390707775,-196.46169873387535,-196.46169873387532,561.4568271441314,0.4098038993707815,OW,-0.08693014198853177,-757.9185258780067,-64865.33735333757,65.88596507031382,65.47616117094303,96703.6563683768
2024-01-05 09:32:00,2024-01-05,STK3,115.42980173272495,8.58336971167363e-05,81.74627699673924,81.74627699673925,278.2079757306146,0.1006195810881641,OW,-0.10060811780130052,-196.46169873387532,-32113.491479047596,19.765641729661343,19.66502214857318,96723.32139052538
2024-01-05 09:33:00,2024-01-05,STK3,115.45812833476559,-0.000523711211699241,-498.77196504351076,-498.77196504351076,-580.51824204025,0.438101858143953,OW,0.028326602040635862,81.74627699673925,67025.5496901557,2.315594256790219,1.8774923986462657,96725.19888292403
2024-01-05 09:34:00,2024-01-05,STK3,115.38264765883567,0.0006061721444330855,577.3060894620658,577.3060894620658,1076.0780545055766,1.5053271732050586,OW,-0.07548067592992425,-498.77196504351076,-124160.7350164223,37.64764505638074,36.14231788317568,96761.3412008072
2024-01-05 09:35:00,2024-01-05,STK3,115.48746993936759,-0.001088267208494711,-1036.443677255172,-1036.443677255172,-1613.7497667172377,3.3854448024539208,OW,0.10482228053191989,577.3060894620658,186367.87767341844,60.5145408623783,57.12909605992438,96818.47029686713
2024-01-05 09:36:00,2024-01-05,STK3,115.45440297371576,-0.0011139870131408208,-1060.9386989719162,-1060.9386989719162,-24.495021716744304,0.0007800079155749077,OW,-0.03306696565182676,-1036.443677255172,2828.0581081349155,34.272047475849796,34.27126746793422,96852.74156433507
2024-01-05 09:37:00,2024-01-05,STK3,115.38047925109144,0.0018459456333134762,1758.041283676007,1758.0412836760067,2818.979982647923,10.33064258534059,OW,-0.07392372262431479,-1060.9386989719162,-325255.2613971508,78.42853810420134,68.09789551886075,96920.83945985393
2024-01-05 09:38:00,2024-01-05,STK3,115.35323766434226,-0.00025342802733466967,-241.3597272066898,-241.35972720668974,-1999.4010108826965,5.196885723014374,OW,-0.02724158674918442,1758.0412836760067,230637.37999467785,-47.89183413790747,-53.08871986092185,96867.750739993
2024-01-05 09:39:00,2024-01-05,STK3,115.38073981316734,0.0014398139932462891,1371.2497244015688,1371.2497244015688,1612.6094516082585,3.380662016441175,OW,0.02750214882507862,-241.35972720668974,-186064.07155626695,-6.637911138018759,-10.018573154459935,96857.73216683854
2024-01-05 09:40:00,2024-01-05,STK3,115.33108390036124,0.0012750498785834526,1214.3317142402134,1214.3317142402134,-156.91801016135537,0.032010240486898996,OW,-0.049655912806102265,1371.2497244015688,18097.524195397014,-68.09065675027605,-68.12266699076295,96789.60949984778
2024-01-05 09:41:00,2024-01-05,STK3,115.29571759337941,0.0013442966105513417,1280.2809011296858,1280.2809011296858,65.94918688947246,0.005654083826797335,OW,-0.03536630698182819,1214.3317142402134,-7603.658827121616,-42.94642818358905,-42.95208226741585,96746.65741758037
2024-01-05 09:42:00,2024-01-05,STK3,115.49149280029631,-0.0005532414473699046,-526.8959641953819,-526.895964195382,-1807.1768653250679,4.24565468933598,OW,0.19577520691690609,1280.2809011296858,208713.55393055212,250.64725833042723,246.40160364109124,96993.05902122146
2024-01-05 09:43:00,2024-01-05,STK3,115.27305447257174,0.0008230648456262434,783.8703110427037,783.8703110427036,1310.7662752380857,2.2335406967919824,OW,-0.21843832772457006,-526.895964195382,-151096.03224632982,115.0942733036642,112.86073260687222,97105.91975382833
2024-01-05 09:44:00,2024-01-05,STK3,115.45476214590911,-0.00048093639444874673,-458.03409428992774,-458.0340942899277,-1241.9044053326313,2.0050245175799755,OW,0.18170767333737103,783.8703110427036,143383.77772563565,142.435250417811,140.43022590023102,97246.34997972856
2024-01-05 09:45:00,2024-01-05,STK3,115.39007371478533,0.0014514600495536402,1382.3411928667517,1382.3411928667517,1840.3752871566794,4.40307555685014,OW,-0.06468843112378408,-458.0340942899277,-212361.04004787846,29.629506960818812,25.22643140396867,97271.57641113253
2024-01-05 09:46:00,2024-01-05,STK3,115.36099183331963,0.0021563132716023504,2053.629144651869,2053.629144651869,671.2879517851172,0.5858157684754153,OW,-0.02908188146570012,1382.3411928667517,-77440.44392368877,-40.20108271610538,-40.786898484580796,97230.78951264794
2024-01-05 09:47:00,2024-01-05,STK3,115.38387955094147,0.0012318010880452753,1173.1424409143829,1173.1424409143829,-880.4867037374861,1.0078338860960547,OW,0.02288771762184183,2053.629144651869,101593.97177025158,47.002883962776544,45.99505007668049,97276.78456272463
2024-01-05 09:48:00,2024-01-05,STK3,115.29088512135637,0.0014097585294715067,1342.6255086269955,1342.6255086269955,169.48306771261264,0.037341863313661454,OW,-0.0929944295851044,1173.1424409143829,-19539.852889669884,-109.09571211491007,-109.13305397822373,97167.6515087464
2024-01-05 09:49:00,2024-01-05,STK3,115.35377306847758,0.0010378251961007143,988.4037249294016,988.4037249294016,-354.2217836975939,0.16311499365967647,OW,0.0628879471212116,1342.6255086269955,40860.8192525636,84.43496199012432,84.27184699646465,97251.92335574287
2024-01-05 09:50:00,2024-01-05,STK3,115.46516287289725,-0.0003038735068869869,-289.40298158391505,-289.402981583915,-1277.8067065133166,2.1226269729735323,OW,0.11138980441967306,988.4037249294016,147542.1594876405,110.09809760756237,107.97547063458883,97359.89882637745
2024-01-05 09:51:00,2024-01-05,STK3,115.50025084098438,0.000816824448643624,777.9270831794436,777.9270831794437,1067.3300647633587,1.480951507292082,OW,0.03508796808712589,-289.402981583915,-123276.89021029203,-10.15456258213549,-11.635514089427572,97348.26331228802
2024-01-05 09:52:00,2024-01-05,STK3,115.43895705616224,0.0037443559492288596,3566.0488698717413,3566.0488698717413,2788.1217866922975,10.105710026656725,OW,-0.06129378482214065,777.9270831794437,-321857.8712013225,-47.68209524371633,-57.787805270373056,97290.47550701765
2024-01-05 09:53:00,2024-01-05,STK3,115.36211441440405,0.0045772722374692485,4359.301495597432,4359.301495597432,793.2526257256909,0.818024646686914,OW,-0.07684264175819067,3566.0488698717413,-91511.30016849359,-274.0246157997549,-274.8426404464418,97015.6328665712
2024-01-05 09:54:00,2024-01-05,STK3,115.39117253133101,0.004221599144254358,4020.5656357324106,4020.5656357324106,-338.73585986502167,0.1491645775860443,OW,0.029058116926961475,4359.301495597432,39087.12804823348,126.67309257894821,126.52392800136217,97142.15679457257
2024-01-05 09:55:00,2024-01-05,STK3,115.38030382073,0.005080714698635125,4838.769912604035,4838.769912604035,818.2042768716246,0.8702957102983236,OW,-0.010868710601002363,4020.5656357324106,-94404.65805286875,-43.698364347110655,-44.56866005740898,97097.58813451516
2024-01-05 09:56:00,2024-01-05,STK3,115.51754765350267,0.0025677373900391143,2445.4611532758236,2445.4611532758236,-2393.3087593282116,7.446304862720287,OW,0.13724383277266838,4838.769912604035,276469.15865524206,664.0913287108474,656.6450238481272,97754.23315836329
2024-01-05 09:57:00,2024-01-05,STK3,115.72302598914567,0.000226610456809987,215.81921547143511,215.8192154714352,-2229.6419378043884,6.46269412206094,OW,0.20547833564299367,2445.4611532758236,258020.91191502634,502.4892876547121,496.02659353265113,98250.25975189594
2024-01-05 09:58:00,2024-01-05,STK3,115.72184606980751,0.0009554265181970933,909.9288907519383,909.9288907519383,694.1096752805031,0.626324713713407,OW,-0.00117991933815631,215.8192154714352,-80323.65299837445,-0.2546492658804699,-0.8809739795938769,98249.37877791634
2024-01-05 09:59:00,2024-01-05,STK3,115.71859629014527,0.001251320966714273,1191.732778534915,1191.732778534915,281.80388778297674,0.10323746052048072,OW,-0.003249779662240826,909.9288907519383,-32609.950323351688,-2.9570684032510033,-3.060305863771484,98246.31847205258
2024-01-05 10:00:00,2024-01-05,STK3,115.78594679829393,-0.00011080173020220285,-105.5253266850268,-105.52532668502681,-1297.2581052199419,2.187742169026484,OW,0.06735050814866383,1191.732778534915,150204.25795465178,80.26380821174558,78.0760660427191,98324.3945380953
2024-01-05 10:01:00,2024-01-05,STK3,115.694513600598,0.0003869394359513995,368.51329227059,368.51329227059,474.0386189556168,0.29212639593975304,OW,-0.09143319769593461,-105.52532668502681,-54843.6674479693,9.64851805672014,9.356391660780387,98333.75092975608
2024-01-05 10:02:00,2024-01-05,STK3,115.68643854584712,-0.00011040219236519691,-105.14481493041666,-105.14481493041666,-473.65810720100666,0.2916576032724124,OW,-0.008075054750875665,368.51329227059,54795.819510451525,-2.9757650115104606,-3.267422614782873,98330.4835071413
2024-01-05 10:03:00,2024-01-05,STK3,115.75183760598298,-0.002082424787265546,-1983.2592466938333,-1983.2592466938333,-1878.1144317634166,4.585507964437428,OW,0.06539906013586005,-105.14481493041666,217395.196710932,-6.876372074608195,-11.461880039045624,98319.02162710225
2024-01-05 10:04:00,2024-01-05,STK3,115.77561669409626,-0.0015076170822730423,-1435.8240149541168,-1435.8240149541168,547.4352317397165,0.38959093283489227,OW,0.02377908811327245,-1983.2592466938333,-63379.65155474118,-47.16009637859501,-47.5496873114299,98271.47193979082
2024-01-05 10:05:00,2024-01-05,STK3,115.71849920185491,-0.001848986628033165,-1760.9374655375805,-1760.9374655375805,-325.11345058346365,0.13740838247537215,OW,-0.05711749224134621,-1435.8240149541168,37621.640571854834,82.01066703408034,81.87325865160497,98353.34519844242
2024-01-05 10:06:00,2024-01-05,STK3,115.67257804180932,-0.0005114678621347717,-487.11164656155347,-487.11164656155347,1273.825818976027,2.10942188221693,OW,-0.045921160045594434,-1760.9374655375805,-147346.71645717614,80.86429118523466,78.75486930301773,98432.10006774543
2024-01-05 10:07:00,2024-01-05,STK3,115.61908540223095,0.00020357968596331323,193.88517515484335,193.8851751548434,680.9968217163969,0.6028836725441843,OW,-0.0534926395783657,-487.11164656155347,-78736.22968867594,26.056887743941438,25.454004071397254,98457.55407181682
2024-01-05 10:08:00,2024-01-05,STK3,115.50425202680367,-8.89218499018795e-05,-84.68737124599701,-84.68737124599704,-278.57254640084045,0.10088346269072293,OW,-0.11483337542728123,193.8851751548434,32176.313607231135,-22.26448910834031,-22.365372571031035,98435.18869924579
2024-01-05 10:09:00,2024-01-05,STK3,115.5805143288232,0.0026961704037686846,2567.778157768647,2567.778157768647,2652.465529014644,9.146245397394216,OW,0.07626230201952922,-84.68737124599704,-306573.3300829866,-6.45845388320222,-15.604699280596435,98419.5839999652
2024-01-05 10:10:00,2024-01-05,STK3,115.49230929374959,0.004405876451480206,4196.067615802195,4196.067615802195,1628.2894580335483,3.446724526886143,OW,-0.08820503507361366,2567.778157768647,-188054.90970696244,-226.49096246724255,-229.93768699412868,98189.64631297106
2024-01-05 10:11:00,2024-01-05,STK3,115.56861052443303,0.0012706564078837363,1210.147461611463,1210.1474616114629,-2985.9201541907323,11.59043491736313,OW,0.07630123068344119,4196.067615802195,345078.64335672377,320.16512311664036,308.5746881992772,98498.22100117034
2024-01-05 10:12:00,2024-01-05,STK3,115.58042878874315,-0.0006913817051290681,-658.4579515559343,-658.4579515559344,-1868.6054131673973,4.5391920471540494,OW,0.011818264310122117,1210.1474616114629,215974.21489085432,14.301842555547626,9.762650508393577,98507.98365167873
2024-01-05 10:13:00,2024-01-05,STK3,115.438963529674,0.0012051403780953983,1147.7513200177925,1147.7513200177925,1806.209271573727,4.241109512534561,OW,-0.1414652590691503,-658.4579515559344,-208506.9262281585,93.14892470300228,88.90781519046772,98596.8914668692
2024-01-05 10:14:00,2024-01-05,STK3,115.76929498572684,-0.0026295105845492136,-2504.2926942559147,-2504.2926942559143,-3652.044014273707,17.338653126850136,OW,0.3303314560528463,1147.7513200177925,422794.5607893108,379.1383647280538,361.7997116012036,98958.6911784704
2024-01-05 10:15:00,2024-01-05,STK3,115.83682068897254,-0.0034068961170376274,-3244.6589514104667,-3244.6589514104667,-740.3662571545524,0.7125848531529531,OW,0.06752570324569263,-2504.2926942559143,85761.67337417761,-169.1041253126809,-169.81671016583385,98788.87446830457
2024-01-05 10:16:00,2024-01-05,STK3,115.62732100985261,-0.00155175848682357,-1477.863395810624,-1477.863395810624,1766.7955555998426,4.058036495873564,OW,-0.20949967911992928,-3244.6589514104667,-204289.8368661239,679.755009174099,675.6969726782254,99464.57144098279
2024-01-05 10:17:00,2024-01-05,STK3,115.46012874035486,-0.0022227564385054353,-2116.908272880648,-2116.908272880648,-639.0448770700239,0.5308918613822745,OW,-0.1671922694977468,-1477.863395810624,73784.2037773692,247.0873351532251,246.5564432918428,99711.12788427464
2024-01-05 10:18:00,2024-01-05,STK3,115.49163778043703,-0.00329222481780288,-3135.4483254476727,-3135.4483254476727,-1018.5400525670248,1.348650990288209,OW,0.03150904008217026,-2116.908272880648,117632.85881593812,-66.70174762047415,-68.05039861076236,99643.07748566387
2024-01-05 10:19:00,2024-01-05,STK3,115.47167434160112,-0.003117438639014544,-2968.9855041270366,-2968.9855041270366,166.46282132063607,0.036022832146633814,OW,-0.01996343883591578,-3135.4483254476727,-19221.740693520624,62.59433086824917,62.55830803610254,99705.63579369997
2024-01-05 10:20:00,2024-01-05,STK3,115.46794038073509,-0.004231931866892882,-4030.406311775882,-4030.406311775882,-1061.4208076488453,1.4645983701829055,OW,-0.0037339608660289514,-2968.9855041270366,122560.07453646856,11.086075684217592,9.621477314034687,99715.25727101401
2024-01-05 10:21:00,2024-01-05,STK3,115.42843944921125,-0.003311394406735139,-3153.70505420816,-3153.70505420816,876.7012575677218,0.9991866235270723,OW,-0.039500931523832605,-4030.406311775882,-101196.25802420313,159.20480373468183,158.20561711115477,99873.46288812517
2024-01-05 10:22:00,2024-01-05,STK3,115.20037656124033,0.00048299360921060213,459.99334401833795,459.9933440183381,3613.6983982264983,16.976460947348187,OW,-0.22806288797092122,-3153.70505420816,-416299.41625444364,719.2430824712037,702.2666215238555,100575.72950964903
2024-01-05 10:23:00,2024-01-05,STK3,115.13431128336968,0.0010890430457996185,1037.1825690116939,1037.1825690116939,577.1892249933558,0.4330916218829599,OW,-0.0660652778706492,459.9933440183381,-66454.28389979192,-30.389588091220638,-30.822679713103597,100544.90682993592
2024-01-05 10:24:00,2024-01-05,STK3,115.13034211194605,0.0017257279457971106,1643.5483896992416,1643.5483896992416,606.3658206875477,0.47798336104750827,OW,-0.003969171423634066,1037.1825690116939,-69811.10438074831,-4.116755414012583,-4.594738775060091,100540.31209116086
2024-01-05 10:25:00,2024-01-05,STK3,115.02503169025637,0.0006271181554407423,597.2546466759062,597.2546466759061,-1046.2937430233355,1.4231497756967162,OW,-0.10531042168967986,1643.5483896992416,120349.97094857613,-173.08277398662142,-174.50592376231813,100365.80616739854
2024-01-05 10:26:00,2024-01-05,STK3,115.0695617501894,0.0006271181554407423,597.2546466759062,597.2546466759062,1.1368683772161603e-13,1.6802106192483375e-32,OW,0.044530059933023836,597.2546466759061,-1.3081894593391257e-11,26.59578521175507,26.59578521175507,100392.4019526103
2024-01-05 10:27:00,2024-01-05,STK3,115.18726986410141,0.0006271181554407423,597.2546466759062,597.2546466759062,0.0,0.0,OW,0.11770811391201619,597.2546466759062,-0.0,70.30171798540854,70.30171798540854,100462.7036705957
2024-01-05 10:28:00,2024-01-05,STK3,115.17629467733639,0.0006271181554407423,597.2546466759062,597.2546466759062,0.0,0.0,OW,-0.010975186765023182,597.2546466759062,-0.0,-6.554981293546002,-6.554981293546002,100456.14868930215
2024-01-05 10:29:00,2024-01-05,STK3,115.23018903194838,0.0006271181554407423,0.0,0.0,-597.2546466759062,0.46372704686875,OW,0.053894354611998097,597.2546466759062,68821.76583667421,32.18865372161492,31.72492667474617,100487.8736159769
2024-01-06 09:30:00,2024-01-06,STK3,115.47106551060439,-0.0012522946225205329,-1192.6600686308984,-1192.6600686308984,-1192.6600686308984,1.8491694510986572,OW,0.2408764786560056,0.0,137717.7289167604,0.0,-1.8491694510986572,100486.0244465258
2024-01-06 09:31:00,2024-01-06,STK3,115.56170991191863,-0.0035685745498079476,-3398.6382205507243,-3398.6382205507243,-2205.978151919826,6.326241488771894,OW,0.09064440131423623,-1192.6600686308984,254926.60726418928,-108.10795789244368,-114.43419938121558,100371.59024714459
2024-01-06 09:32:00,2024-01-06,STK3,115.46877482824782,-0.002058167011777187,-1960.1566319748238,-1960.1566319748238,1438.4815885759006,2.6899980648734005,OW,-0.0929350836708096,-3398.6382205507243,-166099.70664585088,315.85272739369304,313.16272932881964,100684.7529764734
2024-01-06 09:33:00,2024-01-06,STK3,115.49841470093548,-0.001230040238819694,-1171.4654437282065,-1171.4654437282065,788.6911882466172,0.8086439275432192,OW,0.029639872687667435,-1960.1566319748238,-91092.58193108137,-58.098793019620764,-58.90743694716399,100625.84553952624
2024-01-06 09:34:00,2024-01-06,STK3,115.41599909905534,-0.0006545809373428232,-623.409644676462,-623.409644676462,548.0557990517445,0.39047470653652006,OW,-0.08241560188014319,-1171.4654437282065,-63254.407609588205,96.54702962664915,96.15655492011263,100722.00209444636
2024-01-06 09:35:00,2024-01-06,STK3,115.35691414759764,0.00013014316319223454,123.94571625028895,123.94571625028891,747.3553609267509,0.7261020461577403,OW,-0.05908495145770587,-623.409644676462,-86212.60820817405,36.83412859397442,36.10802654781668,100758.11012099418
2024-01-06 09:36:00,2024-01-06,STK3,115.2361655744152,0.0021618968046218153,2058.9467885628474,2058.9467885628474,1935.0010723125583,4.867497894805976,OW,-0.12074857318243915,123.94571625028891,-222982.1039556809,-14.966268389297847,-19.833766284103824,100738.27635471008
2024-01-06 09:37:00,2024-01-06,STK3,115.281168888926,0.0006406200846351435,610.1136109404277,610.1136109404279,-1448.8331776224195,2.7288528495533204,OW,0.04500331451080797,2058.9467885628474,167023.18224136948,92.65942988671185,89.93057703715853,100828.20693174723
2024-01-06 09:38:00,2024-01-06,STK3,115.38626535251568,-0.0002691273532571343,-256.3114476688117,-256.31144766881175,-866.4250586092396,0.9759000968418317,OW,0.10509646358967473,610.1136109404279,99973.55172075467,64.12078289776565,63.14488280092382,100891.35181454816
2024-01-06 09:39:00,2024-01-06,STK3,115.35636004017289,-0.0006041535924631329,-575.383661394641,-575.383661394641,-319.0722137258292,0.1323492008434716,OW,-0.029905312342791035,-256.31144766881175,36807.009165371746,7.665073899568754,7.532724698725283,100898.8845392469
2024-01-06 09:40:00,2024-01-06,STK3,115.36876545875509,-0.0006162229872657719,-586.8783088799717,-586.8783088799717,-11.494647485330688,0.00017176499705562483,OW,0.012405418582204675,-575.383661394641,1326.1232897661853,-7.1378751649620416,-7.138046929959097,100891.74649231693
2024-01-06 09:41:00,2024-01-06,STK3,115.43282971158217,-0.0017972297576263135,-1711.6452690356796,-1711.6452690356796,-1124.766960155708,1.6446309290552854,OW,0.06406425282708028,-586.8783088799717,129835.03297686776,-37.59792035881582,-39.24255128787111,100852.50394102906
2024-01-06 09:42:00,2024-01-06,STK3,115.33946778542104,-0.0012182430831000756,-1160.2300712390313,-1160.2300712390313,551.4151977966483,0.3952763364694518,OW,-0.09336192616113692,-1711.6452690356796,-63599.93544265808,159.80249922176844,159.40722288529898,101011.91116391437
2024-01-06 09:43:00,2024-01-06,STK3,115.36175139834512,-0.0003914112381947619,-372.7721462771159,-372.7721462771159,787.4579249619154,0.8061169786609234,OW,0.02228361292408465,-1160.2300712390313,-90842.52537611319,-25.854117810373733,-26.660234789034657,100985.25092912534
2024-01-06 09:44:00,2024-01-06,STK3,115.30134387456712,0.00015173882580889918,144.5129885162039,144.5129885162039,517.2851347933198,0.34785908388158593,OW,-0.06040752377799663,-372.7721462771159,-59643.67120800637,22.518242290009717,22.17038320612813,101007.42131233147
2024-01-06 09:45:00,2024-01-06,STK3,115.31264418068183,0.0034576274744156244,3292.9744700464885,3292.974470046489,3148.461481530285,12.88665261088384,OW,0.01130030611470545,144.5129885162039,-363057.41853628407,1.6330410077840174,-11.253611603099822,100996.16770072837
2024-01-06 09:46:00,2024-01-06,STK3,115.26905970918851,0.003056013164690347,2910.485124818747,2910.485124818747,-382.489345227742,0.19018752897657082,OW,-0.04358447149331823,3292.974470046489,44089.187173185004,-143.5225519179659,-143.71273944694246,100852.45496128143
2024-01-06 09:47:00,2024-01-06,STK3,115.22854690454766,0.004692725514725664,4469.256861611184,4469.256861611184,1558.771736792437,3.1587001256497835,OW,-0.04051280464085494,2910.485124818747,-179615.00218647055,-117.91191527189619,-121.07061539754598,100731.38434588388
2024-01-06 09:48:00,2024-01-06,STK3,115.32610656863389,0.0035364564365497923,3368.049579128894,3368.049579128894,-1101.2072824822899,1.5764547226896388,OW,0.09755966408623351,4469.256861611184,126997.94841370829,436.01919813388133,434.4427434111917,101165.82708929507
2024-01-06 09:49:00,2024-01-06,STK3,115.31515510911677,0.0025818240835474436,2458.877035245045,2458.877035245045,-909.1725438838489,1.074573128917898,OW,-0.010951459517116291,3368.049579128894,104841.37291891631,-36.88505861747065,-37.959631746388546,101127.86745754868
2024-01-06 09:50:00,2024-01-06,STK3,115.62738751682414,-8.485556576921613e-05,-80.81472448578504,-80.81472448578506,-2539.69175973083,8.385044504778085,OW,0.31223240770736993,2458.877035245045,293657.92327568174,767.7410969709199,759.3560524661418,101887.22351001482
2024-01-06 09:51:00,2024-01-06,STK3,115.54713947162598,-0.0002307568569782571,-219.76816312347145,-219.76816312347145,-138.9534386376864,0.025100475542008463,OW,-0.08024804519816087,-80.81472448578506,16055.672354330773,6.485223663212198,6.460123187670189,101893.6836332025
2024-01-06 09:52:00,2024-01-06,STK3,115.65540807422563,-0.0020761656088964975,-1977.2981318180246,-1977.2981318180246,-1757.5299686945532,4.01558506811732,OW,0.10826860259965088,-219.76816312347145,203267.84573204955,-23.79399191727038,-27.8095769853877,101865.87405621712
2024-01-06 09:53:00,2024-01-06,STK3,115.64806318580176,-0.0003490982157946898,-332.4740795984631,-332.47407959846305,1644.8240522195615,3.5170800115879723,OW,-0.007344888423872931,-1977.2981318180246,-190220.71592061434,14.523034158935781,11.005954147347808,101876.88001036446
2024-01-06 09:54:00,2024-01-06,STK3,115.550180318164,0.0023055141593311046,2195.7250522747963,2195.7250522747963,2528.1991318732594,8.309328105526113,OW,-0.09788286763776455,-332.47407959846305,-292133.8655681808,32.54351632632395,24.23418822079784,101901.11419858526
2024-01-06 09:55:00,2024-01-06,STK3,115.6196421416483,-0.0006229071604163435,-593.2441801894374,-593.2441801894374,-2788.9692324642338,10.111854193521777,OW,0.06946182348430341,2195.7250522747963,322459.62460158224,152.51906600117476,142.407211807653,102043.52141039292
2024-01-06 09:56:00,2024-01-06,STK3,115.52609125882331,-0.0006752814813475542,-643.1244240817169,-643.1244240817169,-49.88024389227951,0.0032344503499792737,OW,-0.09355088282498514,-593.2441801894374,5762.469607911847,55.49851678750643,55.49528233715645,102099.01669273007
2024-01-06 09:57:00,2024-01-06,STK3,115.46585564671582,-0.0003943216208976552,-375.54393589575096,-375.54393589575096,267.580488185966,0.09307911295519183,OW,-0.06023561210749051,-643.1244240817169,-30896.410022758497,38.73899334583953,38.64591423288434,102137.66260696296
2024-01-06 09:58:00,2024-01-06,STK3,115.61619279378158,-0.0019756222990404133,-1881.5427171760768,-1881.5427171760768,-1505.9987812803258,2.9484420279831745,OW,0.15033714706575552,-375.54393589575096,174117.84544370626,-56.458203920412174,-59.40664594839535,102078.25596101455
2024-01-06 09:59:00,2024-01-06,STK3,115.76048058989286,-0.002910572232745124,-2771.9701230323462,-2771.9701230323462,-890.4274058562694,1.0307192546299033,OW,0.14428779611128562,-1881.5427171760768,103076.30443233333,-271.48365195057613,-272.51437120520603,101805.74158980935
2024-01-06 10:00:00,2024-01-06,STK3,115.56278875282062,0.0019397688854403575,1847.3966512616291,1847.396651261629,4619.366774293975,27.740114214086464,OW,-0.19769183707224158,-2771.9701230323462,-533826.9067095331,547.995865931632,520.2557517175455,102325.99734152689
2024-01-06 10:01:00,2024-01-06,STK3,115.46450748027881,0.0006569060619935964,625.6240463641295,625.6240463641295,-1221.7726048974994,1.9405467875014275,OW,-0.0982812725418114,1847.396651261629,141071.37207738706,-181.56449377547386,-183.5050405629753,102142.49230096392
2024-01-06 10:02:00,2024-01-06,STK3,115.4299133701971,0.0010587292324845678,1008.3123063605423,1008.3123063605423,382.68825999641274,0.19038539564080662,OW,-0.03459411008171287,625.6240463641295,-44173.67269917738,-21.642907129687334,-21.83329252532814,102120.65900843858
2024-01-06 10:03:00,2024-01-06,STK3,115.43588105721936,0.00039947128020099276,380.4483672553479,380.4483672553479,-627.8639391051944,0.5124770638372986,OW,0.005967687022263135,1008.3123063605423,72478.02699466444,6.017292265056018,5.50481520121872,102126.1638236398
2024-01-06 10:04:00,2024-01-06,STK3,115.4945060198934,0.0006762136992317116,644.0122495388449,644.0122495388449,263.56388228349704,0.09030569605765382,OW,0.05862496267403117,380.4483672553479,-30440.180389017823,22.303771329740872,22.213465633683217,102148.37728927349
2024-01-06 10:05:00,2024-01-06,STK3,115.73974643246972,-0.003272427673816447,-3116.5939259469933,-3116.5939259469933,-3760.6061754858383,18.38480644923289,OW,0.24524041257632234,644.0122495388449,435251.60518311063,157.9378297811118,139.5530233318789,102287.93031260537
2024-01-06 10:06:00,2024-01-06,STK3,115.52438353677645,-0.00326462783011102,-3109.165512567479,-3109.165512567479,7.428413379514495,7.173572293803496e-05,OW,-0.21536289569326073,-3116.5939259469933,-858.1628763247543,671.1986925919723,671.1986208562494,102959.12893346162
2024-01-06 10:07:00,2024-01-06,STK3,115.52638612648002,-0.0032687500759173986,-3113.0914560938145,-3113.0914560938145,-3.9259435263356863,2.003694234357021e-05,OW,0.0020025897035651496,-3109.165512567479,453.5500677342111,-6.226382842147494,-6.226402879089838,102952.90253058252
2024-01-06 10:08:00,2024-01-06,STK3,115.47228327100612,-0.003358593973059556,-3198.656966481428,-3198.656966481428,-85.56551038761336,0.0095178935382606,OW,-0.054102855473900036,-3113.0914560938145,9880.444853706706,168.42713712607667,168.4176192325384,103121.32014981506
2024-01-06 10:09:00,2024-01-06,STK3,115.55615795363146,-0.0041609837492246095,-3962.836759558878,-3962.836759558878,-764.1797930774501,0.7591619829922628,OW,0.0838746826253356,-3198.656966481428,88305.68087383122,-268.28633789094846,-269.04549987394074,102852.27464994112
2024-01-06 10:10:00,2024-01-06,STK3,115.4407582688532,-0.0032707851415307806,-3115.029611421224,-3115.029611421224,847.8071481376537,0.934410048563292,OW,-0.11539968477825369,-3962.836759558878,-97871.5000467647,457.3101128807708,456.37570283220754,103308.65035277333
2024-01-06 10:11:00,2024-01-06,STK3,115.22666302917631,-0.00036902686565140093,-351.45372263005856,-351.45372263005856,2763.5758887911657,9.928557201040247,OW,-0.2140952396768938,-3115.029611421224,-318437.62769329606,666.9130112578484,656.9844540568082,103965.63480683013
2024-01-06 10:12:00,2024-01-06,STK3,115.22828451973655,0.0006144908685474841,585.228674047817,585.228674047817,936.6823966778755,1.1405860859200718,OW,0.0016214905602396357,-351.45372263005856,-107932.30570902697,-0.5698788936057192,-1.7104649795257911,103963.92434185061
2024-01-06 10:13:00,2024-01-06,STK3,115.16613157464373,0.002937483459960172,2797.599831505134,2797.599831505134,2212.3711574573167,6.362961979853736,OW,-0.06215294509281932,585.228674047817,-254790.22781167616,-36.37368564483742,-42.73664762469116,103921.18769422591
2024-01-06 10:14:00,2024-01-06,STK3,115.17658913687605,0.002839844221815546,2704.6101960212295,2704.6101960212295,-92.9896354839043,0.01124119399965821,OW,0.010457562232318196,2797.599831505134,10710.229040117514,29.256074339087835,29.244833145088176,103950.432527371
2024-01-06 10:15:00,2024-01-06,STK3,115.14269215905385,0.0030890607459074346,2941.9589727245425,2941.9589727245425,237.34877670331298,0.07323477434332686,OW,-0.03389697782219514,2704.6101960212295,-27328.977130277577,-91.67811183221447,-91.7513466065578,103858.68118076444
2024-01-06 10:16:00,2024-01-06,STK3,115.19309604051108,0.002651064288339564,2524.820005784339,2524.820005784339,-417.1389669402033,0.22620639306192208,OW,0.050403881457228294,2941.9589727245425,48051.529080982415,148.28615131323696,148.05994492017504,104006.74112568461
2024-01-06 10:17:00,2024-01-06,STK3,115.28417990351677,0.0017571972722063265,1673.519139648995,1673.519139648995,-851.3008661353442,0.9421271140876235,OW,0.09108386300569293,2524.820005784339,98141.52220356667,229.9703595208936,229.02823240680598,104235.76935809142
2024-01-06 10:18:00,2024-01-06,STK3,115.43318713299587,0.00041657808275007147,396.74053998797086,396.7405399879708,-1276.7785996610241,2.1192126703180754,OW,0.14900722947909628,1673.519139648995,147382.62302207542,249.36645047933757,247.2472378090195,104483.01659590044
2024-01-06 10:19:00,2024-01-06,STK3,115.43479145874316,0.0011332287182152982,1079.2641096875766,1079.2641096875766,682.5235696996058,0.6055899501541405,OW,0.0016043257472944106,396.7405399879708,-78786.96593395095,0.6365010632981892,0.030911113144048707,104483.04750701359
2024-01-06 10:20:00,2024-01-06,STK3,115.42347091194429,0.0018728302723706024,1783.645670124982,1783.645670124982,704.3815604374054,0.6449993974895044,OW,-0.011320546798870623,1079.2641096875766,-81302.16455205678,-12.217859862059647,-12.862859259549152,104470.18464775404
2024-01-06 10:21:00,2024-01-06,STK3,115.43416879101623,0.0001238306951723793,117.93384938892865,117.93384938892859,-1665.7118207360534,3.6069746306617634,OW,0.010697879071940974,1783.645670124982,192280.05947203655,19.08122568618818,15.474251055526416,104485.65889880956
2024-01-06 10:22:00,2024-01-06,STK3,115.44409580381085,-0.0013068744580236819,-1244.6407999910873,-1244.6407999910873,-1362.574649380016,2.413592577672995,OW,0.009927012794619827,117.93384938892859,157301.19836287055,1.170730831802662,-1.2428617458703333,104484.4160370637
2024-01-06 10:23:00,2024-01-06,STK3,115.47114733511386,-0.0017174397248570321,-1635.654855719733,-1635.654855719733,-391.01405572864564,0.19875958931057372,OW,0.027051531303001752,-1244.6407999910873,45150.84163914286,-33.66943956195204,-33.868199151262615,104450.54783791244
2024-01-06 10:24:00,2024-01-06,STK3,115.53805706690244,-0.0008947680381219822,-852.1589812526729,-852.1589812526729,783.49587446706,0.798025520898974,OW,0.06690973178858428,-1635.654855719733,-90523.59105585782,-109.44122769490285,-110.23925321580182,104340.30858469664
2024-01-06 10:25:00,2024-01-06,STK3,115.59411606728784,0.0,0.0,0.0,852.1589812526729,0.9440274081284713,OW,0.056059000385403124,-852.1589812526729,-98504.56418670324,-47.771180658468325,-48.715208066596794,104291.59337663004
2024-01-06 10:26:00,2024-01-06,STK3,115.4454528176768,0.0,0.0,0.0,0.0,0.0,OW,-0.14866324961104738,0.0,-0.0,-0.0,-0.0,104291.59337663004
2024-01-06 10:27:00,2024-01-06,STK3,115.32499710708183,0.0,0.0,0.0,0.0,0.0,OW,-0.12045571059496751,0.0,-0.0,-0.0,-0.0,104291.59337663004
2024-01-06 10:28:00,2024-01-06,STK3,115.31459613632138,0.0,0.0,0.0,0.0,0.0,OW,-0.010400970760443329,0.0,-0.0,-0.0,-0.0,104291.59337663004
2024-01-06 10:29:00,2024-01-06,STK3,115.45644827762516,0.0,0.0,0.0,0.0,0.0,OW,0.14185214130377233,0.0,-0.0,0.0,0.0,104291.59337663004
