timestamp,date,ticker,mid,alpha,target_position,position,trade,impact_cost,model_name,price_change,previous_position,trading_cashflow,inventory_pnl,pnl,cumulative_pnl
2024-01-02 09:30:00,2024-01-02,STK1,100.1114772136325,-0.0029027401378003415,-2764.5117840843404,-2764.5117840843404,-2764.5117840843404,7.642525404341182,OW,0.0,0.0,276759.358479178,0.0,-7.642525404341182,-7.642525404341182
2024-01-02 09:31:00,2024-01-02,STK1,99.91634661403135,-0.0029027401378003415,-2764.5117840843404,-2764.5117840843404,0.0,0.0,OW,-0.19513059960114276,-2764.5117840843404,-0.0,539.4408420328023,539.4408420328023,531.7983166284611
2024-01-02 09:32:00,2024-01-02,STK1,99.92912077657515,-0.0029027401378003415,-2764.5117840843404,-2764.5117840843404,0.0,0.0,OW,0.012774162543792045,-2764.5117840843404,-0.0,-35.3143228841219,-35.3143228841219,496.48399374433916
2024-01-02 09:33:00,2024-01-02,STK1,99.84391319498097,-0.0029027401378003415,-2764.5117840843404,-2764.5117840843404,0.0,0.0,OW,-0.08520758159417596,-2764.5117840843404,-0.0,235.5573634104274,235.5573634104274,732.0413571547665
2024-01-02 09:34:00,2024-01-02,STK1,99.92160119409878,-0.0029027401378003415,-2764.5117840843404,-2764.5117840843404,0.0,0.0,OW,0.07768799911781343,-2764.5117840843404,-0.0,-214.76938904312908,-214.76938904312908,517.2719681116374
2024-01-02 09:35:00,2024-01-02,STK1,99.96832639753332,-0.0029027401378003415,-2764.5117840843404,-2764.5117840843404,0.0,0.0,OW,0.04672520343453357,-2764.5117840843404,-0.0,-129.17237550850615,-129.17237550850615,388.09959260313127
2024-01-02 09:36:00,2024-01-02,STK1,100.00519659381493,-0.0029027401378003415,-2764.5117840843404,-2764.5117840843404,0.0,0.0,OW,0.03687019628161181,-2764.5117840843404,-0.0,-101.92809210201848,-101.92809210201848,286.1715005011128
2024-01-02 09:37:00,2024-01-02,STK1,100.00020386790585,-0.0029027401378003415,-2764.5117840843404,-2764.5117840843404,0.0,0.0,OW,-0.004992725909076512,-2764.5117840843404,-0.0,13.802449610345219,13.802449610345219,299.973950111458
2024-01-02 09:38:00,2024-01-02,STK1,99.9321339526841,-0.0029027401378003415,-2764.5117840843404,-2764.5117840843404,0.0,0.0,OW,-0.06806991522175565,-2764.5117840843404,-0.0,188.18008277216552,188.18008277216552,488.15403288362353
2024-01-02 09:39:00,2024-01-02,STK1,99.88933940508599,-0.0029027401378003415,-2764.5117840843404,-2764.5117840843404,0.0,0.0,OW,-0.04279454759810619,-2764.5117840843404,-0.0,118.30603112952278,118.30603112952278,606.4600640131463
2024-01-02 09:40:00,2024-01-02,STK1,99.94252557247702,-0.0029027401378003415,-2764.5117840843404,-2764.5117840843404,0.0,0.0,OW,0.05318616739103277,-2764.5117840843404,-0.0,-147.03378650279237,-147.03378650279237,459.4262775103539
2024-01-02 09:41:00,2024-01-02,STK1,99.98559218792242,-0.0029027401378003415,-2764.5117840843404,-2764.5117840843404,0.0,0.0,OW,0.04306661544539736,-2764.5117840843404,-0.0,-119.05816589942967,-119.05816589942967,340.3681116109242
2024-01-02 09:42:00,2024-01-02,STK1,99.94496479818498,-0.0029027401378003415,-2764.5117840843404,-2764.5117840843404,0.0,0.0,OW,-0.040627389737437625,-2764.5117840843404,-0.0,112.31489768573351,112.31489768573351,452.6830092966577
2024-01-02 09:43:00,2024-01-02,STK1,100.00654780487594,-0.0029027401378003415,-2764.5117840843404,-2764.5117840843404,0.0,0.0,OW,0.0615830066909524,-2764.5117840843404,-0.0,-170.2469476964827,-170.2469476964827,282.436061600175
2024-01-02 09:44:00,2024-01-02,STK1,99.99515296222373,-0.0029027401378003415,-2764.5117840843404,-2764.5117840843404,0.0,0.0,OW,-0.011394842652208581,-2764.5117840843404,-0.0,31.50117678981748,31.50117678981748,313.93723838999244
2024-01-02 09:45:00,2024-01-02,STK1,100.0602302546715,-0.0029027401378003415,-2764.5117840843404,-2764.5117840843404,0.0,0.0,OW,0.06507729244776783,-2764.5117840843404,-0.0,-179.90694184815703,-179.90694184815703,134.0302965418354
2024-01-02 09:46:00,2024-01-02,STK1,100.11459315820697,-0.0029027401378003415,-2764.5117840843404,-2764.5117840843404,0.0,0.0,OW,0.0543629035354769,-2764.5117840843404,-0.0,-150.28688744086614,-150.28688744086614,-16.256590899030726
2024-01-02 09:47:00,2024-01-02,STK1,100.12627579210196,-0.0029027401378003415,-2764.5117840843404,-2764.5117840843404,0.0,0.0,OW,0.011682633894992023,-2764.5117840843404,-0.0,-32.29677907184858,-32.29677907184858,-48.55336997087931
2024-01-02 09:48:00,2024-01-02,STK1,100.21356673865344,-0.0029027401378003415,-2764.5117840843404,-2764.5117840843404,0.0,0.0,OW,0.08729094655147662,-2764.5117840843404,-0.0,-241.31685038543344,-241.31685038543344,-289.87022035631276
2024-01-02 09:49:00,2024-01-02,STK1,100.22033930708315,-0.0029027401378003415,-2764.5117840843404,-2764.5117840843404,0.0,0.0,OW,0.006772568429710191,-2764.5117840843404,-0.0,-18.722845232451398,-18.722845232451398,-308.59306558876415
2024-01-02 09:50:00,2024-01-02,STK1,100.28362720162677,-0.0029027401378003415,-2764.5117840843404,-2764.5117840843404,0.0,0.0,OW,0.06328789454362038,-2764.5117840843404,-0.0,-174.96013025572557,-174.96013025572557,-483.5531958444897
2024-01-02 09:51:00,2024-01-02,STK1,100.23646761787663,-0.0029027401378003415,-2764.5117840843404,-2764.5117840843404,0.0,0.0,OW,-0.04715958375014395,-2764.5117840843404,-0.0,130.37322500978533,130.37322500978533,-353.17997083470436
2024-01-02 09:52:00,2024-01-02,STK1,100.20889212428689,-0.0029027401378003415,-2764.5117840843404,-2764.5117840843404,0.0,0.0,OW,-0.027575493589736766,-2764.5117840843404,-0.0,76.23277698076949,76.23277698076949,-276.9471938539349
2024-01-02 09:53:00,2024-01-02,STK1,100.30596921670744,-0.0029027401378003415,-2764.5117840843404,-2764.5117840843404,0.0,0.0,OW,0.09707709242054818,-2764.5117840843404,-0.0,-268.3707659612501,-268.3707659612501,-545.317959815185
2024-01-02 09:54:00,2024-01-02,STK1,100.27238387312683,-0.0029027401378003415,-2764.5117840843404,-2764.5117840843404,0.0,0.0,OW,-0.03358534358061149,-2764.5117840843404,-0.0,92.84707810112182,92.84707810112182,-452.4708817140631
2024-01-02 09:55:00,2024-01-02,STK1,100.3437256248243,-0.0029027401378003415,-2764.5117840843404,-2764.5117840843404,0.0,0.0,OW,0.07134175169747436,-2764.5117840843404,-0.0,-197.2251132648869,-197.2251132648869,-649.69599497895
2024-01-02 09:56:00,2024-01-02,STK1,100.30873935250584,-0.0029027401378003415,-2764.5117840843404,-2764.5117840843404,0.0,0.0,OW,-0.03498627231846285,-2764.5117840843404,-0.0,96.71996210557431,96.71996210557431,-552.9760328733757
2024-01-02 09:57:00,2024-01-02,STK1,100.289551692244,-0.0029027401378003415,-2764.5117840843404,-2764.5117840843404,0.0,0.0,OW,-0.01918766026183505,-2764.5117840843404,-0.0,53.04451290284982,53.04451290284982,-499.9315199705259
2024-01-02 09:58:00,2024-01-02,STK1,100.1759592042278,-0.0029027401378003415,-2764.5117840843404,-2764.5117840843404,0.0,0.0,OW,-0.11359248801620936,-2764.5117840843404,-0.0,314.02777170427,314.02777170427,-185.90374826625595
2024-01-02 09:59:00,2024-01-02,STK1,100.19022785504147,-0.0029027401378003415,-2764.5117840843404,-2764.5117840843404,0.0,0.0,OW,0.014268650813676231,-2764.5117840843404,-0.0,-39.445853317392555,-39.445853317392555,-225.3496015836485
2024-01-02 10:00:00,2024-01-02,STK1,100.14743045835488,-0.0029027401378003415,-2764.5117840843404,-2764.5117840843404,0.0,0.0,OW,-0.04279739668659488,-2764.5117840843404,-0.0,118.31390746822365,118.31390746822365,-107.03569411542486
2024-01-02 10:01:00,2024-01-02,STK1,100.11645498860491,-0.0029027401378003415,-2764.5117840843404,-2764.5117840843404,0.0,0.0,OW,-0.03097546974996135,-2764.5117840843404,-0.0,85.63205114131617,85.63205114131617,-21.403642974108692
2024-01-02 10:02:00,2024-01-02,STK1,100.05020723789154,-0.0029027401378003415,-2764.5117840843404,-2764.5117840843404,0.0,0.0,OW,-0.06624775071337297,-2764.5117840843404,-0.0,183.14268751620133,183.14268751620133,161.73904454209264
2024-01-02 10:03:00,2024-01-02,STK1,99.93063474254168,-0.0029027401378003415,-2764.5117840843404,-2764.5117840843404,0.0,0.0,OW,-0.11957249534985692,-2764.5117840843404,-0.0,330.55957244704945,330.55957244704945,492.2986169891421
2024-01-02 10:04:00,2024-01-02,STK1,99.88373807629912,-0.0029027401378003415,-2764.5117840843404,-2764.5117840843404,0.0,0.0,OW,-0.04689666624256006,-2764.5117840843404,-0.0,129.64638646182757,129.64638646182757,621.9450034509697
2024-01-02 10:05:00,2024-01-02,STK1,99.92834923872475,-0.0029027401378003415,-2764.5117840843404,-2764.5117840843404,0.0,0.0,OW,0.044611162425624684,-2764.5117840843404,-0.0,-123.32808422733999,-123.32808422733999,498.6169192236297
2024-01-02 10:06:00,2024-01-02,STK1,99.91850823143989,-0.0029027401378003415,-2764.5117840843404,-2764.5117840843404,0.0,0.0,OW,-0.009841007284862258,-2764.5117840843404,-0.0,27.205580606261552,27.205580606261552,525.8224998298913
2024-01-02 10:07:00,2024-01-02,STK1,99.75005445081058,-0.0029027401378003415,-2764.5117840843404,-2764.5117840843404,0.0,0.0,OW,-0.1684537806293065,-2764.5117840843404,-0.0,465.6924616232762,465.6924616232762,991.5149614531674
2024-01-02 10:08:00,2024-01-02,STK1,99.61820231206588,-0.0029027401378003415,-2764.5117840843404,-2764.5117840843404,0.0,0.0,OW,-0.13185213874470492,-2764.5117840843404,-0.0,364.5067913164602,364.5067913164602,1356.0217527696277
2024-01-02 10:09:00,2024-01-02,STK1,99.52804094211594,-0.0029027401378003415,-2764.5117840843404,-2764.5117840843404,0.0,0.0,OW,-0.09016136994993929,-2764.5117840843404,-0.0,249.2521696957949,249.2521696957949,1605.2739224654226
2024-01-02 10:10:00,2024-01-02,STK1,99.65743462709837,-0.0029027401378003415,-2764.5117840843404,-2764.5117840843404,0.0,0.0,OW,0.12939368498243198,-2764.5117840843404,-0.0,-357.71036692003014,-357.71036692003014,1247.5635555453925
2024-01-02 10:11:00,2024-01-02,STK1,99.56443610347414,-0.0029027401378003415,-2764.5117840843404,-2764.5117840843404,0.0,0.0,OW,-0.09299852362423167,-2764.5117840843404,-0.0,257.09551446163437,257.09551446163437,1504.659070007027
2024-01-02 10:12:00,2024-01-02,STK1,99.46989260960406,-0.0029027401378003415,-2764.5117840843404,-2764.5117840843404,0.0,0.0,OW,-0.0945434938700771,-2764.5117840843404,-0.0,261.36660291233375,261.36660291233375,1766.0256729193607
2024-01-02 10:13:00,2024-01-02,STK1,99.29822453817255,-0.0029027401378003415,-2764.5117840843404,-2764.5117840843404,0.0,0.0,OW,-0.17166807143151175,-2764.5117840843404,-0.0,474.57840642344655,474.57840642344655,2240.6040793428074
2024-01-02 10:14:00,2024-01-02,STK1,99.32183406769532,-0.0029027401378003415,-2764.5117840843404,-2764.5117840843404,0.0,0.0,OW,0.023609529522772732,-2764.5117840843404,-0.0,-65.26882258239235,-65.26882258239235,2175.335256760415
2024-01-02 10:15:00,2024-01-02,STK1,99.32899836106722,-0.0029027401378003415,-2764.5117840843404,-2764.5117840843404,0.0,0.0,OW,0.007164293371900499,-2764.5117840843404,-0.0,-19.80577345125626,-19.80577345125626,2155.529483309159
2024-01-02 10:16:00,2024-01-02,STK1,99.35211254503963,-0.0029027401378003415,-2764.5117840843404,-2764.5117840843404,0.0,0.0,OW,0.023114183972410274,-2764.5117840843404,-0.0,-63.89943397122159,-63.89943397122159,2091.630049337937
2024-01-02 10:17:00,2024-01-02,STK1,99.32833490357031,-0.0029027401378003415,-2764.5117840843404,-2764.5117840843404,0.0,0.0,OW,-0.02377764146932293,-2764.5117840843404,-0.0,65.73357003967573,65.73357003967573,2157.363619377613
2024-01-02 10:18:00,2024-01-02,STK1,99.34614365016877,-0.0029027401378003415,-2764.5117840843404,-2764.5117840843404,0.0,0.0,OW,0.017808746598461767,-2764.5117840843404,-0.0,-49.23248983121947,-49.23248983121947,2108.1311295463934
2024-01-02 10:19:00,2024-01-02,STK1,99.42914338415116,-0.0029027401378003415,-2764.5117840843404,-2764.5117840843404,0.0,0.0,OW,0.08299973398239047,-2764.5117840843404,-0.0,-229.4537426701839,-229.4537426701839,1878.6773868762095
2024-01-02 10:20:00,2024-01-02,STK1,99.57474484067198,-0.0029027401378003415,-2764.5117840843404,-2764.5117840843404,0.0,0.0,OW,0.14560145652082213,-2764.5117840843404,-0.0,-402.5169423316565,-402.5169423316565,1476.160444544553
2024-01-02 10:21:00,2024-01-02,STK1,99.48252400913088,-0.0029027401378003415,-2764.5117840843404,-2764.5117840843404,0.0,0.0,OW,-0.09222083154109839,-2764.5117840843404,-0.0,254.94557553342332,254.94557553342332,1731.1060200779764
2024-01-02 10:22:00,2024-01-02,STK1,99.34566202601752,-0.0029027401378003415,-2764.5117840843404,-2764.5117840843404,0.0,0.0,OW,-0.13686198311336284,-2764.5117840843404,-0.0,378.35656511004356,378.35656511004356,2109.46258518802
2024-01-02 10:23:00,2024-01-02,STK1,99.19965120411783,-0.0029027401378003415,-2764.5117840843404,-2764.5117840843404,0.0,0.0,OW,-0.1460108218996936,-2764.5117840843404,-0.0,403.6486377455429,403.6486377455429,2513.111222933563
2024-01-02 10:24:00,2024-01-02,STK1,99.23075654415518,-0.0029027401378003415,-2764.5117840843404,-2764.5117840843404,0.0,0.0,OW,0.031105340037356655,-2764.5117840843404,-0.0,-85.9910790812229,-85.9910790812229,2427.1201438523403
2024-01-02 10:25:00,2024-01-02,STK1,99.52032299464588,-0.0029027401378003415,-2764.5117840843404,-2764.5117840843404,0.0,0.0,OW,0.28956645049069607,-2764.5117840843404,-0.0,-800.5098646570041,-800.5098646570041,1626.6102791953363
2024-01-02 10:26:00,2024-01-02,STK1,99.42189254969533,-0.0029027401378003415,-2764.5117840843404,-2764.5117840843404,0.0,0.0,OW,-0.09843044495055153,-2764.5117840843404,-0.0,272.1121249784647,272.1121249784647,1898.722404173801
2024-01-02 10:27:00,2024-01-02,STK1,99.34110125120091,-0.0029027401378003415,-2764.5117840843404,-2764.5117840843404,0.0,0.0,OW,-0.08079129849441813,-2764.5117840843404,-0.0,223.34849673929435,223.34849673929435,2122.070900913095
2024-01-02 10:28:00,2024-01-02,STK1,99.28031348700583,-0.0029027401378003415,-2764.5117840843404,-2764.5117840843404,0.0,0.0,OW,-0.06078776419508358,-2764.5117840843404,-0.0,168.0484904454487,168.0484904454487,2290.119391358544
2024-01-02 10:29:00,2024-01-02,STK1,99.29590654241595,-0.0029027401378003415,0.0,0.0,2764.5117840843404,7.642525404341182,OW,0.015593055410121792,-2764.5117840843404,-274504.70374784624,-43.107185431161774,-50.74971083550295,2239.369680523041
2024-01-03 09:30:00,2024-01-03,STK1,99.007676328976,-0.0009153245786206465,-871.7368636988408,-871.7368636988408,-871.7368636988408,0.7599251595314913,OW,-0.28823021343994526,0.0,86308.6412451315,-0.0,-0.7599251595314913,2238.6097553635095
2024-01-03 09:31:00,2024-01-03,STK1,99.035470374076,-0.0009153245786206465,-871.7368636988408,-871.7368636988408,0.0,0.0,OW,0.027794045099994946,-871.7368636988408,-0.0,-24.229093704973728,-24.229093704973728,2214.3806616585357
2024-01-03 09:32:00,2024-01-03,STK1,99.04837301301214,-0.0009153245786206465,-871.7368636988408,-871.7368636988408,0.0,0.0,OW,0.012902638936139965,-871.7368636988408,-0.0,-11.2477059996292,-11.2477059996292,2203.1329556589067
2024-01-03 09:33:00,2024-01-03,STK1,98.93107576987983,-0.0009153245786206465,-871.7368636988408,-871.7368636988408,0.0,0.0,OW,-0.11729724313231316,-871.7368636988408,-0.0,102.25233084868306,102.25233084868306,2305.3852865075896
2024-01-03 09:34:00,2024-01-03,STK1,98.85935438539116,-0.0009153245786206465,-871.7368636988408,-871.7368636988408,0.0,0.0,OW,-0.0717213844886686,-871.7368636988408,-0.0,62.52217477429066,62.52217477429066,2367.9074612818804
2024-01-03 09:35:00,2024-01-03,STK1,98.94228164868055,-0.0009153245786206465,-871.7368636988408,-871.7368636988408,0.0,0.0,OW,0.08292726328939182,-871.7368636988408,-0.0,-72.29075241502244,-72.29075241502244,2295.616708866858
2024-01-03 09:36:00,2024-01-03,STK1,99.03449655388631,-0.0009153245786206465,-871.7368636988408,-871.7368636988408,0.0,0.0,OW,0.09221490520576481,-871.7368636988408,-0.0,-80.38713225035931,-80.38713225035931,2215.229576616499
2024-01-03 09:37:00,2024-01-03,STK1,99.03045973990815,-0.0009153245786206465,-871.7368636988408,-871.7368636988408,0.0,0.0,OW,-0.0040368139781605805,-871.7368636988408,-0.0,3.5190395566573454,3.5190395566573454,2218.7486161731563
2024-01-03 09:38:00,2024-01-03,STK1,99.07464432912394,-0.0009153245786206465,-871.7368636988408,-871.7368636988408,0.0,0.0,OW,0.044184589215788606,-871.7368636988408,-0.0,-38.517335226793186,-38.517335226793186,2180.2312809463633
2024-01-03 09:39:00,2024-01-03,STK1,98.94811398463415,-0.0009153245786206465,-871.7368636988408,-871.7368636988408,0.0,0.0,OW,-0.12653034448979383,-871.7368636988408,-0.0,110.30116566826678,110.30116566826678,2290.5324466146303
2024-01-03 09:40:00,2024-01-03,STK1,99.10448551623165,-0.0009153245786206465,-871.7368636988408,-871.7368636988408,0.0,0.0,OW,0.15637153159750028,-871.7368636988408,-0.0,-136.31482852658908,-136.31482852658908,2154.217618088041
2024-01-03 09:41:00,2024-01-03,STK1,99.13281621737865,-0.0009153245786206465,-871.7368636988408,-871.7368636988408,0.0,0.0,OW,0.02833070114699865,-871.7368636988408,-0.0,-24.696916564273753,-24.696916564273753,2129.5207015237675
2024-01-03 09:42:00,2024-01-03,STK1,99.15456660830802,-0.0009153245786206465,-871.7368636988408,-871.7368636988408,0.0,0.0,OW,0.0217503909293697,-871.7368636988408,-0.0,-18.960617572992458,-18.960617572992458,2110.560083950775
2024-01-03 09:43:00,2024-01-03,STK1,99.19708888234217,-0.0009153245786206465,-871.7368636988408,-871.7368636988408,0.0,0.0,OW,0.042522274034155316,-871.7368636988408,-0.0,-37.06823380387721,-37.06823380387721,2073.491850146898
2024-01-03 09:44:00,2024-01-03,STK1,99.21526687046342,-0.0009153245786206465,-871.7368636988408,-871.7368636988408,0.0,0.0,OW,0.018177988121252042,-871.7368636988408,-0.0,-15.846422353175038,-15.846422353175038,2057.645427793723
2024-01-03 09:45:00,2024-01-03,STK1,99.37919940901305,-0.0009153245786206465,-871.7368636988408,-871.7368636988408,0.0,0.0,OW,0.16393253854963064,-871.7368636988408,-0.0,-142.90603701344432,-142.90603701344432,1914.7393907802784
2024-01-03 09:46:00,2024-01-03,STK1,99.36136053457675,-0.0009153245786206465,-871.7368636988408,-871.7368636988408,0.0,0.0,OW,-0.017838874436307606,-871.7368636988408,-0.0,15.550804453024218,15.550804453024218,1930.2901952333027
2024-01-03 09:47:00,2024-01-03,STK1,99.25142383313803,-0.0009153245786206465,-871.7368636988408,-871.7368636988408,0.0,0.0,OW,-0.1099367014387127,-871.7368636988408,-0.0,95.83587531757925,95.83587531757925,2026.1260705508819
2024-01-03 09:48:00,2024-01-03,STK1,99.31529547646784,-0.0009153245786206465,-871.7368636988408,-871.7368636988408,0.0,0.0,OW,0.06387164332980433,-871.7368636988408,-0.0,-55.67926603561461,-55.67926603561461,1970.4468045152673
2024-01-03 09:49:00,2024-01-03,STK1,99.29906442316867,-0.0009153245786206465,-871.7368636988408,-871.7368636988408,0.0,0.0,OW,-0.01623105329916541,-871.7368636988408,-0.0,14.149207497543177,14.149207497543177,1984.5960120128104
2024-01-03 09:50:00,2024-01-03,STK1,99.4389244573317,-0.0009153245786206465,-871.7368636988408,-871.7368636988408,0.0,0.0,OW,0.1398600341630214,-871.7368636988408,-0.0,-121.921147538085,-121.921147538085,1862.6748644747254
2024-01-03 09:51:00,2024-01-03,STK1,99.2352663870344,-0.0009153245786206465,-871.7368636988408,-871.7368636988408,0.0,0.0,OW,-0.2036580702972941,-871.7368636988408,-0.0,177.5362474679212,177.5362474679212,2040.2111119426465
2024-01-03 09:52:00,2024-01-03,STK1,99.15162347660936,-0.0009153245786206465,-871.7368636988408,-871.7368636988408,0.0,0.0,OW,-0.08364291042504135,-871.7368636988408,-0.0,72.91460840456863,72.91460840456863,2113.125720347215
2024-01-03 09:53:00,2024-01-03,STK1,99.11850012897388,-0.0009153245786206465,-871.7368636988408,-871.7368636988408,0.0,0.0,OW,-0.03312334763548108,-871.7368636988408,-0.0,28.874843182960692,28.874843182960692,2142.000563530176
2024-01-03 09:54:00,2024-01-03,STK1,98.98711722413567,-0.0009153245786206465,-871.7368636988408,-871.7368636988408,0.0,0.0,OW,-0.1313829048382047,-871.7368636988408,-0.0,114.53132140729981,114.53132140729981,2256.5318849374758
2024-01-03 09:55:00,2024-01-03,STK1,99.03548564864326,-0.0009153245786206465,-871.7368636988408,-871.7368636988408,0.0,0.0,OW,0.04836842450758638,-871.7368636988408,-0.0,-42.164538682297504,-42.164538682297504,2214.3673462551783
2024-01-03 09:56:00,2024-01-03,STK1,99.0030397007315,-0.0009153245786206465,-871.7368636988408,-871.7368636988408,0.0,0.0,OW,-0.03244594791175359,-871.7368636988408,-0.0,28.28432887232803,28.28432887232803,2242.651675127506
2024-01-03 09:57:00,2024-01-03,STK1,99.13553475822916,-0.0009153245786206465,-871.7368636988408,-871.7368636988408,0.0,0.0,OW,0.13249505749764978,-871.7368636988408,-0.0,-115.5008258785988,-115.5008258785988,2127.1508492489074
2024-01-03 09:58:00,2024-01-03,STK1,99.06656611715191,-0.0009153245786206465,-871.7368636988408,-871.7368636988408,0.0,0.0,OW,-0.0689686410772481,-871.7368636988408,-0.0,60.12250686625129,60.12250686625129,2187.2733561151585
2024-01-03 09:59:00,2024-01-03,STK1,99.08406017788877,-0.0009153245786206465,-871.7368636988408,-871.7368636988408,0.0,0.0,OW,0.017494060736865436,-871.7368636988408,-0.0,-15.250217640112107,-15.250217640112107,2172.0231384750464
2024-01-03 10:00:00,2024-01-03,STK1,99.09302667853929,-0.0009153245786206465,-871.7368636988408,-871.7368636988408,0.0,0.0,OW,0.00896650065051574,-871.7368636988408,-0.0,-7.816429155434208,-7.816429155434208,2164.206709319612
2024-01-03 10:01:00,2024-01-03,STK1,99.2791835307735,-0.0009153245786206465,-871.7368636988408,-871.7368636988408,0.0,0.0,OW,0.18615685223420542,-871.7368636988408,-0.0,-162.27979052269478,-162.27979052269478,2001.926918796917
2024-01-03 10:02:00,2024-01-03,STK1,99.25065644457986,-0.0009153245786206465,-871.7368636988408,-871.7368636988408,0.0,0.0,OW,-0.028527086193633977,-871.7368636988408,-0.0,24.868112648904987,24.868112648904987,2026.7950314458221
2024-01-03 10:03:00,2024-01-03,STK1,99.2819853918896,-0.0009153245786206465,-871.7368636988408,-871.7368636988408,0.0,0.0,OW,0.03132894730974556,-871.7368636988408,-0.0,-27.310598270783828,-27.310598270783828,1999.4844331750382
2024-01-03 10:04:00,2024-01-03,STK1,99.20962688187663,-0.0009153245786206465,-871.7368636988408,-871.7368636988408,0.0,0.0,OW,-0.07235851001297533,-871.7368636988408,-0.0,63.07758058063229,63.07758058063229,2062.5620137556707
2024-01-03 10:05:00,2024-01-03,STK1,99.19349016907518,-0.0009153245786206465,-871.7368636988408,-871.7368636988408,0.0,0.0,OW,-0.016136712801454678,-871.7368636988408,-0.0,14.066967407949036,14.066967407949036,2076.6289811636198
2024-01-03 10:06:00,2024-01-03,STK1,99.14098712425903,-0.0009153245786206465,-871.7368636988408,-871.7368636988408,0.0,0.0,OW,-0.05250304481614876,-871.7368636988408,-0.0,45.7688396226692,45.7688396226692,2122.397820786289
2024-01-03 10:07:00,2024-01-03,STK1,99.13164228202284,-0.0009153245786206465,-871.7368636988408,-871.7368636988408,0.0,0.0,OW,-0.00934484223618881,-871.7368636988408,-0.0,8.146243462735695,8.146243462735695,2130.5440642490244
2024-01-03 10:08:00,2024-01-03,STK1,98.98631830203625,-0.0009153245786206465,-871.7368636988408,-871.7368636988408,0.0,0.0,OW,-0.14532397998658553,-871.7368636988408,-0.0,126.68427053373918,126.68427053373918,2257.2283347827633
2024-01-03 10:09:00,2024-01-03,STK1,98.87781105112954,-0.0009153245786206465,-871.7368636988408,-871.7368636988408,0.0,0.0,OW,-0.10850725090671176,-871.7368636988408,-0.0,94.58977059400011,94.58977059400011,2351.8181053767635
2024-01-03 10:10:00,2024-01-03,STK1,99.1654753735601,-0.0009153245786206465,-871.7368636988408,-871.7368636988408,0.0,0.0,OW,0.2876643224305582,-871.7368636988408,-0.0,-250.76759423366687,-250.76759423366687,2101.0505111430966
2024-01-03 10:11:00,2024-01-03,STK1,99.19935167712603,-0.0009153245786206465,-871.7368636988408,-871.7368636988408,0.0,0.0,OW,0.03387630356593263,-871.7368636988408,-0.0,-29.53122262427597,-29.53122262427597,2071.5192885188208
2024-01-03 10:12:00,2024-01-03,STK1,99.10150438333623,-0.0009153245786206465,-871.7368636988408,-871.7368636988408,0.0,0.0,OW,-0.09784729378979762,-871.7368636988408,-0.0,85.29709300973724,85.29709300973724,2156.816381528558
2024-01-03 10:13:00,2024-01-03,STK1,99.14459972288769,-0.0009153245786206465,-871.7368636988408,-871.7368636988408,0.0,0.0,OW,0.04309533955145639,-871.7368636988408,-0.0,-37.5677961406232,-37.5677961406232,2119.248585387935
2024-01-03 10:14:00,2024-01-03,STK1,99.13133278636721,-0.0009153245786206465,-871.7368636988408,-871.7368636988408,0.0,0.0,OW,-0.013266936520480499,-871.7368636988408,-0.0,11.565277633255283,11.565277633255283,2130.81386302119
2024-01-03 10:15:00,2024-01-03,STK1,99.10492895642615,-0.0009153245786206465,-871.7368636988408,-871.7368636988408,0.0,0.0,OW,-0.026403829941060053,-871.7368636988408,-0.0,23.01719190245724,23.01719190245724,2153.8310549236476
2024-01-03 10:16:00,2024-01-03,STK1,99.04990857043046,-0.0009153245786206465,-871.7368636988408,-871.7368636988408,0.0,0.0,OW,-0.05502038599568948,-871.7368636988408,-0.0,47.96329872738197,47.96329872738197,2201.7943536510297
2024-01-03 10:17:00,2024-01-03,STK1,99.06530502762469,-0.0009153245786206465,-871.7368636988408,-871.7368636988408,0.0,0.0,OW,0.015396457194228219,-871.7368636988408,-0.0,-13.421659306569962,-13.421659306569962,2188.37269434446
2024-01-03 10:18:00,2024-01-03,STK1,99.07057101830287,-0.0009153245786206465,-871.7368636988408,-871.7368636988408,0.0,0.0,OW,0.005265990678182675,-871.7368636988408,-0.0,-4.590558198066296,-4.590558198066296,2183.7821361463934
2024-01-03 10:19:00,2024-01-03,STK1,99.10193124793544,-0.0009153245786206465,-871.7368636988408,-871.7368636988408,0.0,0.0,OW,0.03136022963256835,-871.7368636988408,-0.0,-27.33786822477058,-27.33786822477058,2156.4442679216227
2024-01-03 10:20:00,2024-01-03,STK1,99.38120515928324,-0.0009153245786206465,-871.7368636988408,-871.7368636988408,0.0,0.0,OW,0.27927391134780066,-871.7368636988408,-0.0,-243.45336359123985,-243.45336359123985,1912.9909043303828
2024-01-03 10:21:00,2024-01-03,STK1,99.41955845345021,-0.0009153245786206465,-871.7368636988408,-871.7368636988408,0.0,0.0,OW,0.03835329416696709,-871.7368636988408,-0.0,-33.43398036963094,-33.43398036963094,1879.5569239607519
2024-01-03 10:22:00,2024-01-03,STK1,99.3090244871116,-0.0009153245786206465,-871.7368636988408,-871.7368636988408,0.0,0.0,OW,-0.11053396633860757,-871.7368636988408,-0.0,96.356533148211,96.356533148211,1975.9134571089628
2024-01-03 10:23:00,2024-01-03,STK1,99.35671850918511,-0.0009153245786206465,-871.7368636988408,-871.7368636988408,0.0,0.0,OW,0.047694022073514475,-871.7368636988408,-0.0,-41.57663721954879,-41.57663721954879,1934.336819889414
2024-01-03 10:24:00,2024-01-03,STK1,99.448908496995,-0.0009153245786206465,-871.7368636988408,-871.7368636988408,0.0,0.0,OW,0.09218998780988841,-871.7368636988408,-0.0,-80.36541083782649,-80.36541083782649,1853.9714090515877
2024-01-03 10:25:00,2024-01-03,STK1,99.40202692334596,-0.0009153245786206465,-871.7368636988408,-871.7368636988408,0.0,0.0,OW,-0.04688157364904555,-871.7368636988408,-0.0,40.86839597808519,40.86839597808519,1894.8398050296728
2024-01-03 10:26:00,2024-01-03,STK1,99.40724236626633,-0.0009153245786206465,-871.7368636988408,-871.7368636988408,0.0,0.0,OW,0.005215442920373903,-871.7368636988408,-0.0,-4.546493854207069,-4.546493854207069,1890.2933111754658
2024-01-03 10:27:00,2024-01-03,STK1,99.38219714550715,-0.0009153245786206465,-871.7368636988408,-871.7368636988408,0.0,0.0,OW,-0.02504522075918203,-871.7368636988408,-0.0,21.832842195254443,21.832842195254443,1912.1261533707202
2024-01-03 10:28:00,2024-01-03,STK1,99.52854489923054,-0.0009153245786206465,-871.7368636988408,-871.7368636988408,0.0,0.0,OW,0.14634775372338993,-871.7368636988408,-0.0,-127.57673184019829,-127.57673184019829,1784.5494215305218
2024-01-03 10:29:00,2024-01-03,STK1,99.54611447426488,-0.0009153245786206465,0.0,0.0,871.7368636988408,0.7599251595314913,OW,0.017569575034343643,-871.7368636988408,-86778.01762520145,-15.316046236960181,-16.075971396491674,1768.4734501340301
2024-01-04 09:30:00,2024-01-04,STK1,99.45499746898041,0.003407459485645692,3245.196419475498,3245.196419475498,3245.196419475498,10.53129980097659,OW,-0.09111700528447386,0.0,-322751.00168527995,-0.0,-10.53129980097659,1757.9421503330536
2024-01-04 09:31:00,2024-01-04,STK1,99.30256422245974,0.003407459485645692,3245.196419475498,3245.196419475498,0.0,0.0,OW,-0.15243324652067258,3245.196419475498,-0.0,-494.67582581791254,-494.67582581791254,1263.2663245151412
2024-01-04 09:32:00,2024-01-04,STK1,99.26994618360949,0.003407459485645692,3245.196419475498,3245.196419475498,0.0,0.0,OW,-0.03261803885024506,3245.196419475498,-0.0,-105.85194288712795,-105.85194288712795,1157.4143816280132
2024-01-04 09:33:00,2024-01-04,STK1,99.23675028897432,0.003407459485645692,3245.196419475498,3245.196419475498,0.0,0.0,OW,-0.033195894635170475,3245.196419475498,-0.0,-107.7271984113411,-107.7271984113411,1049.687183216672
2024-01-04 09:34:00,2024-01-04,STK1,99.29458794979989,0.003407459485645692,3245.196419475498,3245.196419475498,0.0,0.0,OW,0.057837660825569515,3245.196419475498,-0.0,187.69456982197644,187.69456982197644,1237.3817530386486
2024-01-04 09:35:00,2024-01-04,STK1,99.33819645391443,0.003407459485645692,3245.196419475498,3245.196419475498,0.0,0.0,OW,0.043608504114544644,3245.196419475498,-0.0,141.51816141120278,141.51816141120278,1378.8999144498514
2024-01-04 09:36:00,2024-01-04,STK1,99.38181481593986,0.003407459485645692,3245.196419475498,3245.196419475498,0.0,0.0,OW,0.043618362025426904,3245.196419475498,-0.0,141.55015226830142,141.55015226830142,1520.4500667181528
2024-01-04 09:37:00,2024-01-04,STK1,99.38842847994177,0.003407459485645692,3245.196419475498,3245.196419475498,0.0,0.0,OW,0.006613664001903885,3245.196419475498,-0.0,21.462638738592478,21.462638738592478,1541.9127054567452
2024-01-04 09:38:00,2024-01-04,STK1,99.48683035247603,0.003407459485645692,3245.196419475498,3245.196419475498,0.0,0.0,OW,0.09840187253426791,3245.196419475498,-0.0,319.33340441789056,319.33340441789056,1861.2461098746357
2024-01-04 09:39:00,2024-01-04,STK1,99.46786489101159,0.003407459485645692,3245.196419475498,3245.196419475498,0.0,0.0,OW,-0.018965461464446776,3245.196419475498,-0.0,-61.546647638123204,-61.546647638123204,1799.6994622365125
2024-01-04 09:40:00,2024-01-04,STK1,99.54258027335496,0.003407459485645692,3245.196419475498,3245.196419475498,0.0,0.0,OW,0.0747153823433706,3245.196419475498,-0.0,242.46609126044913,242.46609126044913,2042.1655534969616
2024-01-04 09:41:00,2024-01-04,STK1,99.38621826590033,0.003407459485645692,3245.196419475498,3245.196419475498,0.0,0.0,OW,-0.15636200745463213,3245.196419475498,-0.0,-507.4254267337733,-507.4254267337733,1534.7401267631883
2024-01-04 09:42:00,2024-01-04,STK1,99.26980513508664,0.003407459485645692,3245.196419475498,3245.196419475498,0.0,0.0,OW,-0.1164131308136831,3245.196419475498,-0.0,-377.7834752964971,-377.7834752964971,1156.9566514666913
2024-01-04 09:43:00,2024-01-04,STK1,99.33311317062378,0.003407459485645692,3245.196419475498,3245.196419475498,0.0,0.0,OW,0.06330803553713338,3245.196419475498,-0.0,205.4470102491328,205.4470102491328,1362.403661715824
2024-01-04 09:44:00,2024-01-04,STK1,99.23246848998916,0.003407459485645692,3245.196419475498,3245.196419475498,0.0,0.0,OW,-0.10064468063461618,3245.196419475498,-0.0,-326.6117572347114,-326.6117572347114,1035.7919044811126
2024-01-04 09:45:00,2024-01-04,STK1,99.16589192716546,0.003407459485645692,3245.196419475498,3245.196419475498,0.0,0.0,OW,-0.06657656282369828,3245.196419475498,-0.0,-216.0540232964512,-216.0540232964512,819.7378811846614
2024-01-04 09:46:00,2024-01-04,STK1,99.1012257715689,0.003407459485645692,3245.196419475498,3245.196419475498,0.0,0.0,OW,-0.06466615559655509,3245.196419475498,-0.0,-209.85437660318598,-209.85437660318598,609.8835045814754
2024-01-04 09:47:00,2024-01-04,STK1,98.8744161151917,0.003407459485645692,3245.196419475498,3245.196419475498,0.0,0.0,OW,-0.22680965637719908,3245.196419475498,-0.0,-736.0418847777545,-736.0418847777545,-126.15838019627904
2024-01-04 09:48:00,2024-01-04,STK1,98.88153864921347,0.003407459485645692,3245.196419475498,3245.196419475498,0.0,0.0,OW,0.007122534021760885,3245.196419475498,-0.0,23.11402190501084,23.11402190501084,-103.0443582912682
2024-01-04 09:49:00,2024-01-04,STK1,98.67773279612094,0.003407459485645692,3245.196419475498,3245.196419475498,0.0,0.0,OW,-0.20380585309253263,3245.196419475498,-0.0,-661.3900247240362,-661.3900247240362,-764.4343830153043
2024-01-04 09:50:00,2024-01-04,STK1,98.73605932340881,0.003407459485645692,3245.196419475498,3245.196419475498,0.0,0.0,OW,0.058326527287874796,3245.196419475498,-0.0,189.2810375150512,189.2810375150512,-575.1533455002532
2024-01-04 09:51:00,2024-01-04,STK1,98.77243610317497,0.003407459485645692,3245.196419475498,3245.196419475498,0.0,0.0,OW,0.03637677976615805,3245.196419475498,-0.0,118.04979544918484,118.04979544918484,-457.10355005106834
2024-01-04 09:52:00,2024-01-04,STK1,98.71605870254004,0.003407459485645692,3245.196419475498,3245.196419475498,0.0,0.0,OW,-0.05637740063492913,3245.196419475498,-0.0,-182.95573867980767,-182.95573867980767,-640.059288730876
2024-01-04 09:53:00,2024-01-04,STK1,98.73905017984738,0.003407459485645692,3245.196419475498,3245.196419475498,0.0,0.0,OW,0.02299147730734319,3245.196419475498,-0.0,74.61185983624227,74.61185983624227,-565.4474288946337
2024-01-04 09:54:00,2024-01-04,STK1,98.76574722303658,0.003407459485645692,3245.196419475498,3245.196419475498,0.0,0.0,OW,0.026697043189201963,3245.196419475498,-0.0,86.63714896818094,86.63714896818094,-478.8102799264528
2024-01-04 09:55:00,2024-01-04,STK1,98.75068436989203,0.003407459485645692,3245.196419475498,3245.196419475498,0.0,0.0,OW,-0.015062853144556243,3245.196419475498,-0.0,-48.88191709179916,-48.88191709179916,-527.6921970182519
2024-01-04 09:56:00,2024-01-04,STK1,98.8494670729659,0.003407459485645692,3245.196419475498,3245.196419475498,0.0,0.0,OW,0.09878270307386572,3245.196419475498,-0.0,320.56927432142027,320.56927432142027,-207.12292269683167
2024-01-04 09:57:00,2024-01-04,STK1,98.9960166909137,0.003407459485645692,3245.196419475498,3245.196419475498,0.0,0.0,OW,0.1465496179478123,3245.196419475498,-0.0,475.5822954397426,475.5822954397426,268.45937274291094
2024-01-04 09:58:00,2024-01-04,STK1,98.91465067066797,0.003407459485645692,3245.196419475498,3245.196419475498,0.0,0.0,OW,-0.08136602024573847,3245.196419475498,-0.0,-264.04871756844136,-264.04871756844136,4.410655174469582
2024-01-04 09:59:00,2024-01-04,STK1,98.91578088141921,0.003407459485645692,3245.196419475498,3245.196419475498,0.0,0.0,OW,0.001130210751242089,3245.196419475498,-0.0,3.6677558831835393,3.6677558831835393,8.07841105765312
2024-01-04 10:00:00,2024-01-04,STK1,99.00056764446666,0.003407459485645692,3245.196419475498,3245.196419475498,0.0,0.0,OW,0.08478676304744681,3245.196419475498,-0.0,275.14969986049186,275.14969986049186,283.228110918145
2024-01-04 10:01:00,2024-01-04,STK1,99.23127502188771,0.003407459485645692,3245.196419475498,3245.196419475498,0.0,0.0,OW,0.23070737742105507,3245.196419475498,-0.0,748.6907551533902,748.6907551533902,1031.9188660715351
2024-01-04 10:02:00,2024-01-04,STK1,99.0326619795778,0.003407459485645692,3245.196419475498,3245.196419475498,0.0,0.0,OW,-0.1986130423099155,3245.196419475498,-0.0,-644.5383337652734,-644.5383337652734,387.3805323062618
2024-01-04 10:03:00,2024-01-04,STK1,99.04334624345783,0.003407459485645692,3245.196419475498,3245.196419475498,0.0,0.0,OW,0.010684263880037292,3245.196419475498,-0.0,34.67253488822841,34.67253488822841,422.0530671944902
2024-01-04 10:04:00,2024-01-04,STK1,98.88478016289163,0.003407459485645692,3245.196419475498,3245.196419475498,0.0,0.0,OW,-0.15856608056620303,3245.196419475498,-0.0,-514.5780769037053,-514.5780769037053,-92.52500970921511
2024-01-04 10:05:00,2024-01-04,STK1,98.80628334314504,0.003407459485645692,3245.196419475498,3245.196419475498,0.0,0.0,OW,-0.07849681974659006,3245.196419475498,-0.0,-254.73759838184762,-254.73759838184762,-347.2626080910627
2024-01-04 10:06:00,2024-01-04,STK1,98.85808997268347,0.003407459485645692,3245.196419475498,3245.196419475498,0.0,0.0,OW,0.05180662953843296,3245.196419475498,-0.0,168.12268868321618,168.12268868321618,-179.13991940784652
2024-01-04 10:07:00,2024-01-04,STK1,98.6299811382432,0.003407459485645692,3245.196419475498,3245.196419475498,0.0,0.0,OW,-0.22810883444027752,3245.196419475498,-0.0,-740.2579727763177,-740.2579727763177,-919.3978921841642
2024-01-04 10:08:00,2024-01-04,STK1,98.58346085138503,0.003407459485645692,3245.196419475498,3245.196419475498,0.0,0.0,OW,-0.04652028685816845,3245.196419475498,-0.0,-150.9674683451013,-150.9674683451013,-1070.3653605292654
2024-01-04 10:09:00,2024-01-04,STK1,98.59709011223299,0.003407459485645692,3245.196419475498,3245.196419475498,0.0,0.0,OW,0.013629260847963565,3245.196419475498,-0.0,44.22962850390895,44.22962850390895,-1026.1357320253564
2024-01-04 10:10:00,2024-01-04,STK1,98.61969227697902,0.003407459485645692,3245.196419475498,3245.196419475498,0.0,0.0,OW,0.022602164746032827,3245.196419475498,-0.0,73.34846410622106,73.34846410622106,-952.7872679191354
2024-01-04 10:11:00,2024-01-04,STK1,98.60198064527076,0.003407459485645692,3245.196419475498,3245.196419475498,0.0,0.0,OW,-0.017711631708266395,3245.196419475498,-0.0,-57.4777238027348,-57.4777238027348,-1010.2649917218702
2024-01-04 10:12:00,2024-01-04,STK1,98.68291957993196,0.003407459485645692,3245.196419475498,3245.196419475498,0.0,0.0,OW,0.08093893466120505,3245.196419475498,-0.0,262.6627409587039,262.6627409587039,-747.6022507631662
2024-01-04 10:13:00,2024-01-04,STK1,98.65668931847314,0.003407459485645692,3245.196419475498,3245.196419475498,0.0,0.0,OW,-0.02623026145882079,3245.196419475498,-0.0,-85.12235056807138,-85.12235056807138,-832.7246013312376
2024-01-04 10:14:00,2024-01-04,STK1,98.73856087319801,0.003407459485645692,3245.196419475498,3245.196419475498,0.0,0.0,OW,0.08187155472487007,3245.196419475498,-0.0,265.6892762500406,265.6892762500406,-567.035325081197
2024-01-04 10:15:00,2024-01-04,STK1,98.59232042460859,0.003407459485645692,3245.196419475498,3245.196419475498,0.0,0.0,OW,-0.14624044858942398,3245.196419475498,-0.0,-474.57898014488933,-474.57898014488933,-1041.6143052260863
2024-01-04 10:16:00,2024-01-04,STK1,98.52547143280198,0.003407459485645692,3245.196419475498,3245.196419475498,0.0,0.0,OW,-0.06684899180660864,3245.196419475498,-0.0,-216.93810885635324,-216.93810885635324,-1258.5524140824396
2024-01-04 10:17:00,2024-01-04,STK1,98.54496072120048,0.003407459485645692,3245.196419475498,3245.196419475498,0.0,0.0,OW,0.01948928839850339,3245.196419475498,-0.0,63.24656892894856,63.24656892894856,-1195.305845153491
2024-01-04 10:18:00,2024-01-04,STK1,98.67588439249411,0.003407459485645692,3245.196419475498,3245.196419475498,0.0,0.0,OW,0.1309236712936297,3245.196419475498,-0.0,424.8730293066741,424.8730293066741,-770.4328158468169
2024-01-04 10:19:00,2024-01-04,STK1,98.80954111476815,0.003407459485645692,3245.196419475498,3245.196419475498,0.0,0.0,OW,0.1336567222740399,3245.196419475498,-0.0,433.74231656254534,433.74231656254534,-336.69049928427154
2024-01-04 10:20:00,2024-01-04,STK1,98.72683281526616,0.003407459485645692,3245.196419475498,3245.196419475498,0.0,0.0,OW,-0.08270829950198788,3245.196419475498,-0.0,-268.40467740475816,-268.40467740475816,-605.0951766890297
2024-01-04 10:21:00,2024-01-04,STK1,98.63918909820809,0.003407459485645692,3245.196419475498,3245.196419475498,0.0,0.0,OW,-0.0876437170580715,3245.196419475498,-0.0,-284.4210767863772,-284.4210767863772,-889.516253475407
2024-01-04 10:22:00,2024-01-04,STK1,98.71848592949675,0.003407459485645692,3245.196419475498,3245.196419475498,0.0,0.0,OW,0.07929683128865861,3245.196419475498,-0.0,257.33379297370755,257.33379297370755,-632.1824605016994
2024-01-04 10:23:00,2024-01-04,STK1,98.75727288018592,0.003407459485645692,3245.196419475498,3245.196419475498,0.0,0.0,OW,0.03878695068917182,3245.196419475498,-0.0,125.87127349887308,125.87127349887308,-506.3111870028264
2024-01-04 10:24:00,2024-01-04,STK1,98.80416379869745,0.003407459485645692,3245.196419475498,3245.196419475498,0.0,0.0,OW,0.04689091851152227,3245.196419475498,-0.0,152.17024085950942,152.17024085950942,-354.14094614331697
2024-01-04 10:25:00,2024-01-04,STK1,98.89592599140036,0.003407459485645692,3245.196419475498,3245.196419475498,0.0,0.0,OW,0.09176219270291597,3245.196419475498,-0.0,297.7863392027235,297.7863392027235,-56.35460694059344
2024-01-04 10:26:00,2024-01-04,STK1,98.84313952554663,0.003407459485645692,3245.196419475498,3245.196419475498,0.0,0.0,OW,-0.05278646585372826,3245.196419475498,-0.0,-171.30244998528457,-171.30244998528457,-227.657056925878
2024-01-04 10:27:00,2024-01-04,STK1,98.88544260997516,0.003407459485645692,3245.196419475498,3245.196419475498,0.0,0.0,OW,0.04230308442852504,3245.196419475498,-0.0,137.28181812021916,137.28181812021916,-90.37523880565885
2024-01-04 10:28:00,2024-01-04,STK1,98.91794783886415,0.003407459485645692,3245.196419475498,3245.196419475498,0.0,0.0,OW,0.03250522888899354,3245.196419475498,-0.0,105.48585240479336,105.48585240479336,15.11061359913451
2024-01-04 10:29:00,2024-01-04,STK1,98.88404594715452,0.003407459485645692,0.0,0.0,-3245.196419475498,10.53129980097659,OW,-0.03390189170963254,3245.196419475498,320898.15185095643,-110.01829758954557,-120.54959739052217,-105.43898379138766
2024-01-05 09:30:00,2024-01-05,STK1,99.22098932749617,-0.004743989013046734,-4518.080471396442,-4518.080471396442,-4518.080471396442,20.413051146013892,OW,0.3369433803416513,0.0,448288.4142331952,0.0,-20.413051146013892,-125.85203493740156
2024-01-05 09:31:00,2024-01-05,STK1,99.20797858512839,-0.004743989013046734,-4518.080471396442,-4518.080471396442,0.0,0.0,OW,-0.013010742367782768,-4518.080471396442,-0.0,58.78358101024963,58.78358101024963,-67.06845392715192
2024-01-05 09:32:00,2024-01-05,STK1,99.4017235353717,-0.004743989013046734,-4518.080471396442,-4518.080471396442,0.0,0.0,OW,0.19374495024331395,-4518.080471396442,-0.0,-875.3552761259921,-875.3552761259921,-942.423730053144
2024-01-05 09:33:00,2024-01-05,STK1,99.4176480318848,-0.004743989013046734,-4518.080471396442,-4518.080471396442,0.0,0.0,OW,0.0159244965130938,-4518.080471396442,-0.0,-71.94815671262982,-71.94815671262982,-1014.3718867657739
2024-01-05 09:34:00,2024-01-05,STK1,99.33360993985298,-0.004743989013046734,-4518.080471396442,-4518.080471396442,0.0,0.0,OW,-0.08403809203181822,-4518.080471396442,-0.0,379.6908624623748,379.6908624623748,-634.681024303399
2024-01-05 09:35:00,2024-01-05,STK1,99.36479647028473,-0.004743989013046734,-4518.080471396442,-4518.080471396442,0.0,0.0,OW,0.031186530431753567,-4518.080471396442,-0.0,-140.90325411431664,-140.90325411431664,-775.5842784177156
2024-01-05 09:36:00,2024-01-05,STK1,99.20697488709646,-0.004743989013046734,-4518.080471396442,-4518.080471396442,0.0,0.0,OW,-0.1578215831882659,-4518.080471396442,-0.0,713.0506129677731,713.0506129677731,-62.53366544994253
2024-01-05 09:37:00,2024-01-05,STK1,99.16148153375815,-0.004743989013046734,-4518.080471396442,-4518.080471396442,0.0,0.0,OW,-0.0454933533383155,-4518.080471396442,-0.0,205.54263129618138,205.54263129618138,143.00896584623885
2024-01-05 09:38:00,2024-01-05,STK1,99.35376643591536,-0.004743989013046734,-4518.080471396442,-4518.080471396442,0.0,0.0,OW,0.19228490215721195,-4518.080471396442,-0.0,-868.7586613808749,-868.7586613808749,-725.749695534636
2024-01-05 09:39:00,2024-01-05,STK1,99.38831858697735,-0.004743989013046734,-4518.080471396442,-4518.080471396442,0.0,0.0,OW,0.0345521510619875,-4518.080471396442,-0.0,-156.10939895790554,-156.10939895790554,-881.8590944925415
2024-01-05 09:40:00,2024-01-05,STK1,99.36006016127523,-0.004743989013046734,-4518.080471396442,-4518.080471396442,0.0,0.0,OW,-0.028258425702119894,-4518.080471396442,-0.0,127.67384131715518,127.67384131715518,-754.1852531753864
2024-01-05 09:41:00,2024-01-05,STK1,99.3263571352483,-0.004743989013046734,-4518.080471396442,-4518.080471396442,0.0,0.0,OW,-0.03370302602692732,-4518.080471396442,-0.0,152.27298371922632,152.27298371922632,-601.9122694561601
2024-01-05 09:42:00,2024-01-05,STK1,99.21299730845051,-0.004743989013046734,-4518.080471396442,-4518.080471396442,0.0,0.0,OW,-0.11335982679779022,-4518.080471396442,-0.0,512.168819695979,512.168819695979,-89.74344976018108
2024-01-05 09:43:00,2024-01-05,STK1,99.23513218718489,-0.004743989013046734,-4518.080471396442,-4518.080471396442,0.0,0.0,OW,0.02213487873437714,-4518.080471396442,-0.0,-100.00716334651774,-100.00716334651774,-189.75061310669884
2024-01-05 09:44:00,2024-01-05,STK1,99.24421461977029,-0.004743989013046734,-4518.080471396442,-4518.080471396442,0.0,0.0,OW,0.009082432585401534,-4518.080471396442,-0.0,-41.03516129687737,-41.03516129687737,-230.7857744035762
2024-01-05 09:45:00,2024-01-05,STK1,99.22730409409421,-0.004743989013046734,-4518.080471396442,-4518.080471396442,0.0,0.0,OW,-0.016910525676081534,-4518.080471396442,-0.0,76.40311581815209,76.40311581815209,-154.3826585854241
2024-01-05 09:46:00,2024-01-05,STK1,99.27001092563644,-0.004743989013046734,-4518.080471396442,-4518.080471396442,0.0,0.0,OW,0.0427068315422332,-4518.080471396442,-0.0,-192.9529015861814,-192.9529015861814,-347.3355601716055
2024-01-05 09:47:00,2024-01-05,STK1,99.33083103249648,-0.004743989013046734,-4518.080471396442,-4518.080471396442,0.0,0.0,OW,0.06082010686003514,-4518.080471396442,-0.0,-274.7901370725695,-274.7901370725695,-622.125697244175
2024-01-05 09:48:00,2024-01-05,STK1,99.43869201202955,-0.004743989013046734,-4518.080471396442,-4518.080471396442,0.0,0.0,OW,0.10786097953307205,-4518.080471396442,-0.0,-487.3245852540641,-487.3245852540641,-1109.4502824982392
2024-01-05 09:49:00,2024-01-05,STK1,99.48384400340403,-0.004743989013046734,-4518.080471396442,-4518.080471396442,0.0,0.0,OW,0.04515199137448178,-4518.080471396442,-0.0,-204.00033047370673,-204.00033047370673,-1313.450612971946
2024-01-05 09:50:00,2024-01-05,STK1,99.5769593778105,-0.004743989013046734,-4518.080471396442,-4518.080471396442,0.0,0.0,OW,0.09311537440646589,-4518.080471396442,-0.0,-420.70275469262157,-420.70275469262157,-1734.1533676645674
2024-01-05 09:51:00,2024-01-05,STK1,99.37891757005517,-0.004743989013046734,-4518.080471396442,-4518.080471396442,0.0,0.0,OW,-0.19804180775533098,-4518.080471396442,-0.0,894.7688241394093,894.7688241394093,-839.3845435251582
2024-01-05 09:52:00,2024-01-05,STK1,99.51454919256805,-0.004743989013046734,-4518.080471396442,-4518.080471396442,0.0,0.0,OW,0.1356316225128893,-4518.080471396442,-0.0,-612.7945849792991,-612.7945849792991,-1452.1791285044574
2024-01-05 09:53:00,2024-01-05,STK1,99.36514051011845,-0.004743989013046734,-4518.080471396442,-4518.080471396442,0.0,0.0,OW,-0.1494086824496037,-4518.080471396442,-0.0,675.0404504326268,675.0404504326268,-777.1386780718306
2024-01-05 09:54:00,2024-01-05,STK1,99.31115067555137,-0.004743989013046734,-4518.080471396442,-4518.080471396442,0.0,0.0,OW,-0.0539898345670764,-4518.080471396442,-0.0,243.93041721143246,243.93041721143246,-533.2082608603981
2024-01-05 09:55:00,2024-01-05,STK1,99.25559445324846,-0.004743989013046734,-4518.080471396442,-4518.080471396442,0.0,0.0,OW,-0.05555622230291135,-4518.080471396442,-0.0,251.00748305134323,251.00748305134323,-282.2007778090549
2024-01-05 09:56:00,2024-01-05,STK1,99.10078146375446,-0.004743989013046734,-4518.080471396442,-4518.080471396442,0.0,0.0,OW,-0.15481298949400468,-4518.080471396442,-0.0,699.457544551365,699.457544551365,417.2567667423101
2024-01-05 09:57:00,2024-01-05,STK1,99.09224918919692,-0.004743989013046734,-4518.080471396442,-4518.080471396442,0.0,0.0,OW,-0.008532274557538244,-4518.080471396442,-0.0,38.549503055006255,38.549503055006255,455.80626979731636
2024-01-05 09:58:00,2024-01-05,STK1,99.12640674561824,-0.004743989013046734,-4518.080471396442,-4518.080471396442,0.0,0.0,OW,0.03415755642132012,-4518.080471396442,-0.0,-154.3265886177886,-154.3265886177886,301.4796811795278
2024-01-05 09:59:00,2024-01-05,STK1,99.21544392446951,-0.004743989013046734,-4518.080471396442,-4518.080471396442,0.0,0.0,OW,0.08903717885127094,-4518.080471396442,-0.0,-402.27713899615947,-402.27713899615947,-100.79745781663166
2024-01-05 10:00:00,2024-01-05,STK1,99.1192367844053,-0.004743989013046734,-4518.080471396442,-4518.080471396442,0.0,0.0,OW,-0.09620714006420883,-4518.080471396442,-0.0,434.67160073300414,434.67160073300414,333.8741429163725
2024-01-05 10:01:00,2024-01-05,STK1,99.10027272886767,-0.004743989013046734,-4518.080471396442,-4518.080471396442,0.0,0.0,OW,-0.018964055537637137,-4518.080471396442,-0.0,85.6811289830759,85.6811289830759,419.55527189944837
2024-01-05 10:02:00,2024-01-05,STK1,99.0564270214881,-0.004743989013046734,-4518.080471396442,-4518.080471396442,0.0,0.0,OW,-0.043845707379560395,-4518.080471396442,-0.0,198.09843426615467,198.09843426615467,617.653706165603
2024-01-05 10:03:00,2024-01-05,STK1,99.08200954901125,-0.004743989013046734,-4518.080471396442,-4518.080471396442,0.0,0.0,OW,0.025582527523141607,-4518.080471396442,-0.0,-115.58391801126808,-115.58391801126808,502.0697881543349
2024-01-05 10:04:00,2024-01-05,STK1,99.04617108615035,-0.004743989013046734,-4518.080471396442,-4518.080471396442,0.0,0.0,OW,-0.03583846286089454,-4518.080471396442,-0.0,161.92105917667425,161.92105917667425,663.9908473310091
2024-01-05 10:05:00,2024-01-05,STK1,99.09098316626238,-0.004743989013046734,-4518.080471396442,-4518.080471396442,0.0,0.0,OW,0.04481208011202398,-4518.080471396442,-0.0,-202.4645840367884,-202.4645840367884,461.5262632942207
2024-01-05 10:06:00,2024-01-05,STK1,99.15417092278426,-0.004743989013046734,-4518.080471396442,-4518.080471396442,0.0,0.0,OW,0.06318775652188435,-4518.080471396442,-0.0,-285.4873687728788,-285.4873687728788,176.0388945213419
2024-01-05 10:07:00,2024-01-05,STK1,98.91705400036837,-0.004743989013046734,-4518.080471396442,-4518.080471396442,0.0,0.0,OW,-0.23711692241589333,-4518.080471396442,-0.0,1071.3133366048728,1071.3133366048728,1247.3522311262147
2024-01-05 10:08:00,2024-01-05,STK1,98.7503741288358,-0.004743989013046734,-4518.080471396442,-4518.080471396442,0.0,0.0,OW,-0.16667987153256547,-4518.080471396442,-0.0,753.0730725461517,753.0730725461517,2000.4253036723665
2024-01-05 10:09:00,2024-01-05,STK1,98.73267701846285,-0.004743989013046734,-4518.080471396442,-4518.080471396442,0.0,0.0,OW,-0.017697110372949965,-4518.080471396442,-0.0,79.95696877617263,79.95696877617263,2080.382272448539
2024-01-05 10:10:00,2024-01-05,STK1,98.71696152083858,-0.004743989013046734,-4518.080471396442,-4518.080471396442,0.0,0.0,OW,-0.015715497624270824,-4518.080471396442,-0.0,71.00388291449518,71.00388291449518,2151.386155363034
2024-01-05 10:11:00,2024-01-05,STK1,98.78676423674622,-0.004743989013046734,-4518.080471396442,-4518.080471396442,0.0,0.0,OW,0.06980271590764175,-4518.080471396442,-0.0,-315.37428759274997,-315.37428759274997,1836.011867770284
2024-01-05 10:12:00,2024-01-05,STK1,98.82480821243261,-0.004743989013046734,-4518.080471396442,-4518.080471396442,0.0,0.0,OW,0.03804397568639217,-4518.080471396442,-0.0,-171.8857436029695,-171.8857436029695,1664.1261241673144
2024-01-05 10:13:00,2024-01-05,STK1,99.02612872279009,-0.004743989013046734,-4518.080471396442,-4518.080471396442,0.0,0.0,OW,0.20132051035747622,-4518.080471396442,-0.0,-909.5822663376784,-909.5822663376784,754.543857829636
2024-01-05 10:14:00,2024-01-05,STK1,98.99572412909185,-0.004743989013046734,-4518.080471396442,-4518.080471396442,0.0,0.0,OW,-0.030404593698236226,-4518.080471396442,-0.0,137.3704010287444,137.3704010287444,891.9142588583803
2024-01-05 10:15:00,2024-01-05,STK1,98.8726033693659,-0.004743989013046734,-4518.080471396442,-4518.080471396442,0.0,0.0,OW,-0.12312075972594982,-4518.080471396442,-0.0,556.2695001413074,556.2695001413074,1448.1837589996876
2024-01-05 10:16:00,2024-01-05,STK1,98.82181853613343,-0.004743989013046734,-4518.080471396442,-4518.080471396442,0.0,0.0,OW,-0.05078483323246985,-4518.080471396442,-0.0,229.44996327074705,229.44996327074705,1677.6337222704346
2024-01-05 10:17:00,2024-01-05,STK1,98.85485971110356,-0.004743989013046734,-4518.080471396442,-4518.080471396442,0.0,0.0,OW,0.03304117497012271,-4518.080471396442,-0.0,-149.28268738450433,-149.28268738450433,1528.3510348859304
2024-01-05 10:18:00,2024-01-05,STK1,98.7792117879207,-0.004743989013046734,-4518.080471396442,-4518.080471396442,0.0,0.0,OW,-0.0756479231828564,-4518.080471396442,-0.0,341.78340443416164,341.78340443416164,1870.134439320092
2024-01-05 10:19:00,2024-01-05,STK1,98.76344311270493,-0.004743989013046734,-4518.080471396442,-4518.080471396442,0.0,0.0,OW,-0.015768675215767303,-4518.080471396442,-0.0,71.24414355215133,71.24414355215133,1941.3785828722434
2024-01-05 10:20:00,2024-01-05,STK1,98.81762259787844,-0.004743989013046734,-4518.080471396442,-4518.080471396442,0.0,0.0,OW,0.05417948517350624,-4518.080471396442,-0.0,-244.7872739127316,-244.7872739127316,1696.591308959512
2024-01-05 10:21:00,2024-01-05,STK1,98.81090517892699,-0.004743989013046734,-4518.080471396442,-4518.080471396442,0.0,0.0,OW,-0.006717418951453169,-4518.080471396442,-0.0,30.349839382748925,30.349839382748925,1726.941148342261
2024-01-05 10:22:00,2024-01-05,STK1,98.72204550197738,-0.004743989013046734,-4518.080471396442,-4518.080471396442,0.0,0.0,OW,-0.08885967694961039,-4518.080471396442,-0.0,401.4751711206312,401.4751711206312,2128.4163194628923
2024-01-05 10:23:00,2024-01-05,STK1,98.85404469504618,-0.004743989013046734,-4518.080471396442,-4518.080471396442,0.0,0.0,OW,0.13199919306880759,-4518.080471396442,-0.0,-596.3829764442681,-596.3829764442681,1532.0333430186242
2024-01-05 10:24:00,2024-01-05,STK1,98.82908548664375,-0.004743989013046734,-4518.080471396442,-4518.080471396442,0.0,0.0,OW,-0.024959208402435706,-4518.080471396442,-0.0,112.76771206455875,112.76771206455875,1644.801055083183
2024-01-05 10:25:00,2024-01-05,STK1,98.71487075357155,-0.004743989013046734,-4518.080471396442,-4518.080471396442,0.0,0.0,OW,-0.11421473307220253,-4518.080471396442,-0.0,516.0313550392756,516.0313550392756,2160.8324101224584
2024-01-05 10:26:00,2024-01-05,STK1,98.60909199551294,-0.004743989013046734,-4518.080471396442,-4518.080471396442,0.0,0.0,OW,-0.10577875805860515,-4518.080471396442,-0.0,477.9169410731529,477.9169410731529,2638.7493511956113
2024-01-05 10:27:00,2024-01-05,STK1,98.49313531794603,-0.004743989013046734,-4518.080471396442,-4518.080471396442,0.0,0.0,OW,-0.11595667756691341,-4518.080471396442,-0.0,523.9016004430854,523.9016004430854,3162.650951638697
2024-01-05 10:28:00,2024-01-05,STK1,98.51632809619011,-0.004743989013046734,-4518.080471396442,-4518.080471396442,0.0,0.0,OW,0.023192778244080614,-4518.080471396442,-0.0,-104.78683846200887,-104.78683846200887,3057.864113176688
2024-01-05 10:29:00,2024-01-05,STK1,98.54086527571832,-0.004743989013046734,0.0,0.0,4518.080471396442,20.413051146013892,OW,0.024537179528209663,-4518.080471396442,-445215.5590367307,-110.86095164955263,-131.27400279556653,2926.5901103811216
2024-01-06 09:30:00,2024-01-06,STK1,98.07338849351419,0.0,0.0,0.0,0.0,0.0,OW,-0.46747678220413036,0.0,-0.0,-0.0,-0.0,2926.5901103811216
2024-01-06 09:31:00,2024-01-06,STK1,98.15311544402259,0.0,0.0,0.0,0.0,0.0,OW,0.07972695050840173,0.0,-0.0,0.0,0.0,2926.5901103811216
2024-01-06 09:32:00,2024-01-06,STK1,97.97905191185534,0.0,0.0,0.0,0.0,0.0,OW,-0.1740635321672528,0.0,-0.0,-0.0,-0.0,2926.5901103811216
2024-01-06 09:33:00,2024-01-06,STK1,98.10400064525373,0.0,0.0,0.0,0.0,0.0,OW,0.12494873339839785,0.0,-0.0,0.0,0.0,2926.5901103811216
2024-01-06 09:34:00,2024-01-06,STK1,98.04156601463814,0.0,0.0,0.0,0.0,0.0,OW,-0.06243463061559851,0.0,-0.0,-0.0,-0.0,2926.5901103811216
2024-01-06 09:35:00,2024-01-06,STK1,98.08550822251102,0.0,0.0,0.0,0.0,0.0,OW,0.04394220787288816,0.0,-0.0,0.0,0.0,2926.5901103811216
2024-01-06 09:36:00,2024-01-06,STK1,98.13829580348747,0.0,0.0,0.0,0.0,0.0,OW,0.05278758097644243,0.0,-0.0,0.0,0.0,2926.5901103811216
2024-01-06 09:37:00,2024-01-06,STK1,97.9986723492655,0.0,0.0,0.0,0.0,0.0,OW,-0.13962345422196165,0.0,-0.0,-0.0,-0.0,2926.5901103811216
2024-01-06 09:38:00,2024-01-06,STK1,97.91965859801148,0.0,0.0,0.0,0.0,0.0,OW,-0.0790137512540241,0.0,-0.0,-0.0,-0.0,2926.5901103811216
2024-01-06 09:39:00,2024-01-06,STK1,97.94332320617247,0.0,0.0,0.0,0.0,0.0,OW,0.023664608160984812,0.0,-0.0,0.0,0.0,2926.5901103811216
2024-01-06 09:40:00,2024-01-06,STK1,98.08555966552122,0.0,0.0,0.0,0.0,0.0,OW,0.1422364593487515,0.0,-0.0,0.0,0.0,2926.5901103811216
2024-01-06 09:41:00,2024-01-06,STK1,98.11193973835755,0.0,0.0,0.0,0.0,0.0,OW,0.026380072836332147,0.0,-0.0,0.0,0.0,2926.5901103811216
2024-01-06 09:42:00,2024-01-06,STK1,98.15817472461895,0.0,0.0,0.0,0.0,0.0,OW,0.046234986261396216,0.0,-0.0,0.0,0.0,2926.5901103811216
2024-01-06 09:43:00,2024-01-06,STK1,98.29202041015277,0.0,0.0,0.0,0.0,0.0,OW,0.13384568553382792,0.0,-0.0,0.0,0.0,2926.5901103811216
2024-01-06 09:44:00,2024-01-06,STK1,98.05514923059364,0.0,0.0,0.0,0.0,0.0,OW,-0.23687117955913095,0.0,-0.0,-0.0,-0.0,2926.5901103811216
2024-01-06 09:45:00,2024-01-06,STK1,98.0154185436484,0.0,0.0,0.0,0.0,0.0,OW,-0.03973068694524784,0.0,-0.0,-0.0,-0.0,2926.5901103811216
2024-01-06 09:46:00,2024-01-06,STK1,97.9849910506394,0.0,0.0,0.0,0.0,0.0,OW,-0.030427493009000273,0.0,-0.0,-0.0,-0.0,2926.5901103811216
2024-01-06 09:47:00,2024-01-06,STK1,97.87595644349324,0.0,0.0,0.0,0.0,0.0,OW,-0.10903460714615676,0.0,-0.0,-0.0,-0.0,2926.5901103811216
2024-01-06 09:48:00,2024-01-06,STK1,97.92730657009386,0.0,0.0,0.0,0.0,0.0,OW,0.051350126600624435,0.0,-0.0,0.0,0.0,2926.5901103811216
2024-01-06 09:49:00,2024-01-06,STK1,98.12852693196639,0.0,0.0,0.0,0.0,0.0,OW,0.20122036187252945,0.0,-0.0,0.0,0.0,2926.5901103811216
2024-01-06 09:50:00,2024-01-06,STK1,98.09543129302523,0.0,0.0,0.0,0.0,0.0,OW,-0.03309563894116252,0.0,-0.0,-0.0,-0.0,2926.5901103811216
2024-01-06 09:51:00,2024-01-06,STK1,97.92580713964786,0.0,0.0,0.0,0.0,0.0,OW,-0.16962415337737013,0.0,-0.0,-0.0,-0.0,2926.5901103811216
2024-01-06 09:52:00,2024-01-06,STK1,97.88757810625316,0.0,0.0,0.0,0.0,0.0,OW,-0.03822903339469974,0.0,-0.0,-0.0,-0.0,2926.5901103811216
2024-01-06 09:53:00,2024-01-06,STK1,98.050979815022,0.0,0.0,0.0,0.0,0.0,OW,0.16340170876884486,0.0,-0.0,0.0,0.0,2926.5901103811216
2024-01-06 09:54:00,2024-01-06,STK1,98.10857806262648,0.0,0.0,0.0,0.0,0.0,OW,0.057598247604474295,0.0,-0.0,0.0,0.0,2926.5901103811216
2024-01-06 09:55:00,2024-01-06,STK1,98.12598368698677,0.0,0.0,0.0,0.0,0.0,OW,0.01740562436029336,0.0,-0.0,0.0,0.0,2926.5901103811216
2024-01-06 09:56:00,2024-01-06,STK1,98.09421645075528,0.0,0.0,0.0,0.0,0.0,OW,-0.03176723623148803,0.0,-0.0,-0.0,-0.0,2926.5901103811216
2024-01-06 09:57:00,2024-01-06,STK1,98.00573389472035,0.0,0.0,0.0,0.0,0.0,OW,-0.08848255603493271,0.0,-0.0,-0.0,-0.0,2926.5901103811216
2024-01-06 09:58:00,2024-01-06,STK1,97.99773815165739,0.0,0.0,0.0,0.0,0.0,OW,-0.007995743062963356,0.0,-0.0,-0.0,-0.0,2926.5901103811216
2024-01-06 09:59:00,2024-01-06,STK1,98.04499099977721,0.0,0.0,0.0,0.0,0.0,OW,0.04725284811982533,0.0,-0.0,0.0,0.0,2926.5901103811216
2024-01-06 10:00:00,2024-01-06,STK1,97.79385285409948,0.0,0.0,0.0,0.0,0.0,OW,-0.25113814567772863,0.0,-0.0,-0.0,-0.0,2926.5901103811216
2024-01-06 10:01:00,2024-01-06,STK1,97.72406519739074,0.0,0.0,0.0,0.0,0.0,OW,-0.06978765670874054,0.0,-0.0,-0.0,-0.0,2926.5901103811216
2024-01-06 10:02:00,2024-01-06,STK1,97.805777886041,0.0,0.0,0.0,0.0,0.0,OW,0.08171268865025638,0.0,-0.0,0.0,0.0,2926.5901103811216
2024-01-06 10:03:00,2024-01-06,STK1,97.84345044964533,0.0,0.0,0.0,0.0,0.0,OW,0.0376725636043318,0.0,-0.0,0.0,0.0,2926.5901103811216
2024-01-06 10:04:00,2024-01-06,STK1,97.8813920172938,0.0,0.0,0.0,0.0,0.0,OW,0.037941567648474006,0.0,-0.0,0.0,0.0,2926.5901103811216
2024-01-06 10:05:00,2024-01-06,STK1,97.94259535357843,0.0,0.0,0.0,0.0,0.0,OW,0.06120333628462049,0.0,-0.0,0.0,0.0,2926.5901103811216
2024-01-06 10:06:00,2024-01-06,STK1,97.89154894089832,0.0,0.0,0.0,0.0,0.0,OW,-0.05104641268010823,0.0,-0.0,-0.0,-0.0,2926.5901103811216
2024-01-06 10:07:00,2024-01-06,STK1,97.84893550672845,0.0,0.0,0.0,0.0,0.0,OW,-0.04261343416986563,0.0,-0.0,-0.0,-0.0,2926.5901103811216
2024-01-06 10:08:00,2024-01-06,STK1,97.92634521717471,0.0,0.0,0.0,0.0,0.0,OW,0.07740971044626122,0.0,-0.0,0.0,0.0,2926.5901103811216
2024-01-06 10:09:00,2024-01-06,STK1,97.8847575117753,0.0,0.0,0.0,0.0,0.0,OW,-0.04158770539940804,0.0,-0.0,-0.0,-0.0,2926.5901103811216
2024-01-06 10:10:00,2024-01-06,STK1,97.86070416275545,0.0,0.0,0.0,0.0,0.0,OW,-0.024053349019851566,0.0,-0.0,-0.0,-0.0,2926.5901103811216
2024-01-06 10:11:00,2024-01-06,STK1,97.77983565653612,0.0,0.0,0.0,0.0,0.0,OW,-0.08086850621933195,0.0,-0.0,-0.0,-0.0,2926.5901103811216
2024-01-06 10:12:00,2024-01-06,STK1,97.55321464936688,0.0,0.0,0.0,0.0,0.0,OW,-0.22662100716924272,0.0,-0.0,-0.0,-0.0,2926.5901103811216
2024-01-06 10:13:00,2024-01-06,STK1,97.53359821638172,0.0,0.0,0.0,0.0,0.0,OW,-0.019616432985159804,0.0,-0.0,-0.0,-0.0,2926.5901103811216
2024-01-06 10:14:00,2024-01-06,STK1,97.50969949772723,0.0,0.0,0.0,0.0,0.0,OW,-0.023898718654493223,0.0,-0.0,-0.0,-0.0,2926.5901103811216
2024-01-06 10:15:00,2024-01-06,STK1,97.61205778869495,0.0,0.0,0.0,0.0,0.0,OW,0.10235829096772875,0.0,-0.0,0.0,0.0,2926.5901103811216
2024-01-06 10:16:00,2024-01-06,STK1,97.52321515557848,0.0,0.0,0.0,0.0,0.0,OW,-0.08884263311647089,0.0,-0.0,-0.0,-0.0,2926.5901103811216
2024-01-06 10:17:00,2024-01-06,STK1,97.58638039143533,0.0,0.0,0.0,0.0,0.0,OW,0.06316523585684308,0.0,-0.0,0.0,0.0,2926.5901103811216
2024-01-06 10:18:00,2024-01-06,STK1,97.65487723516699,0.0,0.0,0.0,0.0,0.0,OW,0.06849684373166554,0.0,-0.0,0.0,0.0,2926.5901103811216
2024-01-06 10:19:00,2024-01-06,STK1,97.63430449499126,0.0,0.0,0.0,0.0,0.0,OW,-0.02057274017573718,0.0,-0.0,-0.0,-0.0,2926.5901103811216
2024-01-06 10:20:00,2024-01-06,STK1,97.48177468252806,0.0,0.0,0.0,0.0,0.0,OW,-0.1525298124632002,0.0,-0.0,-0.0,-0.0,2926.5901103811216
2024-01-06 10:21:00,2024-01-06,STK1,97.3821719061015,0.0,0.0,0.0,0.0,0.0,OW,-0.09960277642655058,0.0,-0.0,-0.0,-0.0,2926.5901103811216
2024-01-06 10:22:00,2024-01-06,STK1,97.49208281151371,0.0,0.0,0.0,0.0,0.0,OW,0.10991090541220672,0.0,-0.0,0.0,0.0,2926.5901103811216
2024-01-06 10:23:00,2024-01-06,STK1,97.40215019527405,0.0,0.0,0.0,0.0,0.0,OW,-0.08993261623966475,0.0,-0.0,-0.0,-0.0,2926.5901103811216
2024-01-06 10:24:00,2024-01-06,STK1,97.42967866443792,0.0,0.0,0.0,0.0,0.0,OW,0.027528469163868863,0.0,-0.0,0.0,0.0,2926.5901103811216
2024-01-06 10:25:00,2024-01-06,STK1,97.3206636783372,0.0,0.0,0.0,0.0,0.0,OW,-0.10901498610071769,0.0,-0.0,-0.0,-0.0,2926.5901103811216
2024-01-06 10:26:00,2024-01-06,STK1,97.32633514014796,0.0,0.0,0.0,0.0,0.0,OW,0.00567146181076339,0.0,-0.0,0.0,0.0,2926.5901103811216
2024-01-06 10:27:00,2024-01-06,STK1,97.3534096148091,0.0,0.0,0.0,0.0,0.0,OW,0.027074474661134218,0.0,-0.0,0.0,0.0,2926.5901103811216
2024-01-06 10:28:00,2024-01-06,STK1,97.4291573752742,0.0,0.0,0.0,0.0,0.0,OW,0.07574776046510578,0.0,-0.0,0.0,0.0,2926.5901103811216
2024-01-06 10:29:00,2024-01-06,STK1,97.21045372848728,0.0,0.0,0.0,0.0,0.0,OW,-0.21870364678692056,0.0,-0.0,-0.0,-0.0,2926.5901103811216
2024-01-02 09:30:00,2024-01-02,STK2,110.41472914056955,-0.0010246405787444068,-975.8471014478479,-975.8471014478479,-975.8471014478479,1.0951192002147911,OW,0.0,0.0,107747.89338897401,0.0,-1.0951192002147911,2925.4949911809067
2024-01-02 09:31:00,2024-01-02,STK2,110.51755524101365,-0.0010246405787444068,-975.8471014478479,-975.8471014478479,0.0,0.0,OW,0.1028261004441049,-975.8471014478479,-0.0,-100.34255207156502,-100.34255207156502,2825.1524391093417
2024-01-02 09:32:00,2024-01-02,STK2,110.57462991895015,-0.0010246405787444068,-975.8471014478479,-975.8471014478479,0.0,0.0,OW,0.05707467793649812,-975.8471014478479,-0.0,-55.69615903040113,-55.69615903040113,2769.4562800789404
2024-01-02 09:33:00,2024-01-02,STK2,110.57589614853869,-0.0010246405787444068,-975.8471014478479,-975.8471014478479,0.0,0.0,OW,0.0012662295885377262,-975.8471014478479,-0.0,-1.2356464737420412,-1.2356464737420412,2768.220633605198
2024-01-02 09:34:00,2024-01-02,STK2,110.46371105258892,-0.0010246405787444068,-975.8471014478479,-975.8471014478479,0.0,0.0,OW,-0.11218509594976922,-975.8471014478479,-0.0,109.475500708231,109.475500708231,2877.696134313429
2024-01-02 09:35:00,2024-01-02,STK2,110.58927451570993,-0.0010246405787444068,-975.8471014478479,-975.8471014478479,0.0,0.0,OW,0.1255634631210114,-975.8471014478479,-0.0,-122.53074153439273,-122.53074153439273,2755.165392779036
2024-01-02 09:36:00,2024-01-02,STK2,110.68387091759374,-0.0010246405787444068,-975.8471014478479,-975.8471014478479,0.0,0.0,OW,0.09459640188380547,-975.8471014478479,-0.0,-92.3116245857073,-92.3116245857073,2662.853768193329
2024-01-02 09:37:00,2024-01-02,STK2,110.82227516818206,-0.0010246405787444068,-975.8471014478479,-975.8471014478479,0.0,0.0,OW,0.13840425058832295,-975.8471014478479,-0.0,-135.06138676467654,-135.06138676467654,2527.7923814286523
2024-01-02 09:38:00,2024-01-02,STK2,110.90431558129906,-0.0010246405787444068,-975.8471014478479,-975.8471014478479,0.0,0.0,OW,0.08204041311699939,-975.8471014478479,-0.0,-80.05889934180786,-80.05889934180786,2447.7334820868446
2024-01-02 09:39:00,2024-01-02,STK2,110.70668171307227,-0.0010246405787444068,-975.8471014478479,-975.8471014478479,0.0,0.0,OW,-0.19763386822678797,-975.8471014478479,-0.0,192.86043745703697,192.86043745703697,2640.5939195438814
2024-01-02 09:40:00,2024-01-02,STK2,110.64512466726642,-0.0010246405787444068,-975.8471014478479,-975.8471014478479,0.0,0.0,OW,-0.06155704580585564,-975.8471014478479,-0.0,60.07026472333663,60.07026472333663,2700.664184267218
2024-01-02 09:41:00,2024-01-02,STK2,110.83659505030909,-0.0010246405787444068,-975.8471014478479,-975.8471014478479,0.0,0.0,OW,0.19147038304267028,-975.8471014478479,-0.0,-186.84581830529896,-186.84581830529896,2513.818365961919
2024-01-02 09:42:00,2024-01-02,STK2,110.86488564636082,-0.0010246405787444068,-975.8471014478479,-975.8471014478479,0.0,0.0,OW,0.028290596051732564,-975.8471014478479,-0.0,-27.60729615531515,-27.60729615531515,2486.211069806604
2024-01-02 09:43:00,2024-01-02,STK2,110.88737102318302,-0.0010246405787444068,-975.8471014478479,-975.8471014478479,0.0,0.0,OW,0.022485376822203307,-975.8471014478479,-0.0,-21.94228979690972,-21.94228979690972,2464.268780009694
2024-01-02 09:44:00,2024-01-02,STK2,110.93140108445543,-0.0010246405787444068,-975.8471014478479,-975.8471014478479,0.0,0.0,OW,0.044030061272408716,-975.8471014478479,-0.0,-42.96660766925119,-42.96660766925119,2421.302172340443
2024-01-02 09:45:00,2024-01-02,STK2,110.92572186249126,-0.0010246405787444068,-975.8471014478479,-975.8471014478479,0.0,0.0,OW,-0.005679221964172143,-975.8471014478479,-0.0,5.542052292216339,5.542052292216339,2426.8442246326595
2024-01-02 09:46:00,2024-01-02,STK2,111.12529695297019,-0.0010246405787444068,-975.8471014478479,-975.8471014478479,0.0,0.0,OW,0.1995750904789304,-975.8471014478479,-0.0,-194.7547735650562,-194.7547735650562,2232.0894510676035
2024-01-02 09:47:00,2024-01-02,STK2,111.15294695599229,-0.0010246405787444068,-975.8471014478479,-975.8471014478479,0.0,0.0,OW,0.027650003022102965,-975.8471014478479,-0.0,-26.98217530414341,-26.98217530414341,2205.10727576346
2024-01-02 09:48:00,2024-01-02,STK2,111.13039475675937,-0.0010246405787444068,-975.8471014478479,-975.8471014478479,0.0,0.0,OW,-0.02255219923291918,-975.8471014478479,-0.0,22.00749825271856,22.00749825271856,2227.1147740161787
2024-01-02 09:49:00,2024-01-02,STK2,111.04751148634686,-0.0010246405787444068,-975.8471014478479,-975.8471014478479,0.0,0.0,OW,-0.08288327041250909,-975.8471014478479,-0.0,80.88139919056516,80.88139919056516,2307.996173206744
2024-01-02 09:50:00,2024-01-02,STK2,111.10429591015128,-0.0010246405787444068,-975.8471014478479,-975.8471014478479,0.0,0.0,OW,0.05678442380441595,-975.8471014478479,-0.0,-55.41291537692548,-55.41291537692548,2252.5832578298186
2024-01-02 09:51:00,2024-01-02,STK2,111.09066595599349,-0.0010246405787444068,-975.8471014478479,-975.8471014478479,0.0,0.0,OW,-0.013629954157792668,-975.8471014478479,-0.0,13.300751257749017,13.300751257749017,2265.884009087568
2024-01-02 09:52:00,2024-01-02,STK2,111.20839816791322,-0.0010246405787444068,-975.8471014478479,-975.8471014478479,0.0,0.0,OW,0.11773221191972993,-975.8471014478479,-0.0,-114.88863774891222,-114.88863774891222,2150.995371338656
2024-01-02 09:53:00,2024-01-02,STK2,111.11446172647598,-0.0010246405787444068,-975.8471014478479,-975.8471014478479,0.0,0.0,OW,-0.09393644143723634,-975.8471014478479,-0.0,91.66760409685259,91.66760409685259,2242.6629754355085
2024-01-02 09:54:00,2024-01-02,STK2,111.15275891329583,-0.0010246405787444068,-975.8471014478479,-975.8471014478479,0.0,0.0,OW,0.03829718681984673,-975.8471014478479,-0.0,-37.372198751754155,-37.372198751754155,2205.2907766837543
2024-01-02 09:55:00,2024-01-02,STK2,111.27509195577369,-0.0010246405787444068,-975.8471014478479,-975.8471014478479,0.0,0.0,OW,0.12233304247786236,-975.8471014478479,-0.0,-119.37834491331844,-119.37834491331844,2085.912431770436
2024-01-02 09:56:00,2024-01-02,STK2,111.1367289260884,-0.0010246405787444068,-975.8471014478479,-975.8471014478479,0.0,0.0,OW,-0.13836302968529424,-975.8471014478479,-0.0,135.0211614659369,135.0211614659369,2220.933593236373
2024-01-02 09:57:00,2024-01-02,STK2,111.11427232435295,-0.0010246405787444068,-975.8471014478479,-975.8471014478479,0.0,0.0,OW,-0.02245660173544195,-975.8471014478479,-0.0,21.914209711899737,21.914209711899737,2242.8478029482726
2024-01-02 09:58:00,2024-01-02,STK2,111.14237498976912,-0.0010246405787444068,-975.8471014478479,-975.8471014478479,0.0,0.0,OW,0.02810266541617068,-975.8471014478479,-0.0,-27.423904589328835,-27.423904589328835,2215.423898358944
2024-01-02 09:59:00,2024-01-02,STK2,111.17699598859514,-0.0010246405787444068,-975.8471014478479,-975.8471014478479,0.0,0.0,OW,0.034620998826014215,-975.8471014478479,-0.0,-33.78480135359531,-33.78480135359531,2181.6390970053485
2024-01-02 10:00:00,2024-01-02,STK2,111.20413809388812,-0.0010246405787444068,-975.8471014478479,-975.8471014478479,0.0,0.0,OW,0.027142105292981,-975.8471014478479,-0.0,-26.4865447773478,-26.4865447773478,2155.152552228001
2024-01-02 10:01:00,2024-01-02,STK2,111.15063496447897,-0.0010246405787444068,-975.8471014478479,-975.8471014478479,0.0,0.0,OW,-0.05350312940915103,-975.8471014478479,-0.0,52.21087375230914,52.21087375230914,2207.36342598031
2024-01-02 10:02:00,2024-01-02,STK2,111.0215441102052,-0.0010246405787444068,-975.8471014478479,-975.8471014478479,0.0,0.0,OW,-0.12909085427376965,-975.8471014478479,-0.0,125.97293596648464,125.97293596648464,2333.3363619467946
2024-01-02 10:03:00,2024-01-02,STK2,111.02477598846276,-0.0010246405787444068,-975.8471014478479,-975.8471014478479,0.0,0.0,OW,0.003231878257565768,-975.8471014478479,-0.0,-3.1538190298778757,-3.1538190298778757,2330.1825429169166
2024-01-02 10:04:00,2024-01-02,STK2,111.01171903742002,-0.0010246405787444068,-975.8471014478479,-975.8471014478479,0.0,0.0,OW,-0.013056951042742071,-975.8471014478479,-0.0,12.741587828806304,12.741587828806304,2342.924130745723
2024-01-02 10:05:00,2024-01-02,STK2,111.05568103989441,-0.0010246405787444068,-975.8471014478479,-975.8471014478479,0.0,0.0,OW,0.04396200247438742,-975.8471014478479,-0.0,-42.90019268847408,-42.90019268847408,2300.023938057249
2024-01-02 10:06:00,2024-01-02,STK2,110.93050517771795,-0.0010246405787444068,-975.8471014478479,-975.8471014478479,0.0,0.0,OW,-0.12517586217646226,-975.8471014478479,-0.0,122.15250227613599,122.15250227613599,2422.176440333385
2024-01-02 10:07:00,2024-01-02,STK2,110.83133926995148,-0.0010246405787444068,-975.8471014478479,-975.8471014478479,0.0,0.0,OW,-0.09916590776646217,-975.8471014478479,-0.0,96.77076365634673,96.77076365634673,2518.947203989732
2024-01-02 10:08:00,2024-01-02,STK2,110.98966235077958,-0.0010246405787444068,-975.8471014478479,-975.8471014478479,0.0,0.0,OW,0.15832308082809732,-975.8471014478479,-0.0,-154.4991195183921,-154.4991195183921,2364.44808447134
2024-01-02 10:09:00,2024-01-02,STK2,111.20130587351485,-0.0010246405787444068,-975.8471014478479,-975.8471014478479,0.0,0.0,OW,0.21164352273527243,-975.8471014478479,-0.0,-206.53171820142728,-206.53171820142728,2157.9163662699125
2024-01-02 10:10:00,2024-01-02,STK2,111.39648970182392,-0.0010246405787444068,-975.8471014478479,-975.8471014478479,0.0,0.0,OW,0.19518382830906944,-975.8471014478479,-0.0,-190.4695731048998,-190.4695731048998,1967.4467931650127
2024-01-02 10:11:00,2024-01-02,STK2,111.43720971576153,-0.0010246405787444068,-975.8471014478479,-975.8471014478479,0.0,0.0,OW,0.04072001393760161,-975.8471014478479,-0.0,-39.73650757192449,-39.73650757192449,1927.7102855930882
2024-01-02 10:12:00,2024-01-02,STK2,111.53211499490966,-0.0010246405787444068,-975.8471014478479,-975.8471014478479,0.0,0.0,OW,0.0949052791481364,-975.8471014478479,-0.0,-92.61304156880779,-92.61304156880779,1835.0972440242804
2024-01-02 10:13:00,2024-01-02,STK2,111.49176634694172,-0.0010246405787444068,-975.8471014478479,-975.8471014478479,0.0,0.0,OW,-0.040348647967945794,-975.8471014478479,-0.0,39.3741111668595,39.3741111668595,1874.4713551911398
2024-01-02 10:14:00,2024-01-02,STK2,111.59311395277523,-0.0010246405787444068,-975.8471014478479,-975.8471014478479,0.0,0.0,OW,0.1013476058335101,-975.8471014478479,-0.0,-98.89976739130984,-98.89976739130984,1775.57158779983
2024-01-02 10:15:00,2024-01-02,STK2,111.5946746181456,-0.0010246405787444068,-975.8471014478479,-975.8471014478479,0.0,0.0,OW,0.0015606653703770235,-975.8471014478479,-0.0,-1.5229707780124504,-1.5229707780124504,1774.0486170218176
2024-01-02 10:16:00,2024-01-02,STK2,111.64210862739809,-0.0010246405787444068,-975.8471014478479,-975.8471014478479,0.0,0.0,OW,0.04743400925248409,-975.8471014478479,-0.0,-46.288340439086994,-46.288340439086994,1727.7602765827305
2024-01-02 10:17:00,2024-01-02,STK2,111.53252772274969,-0.0010246405787444068,-975.8471014478479,-975.8471014478479,0.0,0.0,OW,-0.10958090464839643,-975.8471014478479,-0.0,106.93420817517065,106.93420817517065,1834.6944847579011
2024-01-02 10:18:00,2024-01-02,STK2,111.52601315933843,-0.0010246405787444068,-975.8471014478479,-975.8471014478479,0.0,0.0,OW,-0.006514563411258223,-975.8471014478479,-0.0,6.357217822074541,6.357217822074541,1841.0517025799757
2024-01-02 10:19:00,2024-01-02,STK2,111.61873335061277,-0.0010246405787444068,-975.8471014478479,-975.8471014478479,0.0,0.0,OW,0.0927201912743385,-975.8471014478479,-0.0,-90.48072990075326,-90.48072990075326,1750.5709726792225
2024-01-02 10:20:00,2024-01-02,STK2,111.5733200457868,-0.0010246405787444068,-975.8471014478479,-975.8471014478479,0.0,0.0,OW,-0.04541330482597061,-975.8471014478479,-0.0,44.31644188159098,44.31644188159098,1794.8874145608133
2024-01-02 10:21:00,2024-01-02,STK2,111.60443819853614,-0.0010246405787444068,-975.8471014478479,-975.8471014478479,0.0,0.0,OW,0.031118152749343153,-975.8471014478479,-0.0,-30.366559162857893,-30.366559162857893,1764.5208553979555
2024-01-02 10:22:00,2024-01-02,STK2,111.68530063994842,-0.0010246405787444068,-975.8471014478479,-975.8471014478479,0.0,0.0,OW,0.08086244141227894,-975.8471014478479,-0.0,-78.90937906816882,-78.90937906816882,1685.6114763297867
2024-01-02 10:23:00,2024-01-02,STK2,111.46676884320892,-0.0010246405787444068,-975.8471014478479,-975.8471014478479,0.0,0.0,OW,-0.21853179673949796,-975.8471014478479,-0.0,213.25362042242935,213.25362042242935,1898.865096752216
2024-01-02 10:24:00,2024-01-02,STK2,111.4421410513441,-0.0010246405787444068,-975.8471014478479,-975.8471014478479,0.0,0.0,OW,-0.02462779186483033,-975.8471014478479,-0.0,24.032959306355565,24.032959306355565,1922.8980560585715
2024-01-02 10:25:00,2024-01-02,STK2,111.46728075794181,-0.0010246405787444068,-975.8471014478479,-975.8471014478479,0.0,0.0,OW,0.02513970659771303,-975.8471014478479,-0.0,-24.5325098146276,-24.5325098146276,1898.3655462439438
2024-01-02 10:26:00,2024-01-02,STK2,111.34349769671744,-0.0010246405787444068,-975.8471014478479,-975.8471014478479,0.0,0.0,OW,-0.12378306122437266,-975.8471014478479,-0.0,120.79334150414554,120.79334150414554,2019.1588877480892
2024-01-02 10:27:00,2024-01-02,STK2,111.37567133650946,-0.0010246405787444068,-975.8471014478479,-975.8471014478479,0.0,0.0,OW,0.03217363979202048,-975.8471014478479,-0.0,-31.396553134070324,-31.396553134070324,1987.762334614019
2024-01-02 10:28:00,2024-01-02,STK2,111.32764097644056,-0.0010246405787444068,-975.8471014478479,-975.8471014478479,0.0,0.0,OW,-0.04803036006889272,-975.8471014478479,-0.0,46.870287654725416,46.870287654725416,2034.6326222687444
2024-01-02 10:29:00,2024-01-02,STK2,111.23493958043935,-0.0010246405787444068,0.0,0.0,975.8471014478479,1.0951192002147911,OW,-0.09270139600121752,-975.8471014478479,-108548.29336929822,90.46238858795724,89.36726938774244,2123.999891656487
2024-01-03 09:30:00,2024-01-03,STK2,111.12096374757104,0.000505905589206268,481.8143191617153,481.8143191617153,481.8143191617153,0.2669667938716573,OW,-0.11397583286830582,0.0,-53539.67149262958,-0.0,-0.2669667938716573,2123.732924862615
2024-01-03 09:31:00,2024-01-03,STK2,111.0458694384398,0.000505905589206268,481.8143191617153,481.8143191617153,0.0,0.0,OW,-0.07509430913124504,481.8143191617153,-0.0,-36.18151342699021,-36.18151342699021,2087.551411435625
2024-01-03 09:32:00,2024-01-03,STK2,111.09905932361858,0.000505905589206268,481.8143191617153,481.8143191617153,0.0,0.0,OW,0.05318988517878154,481.8143191617153,-0.0,25.627648313704437,25.627648313704437,2113.1790597493296
2024-01-03 09:33:00,2024-01-03,STK2,111.11045347010423,0.000505905589206268,481.8143191617153,481.8143191617153,0.0,0.0,OW,0.01139414648565662,481.8143191617153,-0.0,5.489862931415495,5.489862931415495,2118.6689226807453
2024-01-03 09:34:00,2024-01-03,STK2,111.2870677676122,0.000505905589206268,481.8143191617153,481.8143191617153,0.0,0.0,OW,0.17661429750796742,481.8143191617153,-0.0,85.09529750802595,85.09529750802595,2203.764220188771
2024-01-03 09:35:00,2024-01-03,STK2,111.2619829902001,0.000505905589206268,481.8143191617153,481.8143191617153,0.0,0.0,OW,-0.02508477741210413,481.8143191617153,-0.0,-12.086204950136127,-12.086204950136127,2191.678015238635
2024-01-03 09:36:00,2024-01-03,STK2,111.26976265340365,0.000505905589206268,481.8143191617153,481.8143191617153,0.0,0.0,OW,0.007779663203550058,481.8143191617153,-0.0,3.74835312972592,3.74835312972592,2195.4263683683607
2024-01-03 09:37:00,2024-01-03,STK2,111.31394922565173,0.000505905589206268,481.8143191617153,481.8143191617153,0.0,0.0,OW,0.04418657224807987,481.8143191617153,-0.0,21.289723223798546,21.289723223798546,2216.7160915921595
2024-01-03 09:38:00,2024-01-03,STK2,111.24471482179403,0.000505905589206268,481.8143191617153,481.8143191617153,0.0,0.0,OW,-0.06923440385769197,481.8143191617153,-0.0,-33.358127157261094,-33.358127157261094,2183.3579644348983
2024-01-03 09:39:00,2024-01-03,STK2,111.40461060290836,0.000505905589206268,481.8143191617153,481.8143191617153,0.0,0.0,OW,0.15989578111432934,481.8143191617153,-0.0,77.04007691443124,77.04007691443124,2260.3980413493296
2024-01-03 09:40:00,2024-01-03,STK2,111.55660644186266,0.000505905589206268,481.8143191617153,481.8143191617153,0.0,0.0,OW,0.15199583895429214,481.8143191617153,-0.0,73.233771661176,73.233771661176,2333.6318130105055
2024-01-03 09:41:00,2024-01-03,STK2,111.45992819403055,0.000505905589206268,481.8143191617153,481.8143191617153,0.0,0.0,OW,-0.09667824783210222,481.8143191617153,-0.0,-46.5809641569719,-46.5809641569719,2287.050848853534
2024-01-03 09:42:00,2024-01-03,STK2,111.39625270048067,0.000505905589206268,481.8143191617153,481.8143191617153,0.0,0.0,OW,-0.06367549354988,481.8143191617153,-0.0,-30.679764572021625,-30.679764572021625,2256.371084281512
2024-01-03 09:43:00,2024-01-03,STK2,111.3773481554335,0.000505905589206268,481.8143191617153,481.8143191617153,0.0,0.0,OW,-0.01890454504717809,481.8143191617153,-0.0,-9.108480500968088,-9.108480500968088,2247.262603780544
2024-01-03 09:44:00,2024-01-03,STK2,111.3514816175267,0.000505905589206268,481.8143191617153,481.8143191617153,0.0,0.0,OW,-0.025866537906793496,481.8143191617153,-0.0,-12.462868350632409,-12.462868350632409,2234.7997354299114
2024-01-03 09:45:00,2024-01-03,STK2,111.40141435870602,0.000505905589206268,481.8143191617153,481.8143191617153,0.0,0.0,OW,0.049932741179318896,481.8143191617153,-0.0,24.058309695191678,24.058309695191678,2258.858045125103
2024-01-03 09:46:00,2024-01-03,STK2,111.58508762962776,0.000505905589206268,481.8143191617153,481.8143191617153,0.0,0.0,OW,0.18367327092174435,481.8143191617153,-0.0,88.49641197736553,88.49641197736553,2347.3544571024686
2024-01-03 09:47:00,2024-01-03,STK2,111.45674218079746,0.000505905589206268,481.8143191617153,481.8143191617153,0.0,0.0,OW,-0.1283454488303022,481.8143191617153,-0.0,-61.838675045676816,-61.838675045676816,2285.515782056792
2024-01-03 09:48:00,2024-01-03,STK2,111.56159306862763,0.000505905589206268,481.8143191617153,481.8143191617153,0.0,0.0,OW,0.1048508878301675,481.8143191617153,-0.0,50.51865913339353,50.51865913339353,2336.0344411901856
2024-01-03 09:49:00,2024-01-03,STK2,111.66052443044673,0.000505905589206268,481.8143191617153,481.8143191617153,0.0,0.0,OW,0.09893136181909767,481.8143191617153,-0.0,47.66654673860986,47.66654673860986,2383.7009879287953
2024-01-03 09:50:00,2024-01-03,STK2,111.7946317255328,0.000505905589206268,481.8143191617153,481.8143191617153,0.0,0.0,OW,0.13410729508606778,481.8143191617153,-0.0,64.614815076513,64.614815076513,2448.315803005308
2024-01-03 09:51:00,2024-01-03,STK2,111.83218328049763,0.000505905589206268,481.8143191617153,481.8143191617153,0.0,0.0,OW,0.03755155496483553,481.8143191617153,-0.0,18.09287688884596,18.09287688884596,2466.4086798941544
2024-01-03 09:52:00,2024-01-03,STK2,111.87501042677304,0.000505905589206268,481.8143191617153,481.8143191617153,0.0,0.0,OW,0.04282714627541395,481.8143191617153,-0.0,20.634732324327764,20.634732324327764,2487.043412218482
2024-01-03 09:53:00,2024-01-03,STK2,111.925563461991,0.000505905589206268,481.8143191617153,481.8143191617153,0.0,0.0,OW,0.050553035217959064,481.8143191617153,-0.0,24.35717624509916,24.35717624509916,2511.4005884635812
2024-01-03 09:54:00,2024-01-03,STK2,111.7955335556839,0.000505905589206268,481.8143191617153,481.8143191617153,0.0,0.0,OW,-0.13002990630710087,481.8143191617153,-0.0,-62.650270778017436,-62.650270778017436,2448.750317685564
2024-01-03 09:55:00,2024-01-03,STK2,111.74143424277271,0.000505905589206268,481.8143191617153,481.8143191617153,0.0,0.0,OW,-0.05409931291119108,481.8143191617153,-0.0,-26.065823617422122,-26.065823617422122,2422.6844940681417
2024-01-03 09:56:00,2024-01-03,STK2,111.74121971583118,0.000505905589206268,481.8143191617153,481.8143191617153,0.0,0.0,OW,-0.00021452694153367702,481.8143191617153,-0.0,-0.10336215227689369,-0.10336215227689369,2422.5811319158647
2024-01-03 09:57:00,2024-01-03,STK2,111.75586180484488,0.000505905589206268,481.8143191617153,481.8143191617153,0.0,0.0,OW,0.014642089013705117,481.8143191617153,-0.0,7.0547681492435625,7.0547681492435625,2429.635900065108
2024-01-03 09:58:00,2024-01-03,STK2,111.74359979166917,0.000505905589206268,481.8143191617153,481.8143191617153,0.0,0.0,OW,-0.012262013175714515,481.8143191617153,-0.0,-5.908013529808871,-5.908013529808871,2423.727886535299
2024-01-03 09:59:00,2024-01-03,STK2,111.71501585157559,0.000505905589206268,481.8143191617153,481.8143191617153,0.0,0.0,OW,-0.028583940093582783,481.8143191617153,-0.0,-13.772151635148845,-13.772151635148845,2409.95573490015
2024-01-03 10:00:00,2024-01-03,STK2,111.81832823451744,0.000505905589206268,481.8143191617153,481.8143191617153,0.0,0.0,OW,0.10331238294185141,481.8143191617153,-0.0,49.77738544810254,49.77738544810254,2459.7331203482527
2024-01-03 10:01:00,2024-01-03,STK2,111.80645577887779,0.000505905589206268,481.8143191617153,481.8143191617153,0.0,0.0,OW,-0.011872455639647228,481.8143191617153,-0.0,-5.720319130794296,-5.720319130794296,2454.012801217458
2024-01-03 10:02:00,2024-01-03,STK2,111.87544086172134,0.000505905589206268,481.8143191617153,481.8143191617153,0.0,0.0,OW,0.06898508284355387,481.8143191617153,-0.0,33.23800072258143,33.23800072258143,2487.2508019400398
2024-01-03 10:03:00,2024-01-03,STK2,111.99909562280267,0.000505905589206268,481.8143191617153,481.8143191617153,0.0,0.0,OW,0.12365476108132611,481.8143191617153,-0.0,59.57863452150371,59.57863452150371,2546.8294364615435
2024-01-03 10:04:00,2024-01-03,STK2,111.8405229525356,0.000505905589206268,481.8143191617153,481.8143191617153,0.0,0.0,OW,-0.1585726702670769,481.8143191617153,-0.0,-76.40258316238682,-76.40258316238682,2470.426853299157
2024-01-03 10:05:00,2024-01-03,STK2,111.66945791700424,0.000505905589206268,481.8143191617153,481.8143191617153,0.0,0.0,OW,-0.1710650355313561,481.8143191617153,-0.0,-82.42158362691497,-82.42158362691497,2388.005269672242
2024-01-03 10:06:00,2024-01-03,STK2,111.75163030079153,0.000505905589206268,481.8143191617153,481.8143191617153,0.0,0.0,OW,0.08217238378729519,481.8143191617153,-0.0,39.5918311483708,39.5918311483708,2427.5971008206125
2024-01-03 10:07:00,2024-01-03,STK2,111.59481107366645,0.000505905589206268,481.8143191617153,481.8143191617153,0.0,0.0,OW,-0.15681922712508367,481.8143191617153,-0.0,-75.55774914873858,-75.55774914873858,2352.039351671874
2024-01-03 10:08:00,2024-01-03,STK2,111.56104538812069,0.000505905589206268,481.8143191617153,481.8143191617153,0.0,0.0,OW,-0.03376568554575954,481.8143191617153,-0.0,-16.268790792258702,-16.268790792258702,2335.7705608796155
2024-01-03 10:09:00,2024-01-03,STK2,111.72619692105792,0.000505905589206268,481.8143191617153,481.8143191617153,0.0,0.0,OW,0.16515153293723017,481.8143191617153,-0.0,79.57237340066516,79.57237340066516,2415.3429342802806
2024-01-03 10:10:00,2024-01-03,STK2,111.87319201820243,0.000505905589206268,481.8143191617153,481.8143191617153,0.0,0.0,OW,0.14699509714451153,481.8143191617153,-0.0,70.82434265079303,70.82434265079303,2486.1672769310735
2024-01-03 10:11:00,2024-01-03,STK2,111.95901184067756,0.000505905589206268,481.8143191617153,481.8143191617153,0.0,0.0,OW,0.08581982247513054,481.8143191617153,-0.0,41.34921933643429,41.34921933643429,2527.5164962675076
2024-01-03 10:12:00,2024-01-03,STK2,111.97365302719086,0.000505905589206268,481.8143191617153,481.8143191617153,0.0,0.0,OW,0.014641186513301818,481.8143191617153,-0.0,7.054333311626204,7.054333311626204,2534.5708295791337
2024-01-03 10:13:00,2024-01-03,STK2,111.89202187470467,0.000505905589206268,481.8143191617153,481.8143191617153,0.0,0.0,OW,-0.0816311524861959,481.8143191617153,-0.0,-39.33105815752264,-39.33105815752264,2495.2397714216113
2024-01-03 10:14:00,2024-01-03,STK2,111.96297387478528,0.000505905589206268,481.8143191617153,481.8143191617153,0.0,0.0,OW,0.07095200008060942,481.8143191617153,-0.0,34.18568961200079,34.18568961200079,2529.425461033612
2024-01-03 10:15:00,2024-01-03,STK2,112.03802308112353,0.000505905589206268,481.8143191617153,481.8143191617153,0.0,0.0,OW,0.07504920633824952,481.8143191617153,-0.0,36.15978225549078,36.15978225549078,2565.585243289103
2024-01-03 10:16:00,2024-01-03,STK2,112.12278367631795,0.000505905589206268,481.8143191617153,481.8143191617153,0.0,0.0,OW,0.08476059519442458,481.8143191617153,-0.0,40.83886846534344,40.83886846534344,2606.424111754446
2024-01-03 10:17:00,2024-01-03,STK2,112.28461558182765,0.000505905589206268,481.8143191617153,481.8143191617153,0.0,0.0,OW,0.1618319055097004,481.8143191617153,-0.0,77.97292937179934,77.97292937179934,2684.3970411262453
2024-01-03 10:18:00,2024-01-03,STK2,112.09892754555746,0.000505905589206268,481.8143191617153,481.8143191617153,0.0,0.0,OW,-0.18568803627019292,481.8143191617153,-0.0,-89.46715477199889,-89.46715477199889,2594.9298863542463
2024-01-03 10:19:00,2024-01-03,STK2,112.10477627119785,0.000505905589206268,481.8143191617153,481.8143191617153,0.0,0.0,OW,0.0058487256403907395,481.8143191617153,-0.0,2.8179997623885313,2.8179997623885313,2597.7478861166346
2024-01-03 10:20:00,2024-01-03,STK2,112.06702215757765,0.000505905589206268,481.8143191617153,481.8143191617153,0.0,0.0,OW,-0.03775411362019554,481.8143191617153,-0.0,-18.190472549468556,-18.190472549468556,2579.557413567166
2024-01-03 10:21:00,2024-01-03,STK2,112.10244629886735,0.000505905589206268,481.8143191617153,481.8143191617153,0.0,0.0,OW,0.0354241412896954,481.8143191617153,-0.0,17.067858517382994,17.067858517382994,2596.6252720845487
2024-01-03 10:22:00,2024-01-03,STK2,112.17153778504417,0.000505905589206268,481.8143191617153,481.8143191617153,0.0,0.0,OW,0.06909148617681637,481.8143191617153,-0.0,33.289267372153844,33.289267372153844,2629.9145394567026
2024-01-03 10:23:00,2024-01-03,STK2,111.92724666915677,0.000505905589206268,481.8143191617153,481.8143191617153,0.0,0.0,OW,-0.2442911158873926,481.8143191617153,-0.0,-117.70295767853976,-117.70295767853976,2512.211581778163
2024-01-03 10:24:00,2024-01-03,STK2,111.92672811453303,0.000505905589206268,481.8143191617153,481.8143191617153,0.0,0.0,OW,-0.0005185546237385097,481.8143191617153,-0.0,-0.24984704298472948,-0.24984704298472948,2511.961734735178
2024-01-03 10:25:00,2024-01-03,STK2,111.94942636346869,0.000505905589206268,481.8143191617153,481.8143191617153,0.0,0.0,OW,0.02269824893565442,481.8143191617153,-0.0,10.936341357095463,10.936341357095463,2522.8980760922736
2024-01-03 10:26:00,2024-01-03,STK2,112.00375304924408,0.000505905589206268,481.8143191617153,481.8143191617153,0.0,0.0,OW,0.05432668577539346,481.8143191617153,-0.0,26.17537511918364,26.17537511918364,2549.0734512114573
2024-01-03 10:27:00,2024-01-03,STK2,112.11425849552353,0.000505905589206268,481.8143191617153,481.8143191617153,0.0,0.0,OW,0.11050544627944703,481.8143191617153,-0.0,53.24310636279327,53.24310636279327,2602.3165575742505
2024-01-03 10:28:00,2024-01-03,STK2,112.20462295621766,0.000505905589206268,481.8143191617153,481.8143191617153,0.0,0.0,OW,0.09036446069413273,481.8143191617153,-0.0,43.53889110575914,43.53889110575914,2645.8554486800094
2024-01-03 10:29:00,2024-01-03,STK2,112.31395160829848,0.000505905589206268,0.0,0.0,-481.8143191617153,0.2669667938716573,OW,0.10932865208081921,481.8143191617153,54114.47012651417,52.676110067187956,52.409143273316296,2698.2645919533256
2024-01-04 09:30:00,2024-01-04,STK2,112.37077186416296,0.002453370035417457,2336.5403318057865,2336.5403318057865,2336.5403318057865,6.278333830478358,OW,0.05682025586447992,0.0,-262558.8405767637,0.0,-6.278333830478358,2691.986258122847
2024-01-04 09:31:00,2024-01-04,STK2,112.4317601672738,0.002453370035417457,2336.5403318057865,2336.5403318057865,0.0,0.0,OW,0.060988303110832476,2336.5403318057865,-0.0,142.5016299868564,142.5016299868564,2834.4878881097034
2024-01-04 09:32:00,2024-01-04,STK2,112.48096120172364,0.002453370035417457,2336.5403318057865,2336.5403318057865,0.0,0.0,OW,0.04920103444985102,2336.5403318057865,-0.0,114.96020135864285,114.96020135864285,2949.448089468346
2024-01-04 09:33:00,2024-01-04,STK2,112.49329516273494,0.002453370035417457,2336.5403318057865,2336.5403318057865,0.0,0.0,OW,0.012333961011293582,2336.5403318057865,-0.0,28.81879735380754,28.81879735380754,2978.2668868221535
2024-01-04 09:34:00,2024-01-04,STK2,112.33846303699796,0.002453370035417457,2336.5403318057865,2336.5403318057865,0.0,0.0,OW,-0.15483212573697358,2336.5403318057865,-0.0,-361.7715064436635,-361.7715064436635,2616.49538037849
2024-01-04 09:35:00,2024-01-04,STK2,112.38466295571557,0.002453370035417457,2336.5403318057865,2336.5403318057865,0.0,0.0,OW,0.04619991871760476,2336.5403318057865,-0.0,107.9479734098326,107.9479734098326,2724.443353788323
2024-01-04 09:36:00,2024-01-04,STK2,112.43465454476203,0.002453370035417457,2336.5403318057865,2336.5403318057865,0.0,0.0,OW,0.0499915890464564,2336.5403318057865,-0.0,116.80736405810575,116.80736405810575,2841.2507178464284
2024-01-04 09:37:00,2024-01-04,STK2,112.38334308134364,0.002453370035417457,2336.5403318057865,2336.5403318057865,0.0,0.0,OW,-0.05131146341838644,2336.5403318057865,-0.0,-119.89130376103712,-119.89130376103712,2721.359414085391
2024-01-04 09:38:00,2024-01-04,STK2,112.31095027647885,0.002453370035417457,2336.5403318057865,2336.5403318057865,0.0,0.0,OW,-0.0723928048647906,2336.5403318057865,-0.0,-169.1487082991294,-169.1487082991294,2552.2107057862618
2024-01-04 09:39:00,2024-01-04,STK2,112.36206605147254,0.002453370035417457,2336.5403318057865,2336.5403318057865,0.0,0.0,OW,0.05111577499368991,2336.5403318057865,-0.0,119.43406986426615,119.43406986426615,2671.644775650528
2024-01-04 09:40:00,2024-01-04,STK2,112.35337448746346,0.002453370035417457,2336.5403318057865,2336.5403318057865,0.0,0.0,OW,-0.008691564009083663,2336.5403318057865,-0.0,-20.308189853695573,-20.308189853695573,2651.3365857968324
2024-01-04 09:41:00,2024-01-04,STK2,112.32761563736207,0.002453370035417457,2336.5403318057865,2336.5403318057865,0.0,0.0,OW,-0.02575885010138279,2336.5403318057865,-0.0,-60.18659216282047,-60.18659216282047,2591.149993634012
2024-01-04 09:42:00,2024-01-04,STK2,112.22512101940414,0.002453370035417457,2336.5403318057865,2336.5403318057865,0.0,0.0,OW,-0.10249461795793025,2336.5403318057865,-0.0,-239.48280865172967,-239.48280865172967,2351.6671849822824
2024-01-04 09:43:00,2024-01-04,STK2,112.54082828479278,0.002453370035417457,2336.5403318057865,2336.5403318057865,0.0,0.0,OW,0.3157072653886388,2336.5403318057865,-0.0,737.6627586246676,737.6627586246676,3089.32994360695
2024-01-04 09:44:00,2024-01-04,STK2,112.70247413066254,0.002453370035417457,2336.5403318057865,2336.5403318057865,0.0,0.0,OW,0.1616458458697565,2336.5403318057865,-0.0,377.6920383435479,377.6920383435479,3467.0219819504982
2024-01-04 09:45:00,2024-01-04,STK2,112.75123914264358,0.002453370035417457,2336.5403318057865,2336.5403318057865,0.0,0.0,OW,0.04876501198104677,2336.5403318057865,-0.0,113.94141727470817,113.94141727470817,3580.9633992252066
2024-01-04 09:46:00,2024-01-04,STK2,112.76368708458958,0.002453370035417457,2336.5403318057865,2336.5403318057865,0.0,0.0,OW,0.01244794194599308,2336.5403318057865,-0.0,29.08511840478984,29.08511840478984,3610.0485176299962
2024-01-04 09:47:00,2024-01-04,STK2,112.5897564916364,0.002453370035417457,2336.5403318057865,2336.5403318057865,0.0,0.0,OW,-0.1739305929531838,2336.5403318057865,-0.0,-406.3958453700093,-406.3958453700093,3203.652672259987
2024-01-04 09:48:00,2024-01-04,STK2,112.5586072055763,0.002453370035417457,2336.5403318057865,2336.5403318057865,0.0,0.0,OW,-0.031149286060099257,2336.5403318057865,-0.0,-72.78156318637768,-72.78156318637768,3130.871109073609
2024-01-04 09:49:00,2024-01-04,STK2,112.6481192460776,0.002453370035417457,2336.5403318057865,2336.5403318057865,0.0,0.0,OW,0.08951204050130457,2336.5403318057865,-0.0,209.1484928135312,209.1484928135312,3340.01960188714
2024-01-04 09:50:00,2024-01-04,STK2,112.57424012837268,0.002453370035417457,2336.5403318057865,2336.5403318057865,0.0,0.0,OW,-0.0738791177049194,2336.5403318057865,-0.0,-172.6215381957711,-172.6215381957711,3167.3980636913693
2024-01-04 09:51:00,2024-01-04,STK2,112.75215618064351,0.002453370035417457,2336.5403318057865,2336.5403318057865,0.0,0.0,OW,0.17791605227083096,2336.5403318057865,-0.0,415.70803180646305,415.70803180646305,3583.1060954978325
2024-01-04 09:52:00,2024-01-04,STK2,112.86199230397749,0.002453370035417457,2336.5403318057865,2336.5403318057865,0.0,0.0,OW,0.1098361233339773,2336.5403318057865,-0.0,256.6365320590326,256.6365320590326,3839.742627556865
2024-01-04 09:53:00,2024-01-04,STK2,112.93132204606866,0.002453370035417457,2336.5403318057865,2336.5403318057865,0.0,0.0,OW,0.06932974209117049,2336.5403318057865,-0.0,161.9917385897131,161.9917385897131,4001.734366146578
2024-01-04 09:54:00,2024-01-04,STK2,112.99002325266221,0.002453370035417457,2336.5403318057865,2336.5403318057865,0.0,0.0,OW,0.058701206593553934,2336.5403318057865,-0.0,137.15773673150252,137.15773673150252,4138.892102878081
2024-01-04 09:55:00,2024-01-04,STK2,112.83693360453141,0.002453370035417457,2336.5403318057865,2336.5403318057865,0.0,0.0,OW,-0.15308964813080195,2336.5403318057865,-0.0,-357.7001372395751,-357.7001372395751,3781.1919656385053
2024-01-04 09:56:00,2024-01-04,STK2,112.98411980208708,0.002453370035417457,2336.5403318057865,2336.5403318057865,0.0,0.0,OW,0.1471861975556692,2336.5403318057865,-0.0,343.9064868739554,343.9064868739554,4125.09845251246
2024-01-04 09:57:00,2024-01-04,STK2,112.95342908010365,0.002453370035417457,2336.5403318057865,2336.5403318057865,0.0,0.0,OW,-0.030690721983432923,2336.5403318057865,-0.0,-71.71010972652951,-71.71010972652951,4053.388342785931
2024-01-04 09:58:00,2024-01-04,STK2,112.92627413887594,0.002453370035417457,2336.5403318057865,2336.5403318057865,0.0,0.0,OW,-0.027154941227706786,2336.5403318057865,-0.0,-63.44861538635264,-63.44861538635264,3989.9397273995783
2024-01-04 09:59:00,2024-01-04,STK2,113.05436904703501,0.002453370035417457,2336.5403318057865,2336.5403318057865,0.0,0.0,OW,0.12809490815907054,2336.5403318057865,-0.0,299.29891921262646,299.29891921262646,4289.238646612204
2024-01-04 10:00:00,2024-01-04,STK2,113.09417508826574,0.002453370035417457,2336.5403318057865,2336.5403318057865,0.0,0.0,OW,0.03980604123073306,2336.5403318057865,-0.0,93.00842078513183,93.00842078513183,4382.247067397336
2024-01-04 10:01:00,2024-01-04,STK2,113.09452664773113,0.002453370035417457,2336.5403318057865,2336.5403318057865,0.0,0.0,OW,0.00035155946538623084,2336.5403318057865,-0.0,0.8214328699030088,0.8214328699030088,4383.068500267239
2024-01-04 10:02:00,2024-01-04,STK2,113.06785878230278,0.002453370035417457,2336.5403318057865,2336.5403318057865,0.0,0.0,OW,-0.02666786542835098,2336.5403318057865,-0.0,-62.31054313651126,-62.31054313651126,4320.757957130728
2024-01-04 10:03:00,2024-01-04,STK2,113.2683180321929,0.002453370035417457,2336.5403318057865,2336.5403318057865,0.0,0.0,OW,0.2004592498901161,2336.5403318057865,-0.0,468.38112225179094,468.38112225179094,4789.1390793825185
2024-01-04 10:04:00,2024-01-04,STK2,113.2406956986453,0.002453370035417457,2336.5403318057865,2336.5403318057865,0.0,0.0,OW,-0.027622333547597577,2336.5403318057865,-0.0,-64.54069639255376,-64.54069639255376,4724.598382989965
2024-01-04 10:05:00,2024-01-04,STK2,113.21090899925633,0.002453370035417457,2336.5403318057865,2336.5403318057865,0.0,0.0,OW,-0.029786699388964166,2336.5403318057865,-0.0,-69.59782447368956,-69.59782447368956,4655.000558516275
2024-01-04 10:06:00,2024-01-04,STK2,113.36744148803476,0.002453370035417457,2336.5403318057865,2336.5403318057865,0.0,0.0,OW,0.1565324887784243,2336.5403318057865,-0.0,365.7444732687251,365.7444732687251,5020.745031785001
2024-01-04 10:07:00,2024-01-04,STK2,113.37443700035055,0.002453370035417457,2336.5403318057865,2336.5403318057865,0.0,0.0,OW,0.006995512315796759,2336.5403318057865,-0.0,16.345296667503227,16.345296667503227,5037.090328452504
2024-01-04 10:08:00,2024-01-04,STK2,113.3643702000382,0.002453370035417457,2336.5403318057865,2336.5403318057865,0.0,0.0,OW,-0.010066800312358737,2336.5403318057865,-0.0,-23.521484942061278,-23.521484942061278,5013.568843510443
2024-01-04 10:09:00,2024-01-04,STK2,113.10171373903361,0.002453370035417457,2336.5403318057865,2336.5403318057865,0.0,0.0,OW,-0.26265646100458184,2336.5403318057865,-0.0,-613.7074145465793,-613.7074145465793,4399.861428963864
2024-01-04 10:10:00,2024-01-04,STK2,113.0402968686244,0.002453370035417457,2336.5403318057865,2336.5403318057865,0.0,0.0,OW,-0.06141687040921795,2336.5403318057865,-0.0,-143.50299476442711,-143.50299476442711,4256.3584341994365
2024-01-04 10:11:00,2024-01-04,STK2,113.09378743778825,0.002453370035417457,2336.5403318057865,2336.5403318057865,0.0,0.0,OW,0.05349056916385564,2336.5403318057865,-0.0,124.98287222259563,124.98287222259563,4381.341306422032
2024-01-04 10:12:00,2024-01-04,STK2,113.20909368969764,0.002453370035417457,2336.5403318057865,2336.5403318057865,0.0,0.0,OW,0.11530625190938792,2336.5403318057865,-0.0,269.41770809564287,269.41770809564287,4650.759014517675
2024-01-04 10:13:00,2024-01-04,STK2,113.31812775382589,0.002453370035417457,2336.5403318057865,2336.5403318057865,0.0,0.0,OW,0.10903406412825234,2336.5403318057865,-0.0,254.76248837636012,254.76248837636012,4905.521502894035
2024-01-04 10:14:00,2024-01-04,STK2,113.25451940763979,0.002453370035417457,2336.5403318057865,2336.5403318057865,0.0,0.0,OW,-0.06360834618610056,2336.5403318057865,-0.0,-148.62346630328875,-148.62346630328875,4756.898036590746
2024-01-04 10:15:00,2024-01-04,STK2,113.25467115144171,0.002453370035417457,2336.5403318057865,2336.5403318057865,0.0,0.0,OW,0.00015174380192206627,2336.5403318057865,-0.0,0.35455551329245627,0.35455551329245627,4757.252592104039
2024-01-04 10:16:00,2024-01-04,STK2,112.97743830439155,0.002453370035417457,2336.5403318057865,2336.5403318057865,0.0,0.0,OW,-0.2772328470501577,2336.5403318057865,-0.0,-647.7657284340384,-647.7657284340384,4109.48686367
2024-01-04 10:17:00,2024-01-04,STK2,112.93640550024516,0.002453370035417457,2336.5403318057865,2336.5403318057865,0.0,0.0,OW,-0.041032804146396984,2336.5403318057865,-0.0,-95.87480181514427,-95.87480181514427,4013.612061854856
2024-01-04 10:18:00,2024-01-04,STK2,112.76630179271466,0.002453370035417457,2336.5403318057865,2336.5403318057865,0.0,0.0,OW,-0.17010370753050097,2336.5403318057865,-0.0,-397.4541732347112,-397.4541732347112,3616.157888620145
2024-01-04 10:19:00,2024-01-04,STK2,113.04375719267867,0.002453370035417457,2336.5403318057865,2336.5403318057865,0.0,0.0,OW,0.2774553999640119,2336.5403318057865,-0.0,648.2857322932197,648.2857322932197,4264.443620913365
2024-01-04 10:20:00,2024-01-04,STK2,112.99722107274931,0.002453370035417457,2336.5403318057865,2336.5403318057865,0.0,0.0,OW,-0.0465361199293568,2336.5403318057865,-0.0,-108.73352110069321,-108.73352110069321,4155.710099812672
2024-01-04 10:21:00,2024-01-04,STK2,112.7818132171084,0.002453370035417457,2336.5403318057865,2336.5403318057865,0.0,0.0,OW,-0.2154078556409189,2336.5403318057865,-0.0,-503.3091424928056,-503.3091424928056,3652.400957319866
2024-01-04 10:22:00,2024-01-04,STK2,112.66932979135397,0.002453370035417457,2336.5403318057865,2336.5403318057865,0.0,0.0,OW,-0.11248342575441939,2336.5403318057865,-0.0,-262.82206093488264,-262.82206093488264,3389.578896384983
2024-01-04 10:23:00,2024-01-04,STK2,112.58351133970434,0.002453370035417457,2336.5403318057865,2336.5403318057865,0.0,0.0,OW,-0.08581845164962942,2336.5403318057865,-0.0,-200.51827349248398,-200.51827349248398,3189.0606228924994
2024-01-04 10:24:00,2024-01-04,STK2,112.62474805228828,0.002453370035417457,2336.5403318057865,2336.5403318057865,0.0,0.0,OW,0.04123671258393813,2336.5403318057865,-0.0,96.35124210345465,96.35124210345465,3285.411864995954
2024-01-04 10:25:00,2024-01-04,STK2,112.72104796452693,0.002453370035417457,2336.5403318057865,2336.5403318057865,0.0,0.0,OW,0.0962999122386492,2336.5403318057865,-0.0,225.00862889496153,225.00862889496153,3510.4204938909156
2024-01-04 10:26:00,2024-01-04,STK2,112.79240694954167,0.002453370035417457,2336.5403318057865,2336.5403318057865,0.0,0.0,OW,0.07135898501474003,2336.5403318057865,-0.0,166.73314652366483,166.73314652366483,3677.1536404145804
2024-01-04 10:27:00,2024-01-04,STK2,112.75674788732395,0.002453370035417457,2336.5403318057865,2336.5403318057865,0.0,0.0,OW,-0.035659062217717974,2336.5403318057865,-0.0,-83.31883706606995,-83.31883706606995,3593.8348033485104
2024-01-04 10:28:00,2024-01-04,STK2,112.82588505737493,0.002453370035417457,2336.5403318057865,2336.5403318057865,0.0,0.0,OW,0.06913717005097908,2336.5403318057865,-0.0,161.54178625102776,161.54178625102776,3755.376589599538
2024-01-04 10:29:00,2024-01-04,STK2,112.93961563458664,0.002453370035417457,0.0,0.0,-2336.5403318057865,6.278333830478358,OW,0.11373057721171165,2336.5403318057865,263887.9669888551,265.73608061471634,259.457746784238,4014.8343363837757
2024-01-05 09:30:00,2024-01-05,STK2,113.2166983033961,0.0014844899607138196,1413.798414138708,1413.798414138708,1413.798414138708,2.298649849194294,OW,0.27708266880945587,0.0,-160065.58851536197,0.0,-2.298649849194294,4012.5356865345816
2024-01-05 09:31:00,2024-01-05,STK2,113.11184786488448,0.0014844899607138196,1413.798414138708,1413.798414138708,0.0,0.0,OW,-0.1048504385116189,1413.798414138708,-0.0,-148.23738368947494,-148.23738368947494,3864.2983028451067
2024-01-05 09:32:00,2024-01-05,STK2,112.99220705762951,0.0014844899607138196,1413.798414138708,1413.798414138708,0.0,0.0,OW,-0.11964080725496729,1413.798414138708,-0.0,-169.1479835633476,-169.1479835633476,3695.150319281759
2024-01-05 09:33:00,2024-01-05,STK2,113.0396993790697,0.0014844899607138196,1413.798414138708,1413.798414138708,0.0,0.0,OW,0.047492321440188334,1413.798414138708,-0.0,67.14456873590403,67.14456873590403,3762.294888017663
2024-01-05 09:34:00,2024-01-05,STK2,112.96618377887246,0.0014844899607138196,1413.798414138708,1413.798414138708,0.0,0.0,OW,-0.0735156001972399,1413.798414138708,-0.0,-103.93623897331307,-103.93623897331307,3658.35864904435
2024-01-05 09:35:00,2024-01-05,STK2,112.8668726114918,0.0014844899607138196,1413.798414138708,1413.798414138708,0.0,0.0,OW,-0.09931116738066237,1413.798414138708,-0.0,-140.40597094904425,-140.40597094904425,3517.9526780953056
2024-01-05 09:36:00,2024-01-05,STK2,112.90045675124279,0.0014844899607138196,1413.798414138708,1413.798414138708,0.0,0.0,OW,0.03358413975098529,1413.798414138708,-0.0,47.481203520155745,47.481203520155745,3565.4338816154614
2024-01-05 09:37:00,2024-01-05,STK2,112.879464109374,0.0014844899607138196,1413.798414138708,1413.798414138708,0.0,0.0,OW,-0.020992641868787132,1413.798414138708,-0.0,-29.679363782673093,-29.679363782673093,3535.754517832788
2024-01-05 09:38:00,2024-01-05,STK2,112.58053720219971,0.0014844899607138196,1413.798414138708,1413.798414138708,0.0,0.0,OW,-0.29892690717429105,1413.798414138708,-0.0,-422.6223873064015,-422.6223873064015,3113.132130526387
2024-01-05 09:39:00,2024-01-05,STK2,112.32754003706077,0.0014844899607138196,1413.798414138708,1413.798414138708,0.0,0.0,OW,-0.252997165138936,1413.798414138708,-0.0,-357.6869908550165,-357.6869908550165,2755.4451396713703
2024-01-05 09:40:00,2024-01-05,STK2,112.47646768866578,0.0014844899607138196,1413.798414138708,1413.798414138708,0.0,0.0,OW,0.14892765160500687,1413.798414138708,-0.0,210.55367766056074,210.55367766056074,2965.998817331931
2024-01-05 09:41:00,2024-01-05,STK2,112.5227030575119,0.0014844899607138196,1413.798414138708,1413.798414138708,0.0,0.0,OW,0.046235368846126335,1413.798414138708,-0.0,65.36749115177165,65.36749115177165,3031.3663084837026
2024-01-05 09:42:00,2024-01-05,STK2,112.42137734129362,0.0014844899607138196,1413.798414138708,1413.798414138708,0.0,0.0,OW,-0.1013257162182839,1413.798414138708,-0.0,-143.25413690087854,-143.25413690087854,2888.112171582824
2024-01-05 09:43:00,2024-01-05,STK2,112.35656854616455,0.0014844899607138196,1413.798414138708,1413.798414138708,0.0,0.0,OW,-0.06480879512906768,1413.798414138708,-0.0,-91.6265717757163,-91.6265717757163,2796.4855998071075
2024-01-05 09:44:00,2024-01-05,STK2,112.42020147226287,0.0014844899607138196,1413.798414138708,1413.798414138708,0.0,0.0,OW,0.06363292609832172,1413.798414138708,-0.0,89.96413000481286,89.96413000481286,2886.4497298119204
2024-01-05 09:45:00,2024-01-05,STK2,112.28716031107142,0.0014844899607138196,1413.798414138708,1413.798414138708,0.0,0.0,OW,-0.13304116119145704,1413.798414138708,-0.0,-188.0933827076542,-188.0933827076542,2698.356347104266
2024-01-05 09:46:00,2024-01-05,STK2,112.03089717044642,0.0014844899607138196,1413.798414138708,1413.798414138708,0.0,0.0,OW,-0.2562631406249949,1413.798414138708,-0.0,-362.3044218178225,-362.3044218178225,2336.0519252864437
2024-01-05 09:47:00,2024-01-05,STK2,111.94214496448275,0.0014844899607138196,1413.798414138708,1413.798414138708,0.0,0.0,OW,-0.08875220596367228,1413.798414138708,-0.0,-125.47772804275186,-125.47772804275186,2210.5741972436917
2024-01-05 09:48:00,2024-01-05,STK2,112.00603032683946,0.0014844899607138196,1413.798414138708,1413.798414138708,0.0,0.0,OW,0.06388536235671438,1413.798414138708,-0.0,90.32102398659951,90.32102398659951,2300.895221230291
2024-01-05 09:49:00,2024-01-05,STK2,112.14915124254173,0.0014844899607138196,1413.798414138708,1413.798414138708,0.0,0.0,OW,0.14312091570226926,1413.798414138708,-0.0,202.344123649948,202.344123649948,2503.239344880239
2024-01-05 09:50:00,2024-01-05,STK2,112.33812303750295,0.0014844899607138196,1413.798414138708,1413.798414138708,0.0,0.0,OW,0.18897179496121908,1413.798414138708,-0.0,267.16802403311664,267.16802403311664,2770.4073689133556
2024-01-05 09:51:00,2024-01-05,STK2,112.34576078709466,0.0014844899607138196,1413.798414138708,1413.798414138708,0.0,0.0,OW,0.007637749591708598,1413.798414138708,-0.0,10.798238260346182,10.798238260346182,2781.205607173702
2024-01-05 09:52:00,2024-01-05,STK2,112.14285715749133,0.0014844899607138196,1413.798414138708,1413.798414138708,0.0,0.0,OW,-0.20290362960332686,1413.798414138708,-0.0,-286.86482975617133,-286.86482975617133,2494.3407774175307
2024-01-05 09:53:00,2024-01-05,STK2,112.25138533867619,0.0014844899607138196,1413.798414138708,1413.798414138708,0.0,0.0,OW,0.10852818118485175,1413.798414138708,-0.0,153.43697044850177,153.43697044850177,2647.7777478660323
2024-01-05 09:54:00,2024-01-05,STK2,112.16196661025192,0.0014844899607138196,1413.798414138708,1413.798414138708,0.0,0.0,OW,-0.08941872842426335,1413.798414138708,-0.0,-126.42005644052334,-126.42005644052334,2521.357691425509
2024-01-05 09:55:00,2024-01-05,STK2,112.09149667389433,0.0014844899607138196,1413.798414138708,1413.798414138708,0.0,0.0,OW,-0.07046993635759691,1413.798414138708,-0.0,-99.6302842668262,-99.6302842668262,2421.727407158683
2024-01-05 09:56:00,2024-01-05,STK2,112.08717694568304,0.0014844899607138196,1413.798414138708,1413.798414138708,0.0,0.0,OW,-0.004319728211285678,1413.798414138708,-0.0,-6.10722489462593,-6.10722489462593,2415.620182264057
2024-01-05 09:57:00,2024-01-05,STK2,112.19924572188258,0.0014844899607138196,1413.798414138708,1413.798414138708,0.0,0.0,OW,0.11206877619953559,1413.798414138708,-0.0,158.44265806536922,158.44265806536922,2574.0628403294263
2024-01-05 09:58:00,2024-01-05,STK2,112.28856694955867,0.0014844899607138196,1413.798414138708,1413.798414138708,0.0,0.0,OW,0.08932122767609485,1413.798414138708,-0.0,126.28221003738538,126.28221003738538,2700.345050366812
2024-01-05 09:59:00,2024-01-05,STK2,112.27559849485331,0.0014844899607138196,1413.798414138708,1413.798414138708,0.0,0.0,OW,-0.012968454705358567,1413.798414138708,-0.0,-18.334780696265607,-18.334780696265607,2682.010269670546
2024-01-05 10:00:00,2024-01-05,STK2,112.34995870894686,0.0014844899607138196,1413.798414138708,1413.798414138708,0.0,0.0,OW,0.0743602140935451,1413.798414138708,-0.0,105.13035276046887,105.13035276046887,2787.140622431015
2024-01-05 10:01:00,2024-01-05,STK2,112.5227695048118,0.0014844899607138196,1413.798414138708,1413.798414138708,0.0,0.0,OW,0.1728107958649474,1413.798414138708,-0.0,244.31962913991066,244.31962913991066,3031.4602515709257
2024-01-05 10:02:00,2024-01-05,STK2,112.48058759833395,0.0014844899607138196,1413.798414138708,1413.798414138708,0.0,0.0,OW,-0.04218190647785036,1413.798414138708,-0.0,-59.63671248373214,-59.63671248373214,2971.8235390871937
2024-01-05 10:03:00,2024-01-05,STK2,112.48321464869174,0.0014844899607138196,1413.798414138708,1413.798414138708,0.0,0.0,OW,0.0026270503577876525,1413.798414138708,-0.0,3.714119629702709,3.714119629702709,2975.537658716896
2024-01-05 10:04:00,2024-01-05,STK2,112.66559305805366,0.0014844899607138196,1413.798414138708,1413.798414138708,0.0,0.0,OW,0.18237840936191674,1413.798414138708,-0.0,257.846305929018,257.846305929018,3233.383964645914
2024-01-05 10:05:00,2024-01-05,STK2,112.80015309303944,0.0014844899607138196,1413.798414138708,1413.798414138708,0.0,0.0,OW,0.13456003498578184,1413.798414138708,-0.0,190.24076406934745,190.24076406934745,3423.6247287152614
2024-01-05 10:06:00,2024-01-05,STK2,112.57319065153955,0.0014844899607138196,1413.798414138708,1413.798414138708,0.0,0.0,OW,-0.22696244149989298,1413.798414138708,-0.0,-320.879139861598,-320.879139861598,3102.7455888536633
2024-01-05 10:07:00,2024-01-05,STK2,112.60138772142531,0.0014844899607138196,1413.798414138708,1413.798414138708,0.0,0.0,OW,0.028197069885763426,1413.798414138708,-0.0,39.86497268785065,39.86497268785065,3142.610561541514
2024-01-05 10:08:00,2024-01-05,STK2,112.59877160373283,0.0014844899607138196,1413.798414138708,1413.798414138708,0.0,0.0,OW,-0.0026161176924830443,1413.798414138708,-0.0,-3.6986630448327444,-3.6986630448327444,3138.9118984966813
2024-01-05 10:09:00,2024-01-05,STK2,112.61788197378058,0.0014844899607138196,1413.798414138708,1413.798414138708,0.0,0.0,OW,0.01911037004775551,1413.798414138708,-0.0,27.018210867120604,27.018210867120604,3165.930109363802
2024-01-05 10:10:00,2024-01-05,STK2,112.57345478037729,0.0014844899607138196,1413.798414138708,1413.798414138708,0.0,0.0,OW,-0.04442719340329404,1413.798414138708,-0.0,-62.81109557821079,-62.81109557821079,3103.119013785591
2024-01-05 10:11:00,2024-01-05,STK2,112.66867398229873,0.0014844899607138196,1413.798414138708,1413.798414138708,0.0,0.0,OW,0.09521920192143796,1413.798414138708,-0.0,134.6207566720824,134.6207566720824,3237.7397704576733
2024-01-05 10:12:00,2024-01-05,STK2,112.59417765737273,0.0014844899607138196,1413.798414138708,1413.798414138708,0.0,0.0,OW,-0.07449632492600244,1413.798414138708,-0.0,-105.32278603954416,-105.32278603954416,3132.4169844181292
2024-01-05 10:13:00,2024-01-05,STK2,112.60019953819307,0.0014844899607138196,1413.798414138708,1413.798414138708,0.0,0.0,OW,0.006021880820341607,1413.798414138708,-0.0,8.513725553931266,8.513725553931266,3140.9307099720604
2024-01-05 10:14:00,2024-01-05,STK2,112.31386518055434,0.0014844899607138196,1413.798414138708,1413.798414138708,0.0,0.0,OW,-0.2863343576387223,1413.798414138708,-0.0,-404.81906074305124,-404.81906074305124,2736.1116492290093
2024-01-05 10:15:00,2024-01-05,STK2,112.28566641887426,0.0014844899607138196,1413.798414138708,1413.798414138708,0.0,0.0,OW,-0.028198761680087614,1413.798414138708,-0.0,-39.867364543983236,-39.867364543983236,2696.2442846850263
2024-01-05 10:16:00,2024-01-05,STK2,112.17383861232842,0.0014844899607138196,1413.798414138708,1413.798414138708,0.0,0.0,OW,-0.11182780654583269,1413.798414138708,-0.0,-158.1019755511085,-158.1019755511085,2538.142309133918
2024-01-05 10:17:00,2024-01-05,STK2,112.1348623501491,0.0014844899607138196,1413.798414138708,1413.798414138708,0.0,0.0,OW,-0.038976262179318155,1413.798414138708,-0.0,-55.10457765817451,-55.10457765817451,2483.0377314757434
2024-01-05 10:18:00,2024-01-05,STK2,112.22511903422325,0.0014844899607138196,1413.798414138708,1413.798414138708,0.0,0.0,OW,0.09025668407414855,1413.798414138708,-0.0,127.60475680944961,127.60475680944961,2610.642488285193
2024-01-05 10:19:00,2024-01-05,STK2,112.2885958421935,0.0014844899607138196,1413.798414138708,1413.798414138708,0.0,0.0,OW,0.0634768079702468,1413.798414138708,-0.0,89.74341044292223,89.74341044292223,2700.385898728115
2024-01-05 10:20:00,2024-01-05,STK2,112.26581008847148,0.0014844899607138196,1413.798414138708,1413.798414138708,0.0,0.0,OW,-0.022785753722018853,1413.798414138708,-0.0,-32.21446247714542,-32.21446247714542,2668.1714362509697
2024-01-05 10:21:00,2024-01-05,STK2,112.39953240813516,0.0014844899607138196,1413.798414138708,1413.798414138708,0.0,0.0,OW,0.13372231966367565,1413.798414138708,-0.0,189.056403475454,189.056403475454,2857.2278397264236
2024-01-05 10:22:00,2024-01-05,STK2,112.33652157074162,0.0014844899607138196,1413.798414138708,1413.798414138708,0.0,0.0,OW,-0.0630108373935343,1413.798414138708,-0.0,-89.0846219805308,-89.0846219805308,2768.143217745893
2024-01-05 10:23:00,2024-01-05,STK2,112.36222373986205,0.0014844899607138196,1413.798414138708,1413.798414138708,0.0,0.0,OW,0.02570216912042156,1413.798414138708,-0.0,36.33768594237687,36.33768594237687,2804.48090368827
2024-01-05 10:24:00,2024-01-05,STK2,112.39514325706344,0.0014844899607138196,1413.798414138708,1413.798414138708,0.0,0.0,OW,0.03291951720139252,1413.798414138708,-0.0,46.54156121354067,46.54156121354067,2851.0224649018105
2024-01-05 10:25:00,2024-01-05,STK2,112.4785746523399,0.0014844899607138196,1413.798414138708,1413.798414138708,0.0,0.0,OW,0.08343139527646315,1413.798414138708,-0.0,117.9551743312433,117.9551743312433,2968.9776392330537
2024-01-05 10:26:00,2024-01-05,STK2,112.35775144299092,0.0014844899607138196,1413.798414138708,1413.798414138708,0.0,0.0,OW,-0.12082320934898405,1413.798414138708,-0.0,-170.81966176874278,-170.81966176874278,2798.157977464311
2024-01-05 10:27:00,2024-01-05,STK2,112.40404917963819,0.0014844899607138196,1413.798414138708,1413.798414138708,0.0,0.0,OW,0.046297736647275656,1413.798414138708,-0.0,65.45566665012987,65.45566665012987,2863.613644114441
2024-01-05 10:28:00,2024-01-05,STK2,112.45672874981237,0.0014844899607138196,1413.798414138708,1413.798414138708,0.0,0.0,OW,0.05267957017417757,1413.798414138708,-0.0,74.47829276976103,74.47829276976103,2938.091936884202
2024-01-05 10:29:00,2024-01-05,STK2,112.43268755876741,0.0014844899607138196,0.0,0.0,-1413.798414138708,2.298649849194294,OW,-0.024041191044958055,1413.798414138708,158957.15536793822,-33.98939777336741,-36.2880476225617,2901.80388926164
2024-01-06 09:30:00,2024-01-06,STK2,112.59959275470447,0.0,0.0,0.0,0.0,0.0,OW,0.166905195937062,0.0,-0.0,0.0,0.0,2901.80388926164
2024-01-06 09:31:00,2024-01-06,STK2,112.85998090824806,0.0,0.0,0.0,0.0,0.0,OW,0.26038815354358746,0.0,-0.0,0.0,0.0,2901.80388926164
2024-01-06 09:32:00,2024-01-06,STK2,112.7773654468228,0.0,0.0,0.0,0.0,0.0,OW,-0.08261546142526299,0.0,-0.0,-0.0,-0.0,2901.80388926164
2024-01-06 09:33:00,2024-01-06,STK2,112.74884974923408,0.0,0.0,0.0,0.0,0.0,OW,-0.028515697588716193,0.0,-0.0,-0.0,-0.0,2901.80388926164
2024-01-06 09:34:00,2024-01-06,STK2,112.60328555562491,0.0,0.0,0.0,0.0,0.0,OW,-0.14556419360917516,0.0,-0.0,-0.0,-0.0,2901.80388926164
2024-01-06 09:35:00,2024-01-06,STK2,112.81889671354497,0.0,0.0,0.0,0.0,0.0,OW,0.21561115792006547,0.0,-0.0,0.0,0.0,2901.80388926164
2024-01-06 09:36:00,2024-01-06,STK2,112.77646086200684,0.0,0.0,0.0,0.0,0.0,OW,-0.04243585153813001,0.0,-0.0,-0.0,-0.0,2901.80388926164
2024-01-06 09:37:00,2024-01-06,STK2,112.74782348655178,0.0,0.0,0.0,0.0,0.0,OW,-0.028637375455062397,0.0,-0.0,-0.0,-0.0,2901.80388926164
2024-01-06 09:38:00,2024-01-06,STK2,112.8511829546684,0.0,0.0,0.0,0.0,0.0,OW,0.10335946811662211,0.0,-0.0,0.0,0.0,2901.80388926164
2024-01-06 09:39:00,2024-01-06,STK2,112.80834301454279,0.0,0.0,0.0,0.0,0.0,OW,-0.042839940125617204,0.0,-0.0,-0.0,-0.0,2901.80388926164
2024-01-06 09:40:00,2024-01-06,STK2,112.68128098792799,0.0,0.0,0.0,0.0,0.0,OW,-0.12706202661479438,0.0,-0.0,-0.0,-0.0,2901.80388926164
2024-01-06 09:41:00,2024-01-06,STK2,112.7894607734409,0.0,0.0,0.0,0.0,0.0,OW,0.10817978551290253,0.0,-0.0,0.0,0.0,2901.80388926164
2024-01-06 09:42:00,2024-01-06,STK2,112.88301567077121,0.0,0.0,0.0,0.0,0.0,OW,0.0935548973303213,0.0,-0.0,0.0,0.0,2901.80388926164
2024-01-06 09:43:00,2024-01-06,STK2,112.88027294213896,0.0,0.0,0.0,0.0,0.0,OW,-0.0027427286322563305,0.0,-0.0,-0.0,-0.0,2901.80388926164
2024-01-06 09:44:00,2024-01-06,STK2,112.94306032646254,0.0,0.0,0.0,0.0,0.0,OW,0.06278738432358466,0.0,-0.0,0.0,0.0,2901.80388926164
2024-01-06 09:45:00,2024-01-06,STK2,113.10961719674603,0.0,0.0,0.0,0.0,0.0,OW,0.1665568702834861,0.0,-0.0,0.0,0.0,2901.80388926164
2024-01-06 09:46:00,2024-01-06,STK2,112.78579014523933,0.0,0.0,0.0,0.0,0.0,OW,-0.3238270515066972,0.0,-0.0,-0.0,-0.0,2901.80388926164
2024-01-06 09:47:00,2024-01-06,STK2,112.58835133993541,0.0,0.0,0.0,0.0,0.0,OW,-0.19743880530391777,0.0,-0.0,-0.0,-0.0,2901.80388926164
2024-01-06 09:48:00,2024-01-06,STK2,112.72903474021707,0.0,0.0,0.0,0.0,0.0,OW,0.1406834002816595,0.0,-0.0,0.0,0.0,2901.80388926164
2024-01-06 09:49:00,2024-01-06,STK2,112.62584210396109,0.0,0.0,0.0,0.0,0.0,OW,-0.10319263625598296,0.0,-0.0,-0.0,-0.0,2901.80388926164
2024-01-06 09:50:00,2024-01-06,STK2,112.79235778044104,0.0,0.0,0.0,0.0,0.0,OW,0.16651567647994625,0.0,-0.0,0.0,0.0,2901.80388926164
2024-01-06 09:51:00,2024-01-06,STK2,112.58149602290634,0.0,0.0,0.0,0.0,0.0,OW,-0.21086175753470116,0.0,-0.0,-0.0,-0.0,2901.80388926164
2024-01-06 09:52:00,2024-01-06,STK2,112.64936398523606,0.0,0.0,0.0,0.0,0.0,OW,0.06786796232972847,0.0,-0.0,0.0,0.0,2901.80388926164
2024-01-06 09:53:00,2024-01-06,STK2,112.49066062106064,0.0,0.0,0.0,0.0,0.0,OW,-0.1587033641754232,0.0,-0.0,-0.0,-0.0,2901.80388926164
2024-01-06 09:54:00,2024-01-06,STK2,112.45422126285128,0.0,0.0,0.0,0.0,0.0,OW,-0.03643935820936406,0.0,-0.0,-0.0,-0.0,2901.80388926164
2024-01-06 09:55:00,2024-01-06,STK2,112.38894351517229,0.0,0.0,0.0,0.0,0.0,OW,-0.06527774767899075,0.0,-0.0,-0.0,-0.0,2901.80388926164
2024-01-06 09:56:00,2024-01-06,STK2,112.41770829608906,0.0,0.0,0.0,0.0,0.0,OW,0.028764780916773702,0.0,-0.0,0.0,0.0,2901.80388926164
2024-01-06 09:57:00,2024-01-06,STK2,112.47541584923447,0.0,0.0,0.0,0.0,0.0,OW,0.057707553145405655,0.0,-0.0,0.0,0.0,2901.80388926164
2024-01-06 09:58:00,2024-01-06,STK2,112.72648567049633,0.0,0.0,0.0,0.0,0.0,OW,0.25106982126186494,0.0,-0.0,0.0,0.0,2901.80388926164
2024-01-06 09:59:00,2024-01-06,STK2,112.88079058349777,0.0,0.0,0.0,0.0,0.0,OW,0.15430491300143956,0.0,-0.0,0.0,0.0,2901.80388926164
2024-01-06 10:00:00,2024-01-06,STK2,113.1327134492516,0.0,0.0,0.0,0.0,0.0,OW,0.2519228657538264,0.0,-0.0,0.0,0.0,2901.80388926164
2024-01-06 10:01:00,2024-01-06,STK2,113.13588371972536,0.0,0.0,0.0,0.0,0.0,OW,0.0031702704737597287,0.0,-0.0,0.0,0.0,2901.80388926164
2024-01-06 10:02:00,2024-01-06,STK2,113.11219454746698,0.0,0.0,0.0,0.0,0.0,OW,-0.023689172258372082,0.0,-0.0,-0.0,-0.0,2901.80388926164
2024-01-06 10:03:00,2024-01-06,STK2,113.13270525593728,0.0,0.0,0.0,0.0,0.0,OW,0.020510708470297345,0.0,-0.0,0.0,0.0,2901.80388926164
2024-01-06 10:04:00,2024-01-06,STK2,113.22601337737636,0.0,0.0,0.0,0.0,0.0,OW,0.09330812143907963,0.0,-0.0,0.0,0.0,2901.80388926164
2024-01-06 10:05:00,2024-01-06,STK2,113.31045471809213,0.0,0.0,0.0,0.0,0.0,OW,0.08444134071577025,0.0,-0.0,0.0,0.0,2901.80388926164
2024-01-06 10:06:00,2024-01-06,STK2,113.20523941264278,0.0,0.0,0.0,0.0,0.0,OW,-0.10521530544934876,0.0,-0.0,-0.0,-0.0,2901.80388926164
2024-01-06 10:07:00,2024-01-06,STK2,113.2320664151263,0.0,0.0,0.0,0.0,0.0,OW,0.02682700248351466,0.0,-0.0,0.0,0.0,2901.80388926164
2024-01-06 10:08:00,2024-01-06,STK2,113.18225665678932,0.0,0.0,0.0,0.0,0.0,OW,-0.049809758336976984,0.0,-0.0,-0.0,-0.0,2901.80388926164
2024-01-06 10:09:00,2024-01-06,STK2,113.30918705215292,0.0,0.0,0.0,0.0,0.0,OW,0.12693039536360118,0.0,-0.0,0.0,0.0,2901.80388926164
2024-01-06 10:10:00,2024-01-06,STK2,113.35005276948198,0.0,0.0,0.0,0.0,0.0,OW,0.040865717329054974,0.0,-0.0,0.0,0.0,2901.80388926164
2024-01-06 10:11:00,2024-01-06,STK2,113.33372840222295,0.0,0.0,0.0,0.0,0.0,OW,-0.01632436725903119,0.0,-0.0,-0.0,-0.0,2901.80388926164
2024-01-06 10:12:00,2024-01-06,STK2,113.59762446058262,0.0,0.0,0.0,0.0,0.0,OW,0.263896058359677,0.0,-0.0,0.0,0.0,2901.80388926164
2024-01-06 10:13:00,2024-01-06,STK2,113.5302560409281,0.0,0.0,0.0,0.0,0.0,OW,-0.06736841965452811,0.0,-0.0,-0.0,-0.0,2901.80388926164
2024-01-06 10:14:00,2024-01-06,STK2,113.58815968086019,0.0,0.0,0.0,0.0,0.0,OW,0.05790363993209269,0.0,-0.0,0.0,0.0,2901.80388926164
2024-01-06 10:15:00,2024-01-06,STK2,113.7549364149779,0.0,0.0,0.0,0.0,0.0,OW,0.1667767341177182,0.0,-0.0,0.0,0.0,2901.80388926164
2024-01-06 10:16:00,2024-01-06,STK2,114.0168270310302,0.0,0.0,0.0,0.0,0.0,OW,0.26189061605229824,0.0,-0.0,0.0,0.0,2901.80388926164
2024-01-06 10:17:00,2024-01-06,STK2,114.05757473738414,0.0,0.0,0.0,0.0,0.0,OW,0.040747706353940316,0.0,-0.0,0.0,0.0,2901.80388926164
2024-01-06 10:18:00,2024-01-06,STK2,113.9749572945911,0.0,0.0,0.0,0.0,0.0,OW,-0.08261744279303684,0.0,-0.0,-0.0,-0.0,2901.80388926164
2024-01-06 10:19:00,2024-01-06,STK2,114.08768331684192,0.0,0.0,0.0,0.0,0.0,OW,0.1127260222508113,0.0,-0.0,0.0,0.0,2901.80388926164
2024-01-06 10:20:00,2024-01-06,STK2,113.94101603753879,0.0,0.0,0.0,0.0,0.0,OW,-0.14666727930313073,0.0,-0.0,-0.0,-0.0,2901.80388926164
2024-01-06 10:21:00,2024-01-06,STK2,113.73978927685022,0.0,0.0,0.0,0.0,0.0,OW,-0.20122676068857004,0.0,-0.0,-0.0,-0.0,2901.80388926164
2024-01-06 10:22:00,2024-01-06,STK2,113.86782354401484,0.0,0.0,0.0,0.0,0.0,OW,0.1280342671646224,0.0,-0.0,0.0,0.0,2901.80388926164
2024-01-06 10:23:00,2024-01-06,STK2,113.84610413724617,0.0,0.0,0.0,0.0,0.0,OW,-0.02171940676866768,0.0,-0.0,-0.0,-0.0,2901.80388926164
2024-01-06 10:24:00,2024-01-06,STK2,114.0849756790113,0.0,0.0,0.0,0.0,0.0,OW,0.23887154176512126,0.0,-0.0,0.0,0.0,2901.80388926164
2024-01-06 10:25:00,2024-01-06,STK2,114.27975392484696,0.0,0.0,0.0,0.0,0.0,OW,0.19477824583566417,0.0,-0.0,0.0,0.0,2901.80388926164
2024-01-06 10:26:00,2024-01-06,STK2,114.3441473393944,0.0,0.0,0.0,0.0,0.0,OW,0.06439341454743897,0.0,-0.0,0.0,0.0,2901.80388926164
2024-01-06 10:27:00,2024-01-06,STK2,114.4330970176737,0.0,0.0,0.0,0.0,0.0,OW,0.088949678279306,0.0,-0.0,0.0,0.0,2901.80388926164
2024-01-06 10:28:00,2024-01-06,STK2,114.53362010634281,0.0,0.0,0.0,0.0,0.0,OW,0.10052308866910664,0.0,-0.0,0.0,0.0,2901.80388926164
2024-01-06 10:29:00,2024-01-06,STK2,114.55409378561737,0.0,0.0,0.0,0.0,0.0,OW,0.02047367927455923,0.0,-0.0,0.0,0.0,2901.80388926164
2024-01-02 09:30:00,2024-01-02,STK3,120.01583434548462,-0.0070175845001166914,-6683.405534942377,-5000.0,-5000.0,32.5,OW,0.0,0.0,600079.1717274231,0.0,-32.5,2869.30388926164
2024-01-02 09:31:00,2024-01-02,STK3,119.88341133849961,-0.0070175845001166914,-6683.405534942377,-6683.405534942377,-1683.405534942377,3.6840104535970197,OW,-0.13242300698500742,-5000.0,201812.39819500397,662.1150349250371,658.4310244714401,3527.7349137330802
2024-01-02 09:32:00,2024-01-02,STK3,119.74561442043664,-0.0070175845001166914,-6683.405534942377,-6683.405534942377,0.0,0.0,OW,-0.13779691806297478,-6683.405534942377,-0.0,920.9526848800868,920.9526848800868,4448.687598613167
2024-01-02 09:33:00,2024-01-02,STK3,119.67782228480978,-0.0070175845001166914,-6683.405534942377,-6683.405534942377,0.0,0.0,OW,-0.06779213562685982,-6683.405534942377,-0.0,453.0823344741192,453.0823344741192,4901.7699330872865
2024-01-02 09:34:00,2024-01-02,STK3,119.83651808391623,-0.0070175845001166914,-6683.405534942377,-6683.405534942377,0.0,0.0,OW,0.1586957991064537,-6683.405534942377,-0.0,-1060.6283821201762,-1060.6283821201762,3841.1415509671106
2024-01-02 09:35:00,2024-01-02,STK3,119.8962977906467,-0.0070175845001166914,-6683.405534942377,-6683.405534942377,0.0,0.0,OW,0.05977970673046684,-6683.405534942377,-0.0,-399.5320228396342,-399.5320228396342,3441.6095281274766
2024-01-02 09:36:00,2024-01-02,STK3,119.89112634447065,-0.0070175845001166914,-6683.405534942377,-6683.405534942377,0.0,0.0,OW,-0.005171446176049699,-6683.405534942377,-0.0,34.56287199666715,34.56287199666715,3476.1724001241437
2024-01-02 09:37:00,2024-01-02,STK3,119.8992688073031,-0.0070175845001166914,-6683.405534942377,-6683.405534942377,0.0,0.0,OW,0.00814246283245268,-6683.405534942377,-0.0,-54.419381162476824,-54.419381162476824,3421.753018961667
2024-01-02 09:38:00,2024-01-02,STK3,120.00669932160152,-0.0070175845001166914,-6683.405534942377,-6683.405534942377,0.0,0.0,OW,0.10743051429841444,-6683.405534942377,-0.0,-718.0016938837292,-718.0016938837292,2703.7513250779375
2024-01-02 09:39:00,2024-01-02,STK3,120.03193833902063,-0.0070175845001166914,-6683.405534942377,-6683.405534942377,0.0,0.0,OW,0.02523901741911061,-6683.405534942377,-0.0,-168.68258871539092,-168.68258871539092,2535.0687363625466
2024-01-02 09:40:00,2024-01-02,STK3,120.18952663169898,-0.0070175845001166914,-6683.405534942377,-6683.405534942377,0.0,0.0,OW,0.15758829267835495,-6683.405534942377,-0.0,-1053.2264675286367,-1053.2264675286367,1481.8422688339099
2024-01-02 09:41:00,2024-01-02,STK3,120.03722122236756,-0.0070175845001166914,-6683.405534942377,-6683.405534942377,0.0,0.0,OW,-0.15230540933141867,-6683.405534942377,-0.0,1017.9188157272679,1017.9188157272679,2499.761084561178
2024-01-02 09:42:00,2024-01-02,STK3,120.00912073310435,-0.0070175845001166914,-6683.405534942377,-6683.405534942377,0.0,0.0,OW,-0.028100489263209738,-6683.405534942377,-0.0,187.8069654763248,187.8069654763248,2687.568050037503
2024-01-02 09:43:00,2024-01-02,STK3,120.13866592718728,-0.0070175845001166914,-6683.405534942377,-6683.405534942377,0.0,0.0,OW,0.12954519408292242,-6683.405534942377,-0.0,-865.8030671589881,-865.8030671589881,1821.7649828785147
2024-01-02 09:44:00,2024-01-02,STK3,120.11819743316256,-0.0070175845001166914,-6683.405534942377,-6683.405534942377,0.0,0.0,OW,-0.02046849402471196,-6683.405534942377,-0.0,136.7992462566949,136.7992462566949,1958.5642291352096
2024-01-02 09:45:00,2024-01-02,STK3,120.1849248298932,-0.0070175845001166914,-6683.405534942377,-6683.405534942377,0.0,0.0,OW,0.06672739673064143,-6683.405534942377,-0.0,-445.9662526418648,-445.9662526418648,1512.597976493345
2024-01-02 09:46:00,2024-01-02,STK3,120.30294180594807,-0.0070175845001166914,-6683.405534942377,-6683.405534942377,0.0,0.0,OW,0.11801697605486083,-6683.405534942377,-0.0,-788.7553109822188,-788.7553109822188,723.8426655111261
2024-01-02 09:47:00,2024-01-02,STK3,120.1875751766174,-0.0070175845001166914,-6683.405534942377,-6683.405534942377,0.0,0.0,OW,-0.11536662933066566,-6683.405534942377,-0.0,771.0419690162164,771.0419690162164,1494.8846345273425
2024-01-02 09:48:00,2024-01-02,STK3,119.98494794811513,-0.0070175845001166914,-6683.405534942377,-6683.405534942377,0.0,0.0,OW,-0.20262722850226567,-6683.405534942377,-0.0,1354.239940502076,1354.239940502076,2849.1245750294183
2024-01-02 09:49:00,2024-01-02,STK3,119.95364797968837,-0.0070175845001166914,-6683.405534942377,-6683.405534942377,0.0,0.0,OW,-0.03129996842676519,-6683.405534942377,-0.0,209.19038222696412,209.19038222696412,3058.3149572563825
2024-01-02 09:50:00,2024-01-02,STK3,119.9820750108098,-0.0070175845001166914,-6683.405534942377,-6683.405534942377,0.0,0.0,OW,0.028427031121424307,-6683.405534942377,-0.0,-189.9893771389064,-189.9893771389064,2868.325580117476
2024-01-02 09:51:00,2024-01-02,STK3,119.95368355363539,-0.0070175845001166914,-6683.405534942377,-6683.405534942377,0.0,0.0,OW,-0.02839145717440772,-6683.405534942377,-0.0,189.75162202451602,189.75162202451602,3058.077202141992
2024-01-02 09:52:00,2024-01-02,STK3,119.85737063220614,-0.0070175845001166914,-6683.405534942377,-6683.405534942377,0.0,0.0,OW,-0.09631292142924508,-6683.405534942377,-0.0,643.6983121666868,643.6983121666868,3701.775514308679
2024-01-02 09:53:00,2024-01-02,STK3,119.66969423903153,-0.0070175845001166914,-6683.405534942377,-6683.405534942377,0.0,0.0,OW,-0.1876763931746126,-6683.405534942377,-0.0,1254.3174449212277,1254.3174449212277,4956.092959229906
2024-01-02 09:54:00,2024-01-02,STK3,119.60010006721049,-0.0070175845001166914,-6683.405534942377,-6683.405534942377,0.0,0.0,OW,-0.06959417182103778,-6683.405534942377,-0.0,465.1260731484547,465.1260731484547,5421.219032378361
2024-01-02 09:55:00,2024-01-02,STK3,119.5249704269198,-0.0070175845001166914,-6683.405534942377,-6683.405534942377,0.0,0.0,OW,-0.07512964029069735,-6683.405534942377,-0.0,502.1218537570765,502.1218537570765,5923.340886135437
2024-01-02 09:56:00,2024-01-02,STK3,119.61722350055729,-0.0070175845001166914,-6683.405534942377,-6683.405534942377,0.0,0.0,OW,0.0922530736374938,-6683.405534942377,-0.0,-616.5647029642728,-616.5647029642728,5306.776183171165
2024-01-02 09:57:00,2024-01-02,STK3,119.57033797976901,-0.0070175845001166914,-6683.405534942377,-6683.405534942377,0.0,0.0,OW,-0.04688552078827968,-6683.405534942377,-0.0,313.35494914504426,313.35494914504426,5620.131132316209
2024-01-02 09:58:00,2024-01-02,STK3,119.47273967178226,-0.0070175845001166914,-6683.405534942377,-6683.405534942377,0.0,0.0,OW,-0.0975983079867433,-6683.405534942377,-0.0,652.289071799611,652.289071799611,6272.42020411582
2024-01-02 09:59:00,2024-01-02,STK3,119.3969208718352,-0.0070175845001166914,-6683.405534942377,-6683.405534942377,0.0,0.0,OW,-0.07581879994705787,-6683.405534942377,-0.0,506.7277872188554,506.7277872188554,6779.147991334675
2024-01-02 10:00:00,2024-01-02,STK3,119.41627185214848,-0.0070175845001166914,-6683.405534942377,-6683.405534942377,0.0,0.0,OW,0.019350980313276978,-6683.405534942377,-0.0,-129.33044893231633,-129.33044893231633,6649.817542402358
2024-01-02 10:01:00,2024-01-02,STK3,119.4192726668615,-0.0070175845001166914,-6683.405534942377,-6683.405534942377,0.0,0.0,OW,0.00300081471301894,-6683.405534942377,-0.0,-20.055661662327303,-20.055661662327303,6629.761880740031
2024-01-02 10:02:00,2024-01-02,STK3,119.46006235031687,-0.0070175845001166914,-6683.405534942377,-6683.405534942377,0.0,0.0,OW,0.04078968345537248,-6683.405534942377,-0.0,-272.61399617418397,-272.61399617418397,6357.147884565848
2024-01-02 10:03:00,2024-01-02,STK3,119.30935239329814,-0.0070175845001166914,-6683.405534942377,-6683.405534942377,0.0,0.0,OW,-0.15070995701873358,-6683.405534942377,-0.0,1007.2557609099317,1007.2557609099317,7364.403645475779
2024-01-02 10:04:00,2024-01-02,STK3,119.43215873816835,-0.0070175845001166914,-6683.405534942377,-6683.405534942377,0.0,0.0,OW,0.12280634487021302,-6683.405534942377,-0.0,-820.7646050316241,-820.7646050316241,6543.6390404441545
2024-01-02 10:05:00,2024-01-02,STK3,119.57432240609029,-0.0070175845001166914,-6683.405534942377,-6683.405534942377,0.0,0.0,OW,0.1421636679219347,-6683.405534942377,-0.0,-950.1374450571684,-950.1374450571684,5593.501595386986
2024-01-02 10:06:00,2024-01-02,STK3,119.64013059899466,-0.0070175845001166914,-6683.405534942377,-6683.405534942377,0.0,0.0,OW,0.06580819290437034,-6683.405534942377,-0.0,-439.82284070162444,-439.82284070162444,5153.678754685362
2024-01-02 10:07:00,2024-01-02,STK3,119.44636137797463,-0.0070175845001166914,-6683.405534942377,-6683.405534942377,0.0,0.0,OW,-0.1937692210200339,-6683.405534942377,-0.0,1295.0382842667675,1295.0382842667675,6448.71703895213
2024-01-02 10:08:00,2024-01-02,STK3,119.55902442165025,-0.0070175845001166914,-6683.405534942377,-6683.405534942377,0.0,0.0,OW,0.11266304367562441,-6683.405534942377,-0.0,-752.9728096851229,-752.9728096851229,5695.744229267007
2024-01-02 10:09:00,2024-01-02,STK3,119.39337759484638,-0.0070175845001166914,-6683.405534942377,-6683.405534942377,0.0,0.0,OW,-0.1656468268038651,-6683.405534942377,-0.0,1107.0849191065934,1107.0849191065934,6802.8291483736
2024-01-02 10:10:00,2024-01-02,STK3,119.37262432858107,-0.0070175845001166914,-6683.405534942377,-6683.405534942377,0.0,0.0,OW,-0.020753266265316483,-6683.405534942377,-0.0,138.7024946257491,138.7024946257491,6941.531642999349
2024-01-02 10:11:00,2024-01-02,STK3,119.426657252329,-0.0070175845001166914,-6683.405534942377,-6683.405534942377,0.0,0.0,OW,0.054032923747925565,-6683.405534942377,-0.0,-361.1239416460051,-361.1239416460051,6580.407701353344
2024-01-02 10:12:00,2024-01-02,STK3,119.45515594697767,-0.0070175845001166914,-6683.405534942377,-6683.405534942377,0.0,0.0,OW,0.028498694648675382,-6683.405534942377,-0.0,-190.46833355358976,-190.46833355358976,6389.939367799754
2024-01-02 10:13:00,2024-01-02,STK3,119.44859387421342,-0.0070175845001166914,-6683.405534942377,-6683.405534942377,0.0,0.0,OW,-0.006562072764253912,-6683.405534942377,-0.0,43.85699343330922,43.85699343330922,6433.796361233063
2024-01-02 10:14:00,2024-01-02,STK3,119.599736919395,-0.0070175845001166914,-6683.405534942377,-6683.405534942377,0.0,0.0,OW,0.15114304518158406,-6683.405534942377,-0.0,-1010.1502647346447,-1010.1502647346447,5423.646096498418
2024-01-02 10:15:00,2024-01-02,STK3,119.7622781955496,-0.0070175845001166914,-6683.405534942377,-6683.405534942377,0.0,0.0,OW,0.1625412761545988,-6683.405534942377,-0.0,-1086.329264708243,-1086.329264708243,4337.316831790175
2024-01-02 10:16:00,2024-01-02,STK3,119.78566562432279,-0.0070175845001166914,-6683.405534942377,-6683.405534942377,0.0,0.0,OW,0.023387428773190777,-6683.405534942377,-0.0,-156.30767091081384,-156.30767091081384,4181.009160879361
2024-01-02 10:17:00,2024-01-02,STK3,119.82019511243001,-0.0070175845001166914,-6683.405534942377,-6683.405534942377,0.0,0.0,OW,0.03452948810722489,-6683.405534942377,-0.0,-230.77457193455382,-230.77457193455382,3950.234588944807
2024-01-02 10:18:00,2024-01-02,STK3,119.81509344236066,-0.0070175845001166914,-6683.405534942377,-6683.405534942377,0.0,0.0,OW,-0.0051016700693509165,-6683.405534942377,-0.0,34.096529978949775,34.096529978949775,3984.3311189237565
2024-01-02 10:19:00,2024-01-02,STK3,119.87886753954604,-0.0070175845001166914,-6683.405534942377,-6683.405534942377,0.0,0.0,OW,0.06377409718537308,-6683.405534942377,-0.0,-426.22815411467553,-426.22815411467553,3558.102964809081
2024-01-02 10:20:00,2024-01-02,STK3,119.66603355117275,-0.0070175845001166914,-6683.405534942377,-6683.405534942377,0.0,0.0,OW,-0.2128339883732906,-6683.405534942377,-0.0,1422.4558559179118,1422.4558559179118,4980.558820726993
2024-01-02 10:21:00,2024-01-02,STK3,119.7351489791796,-0.0070175845001166914,-6683.405534942377,-6683.405534942377,0.0,0.0,OW,0.06911542800685311,-6683.405534942377,-0.0,-461.92643409091346,-461.92643409091346,4518.63238663608
2024-01-02 10:22:00,2024-01-02,STK3,119.82640453137522,-0.0070175845001166914,-6683.405534942377,-6683.405534942377,0.0,0.0,OW,0.09125555219561932,-6683.405534942377,-0.0,-609.8978626384251,-609.8978626384251,3908.734523997655
2024-01-02 10:23:00,2024-01-02,STK3,119.96213109712713,-0.0070175845001166914,-6683.405534942377,-6683.405534942377,0.0,0.0,OW,0.13572656575190933,-6683.405534942377,-0.0,-907.1156807850313,-907.1156807850313,3001.6188432126237
2024-01-02 10:24:00,2024-01-02,STK3,120.15307694907757,-0.0070175845001166914,-6683.405534942377,-6683.405534942377,0.0,0.0,OW,0.19094585195044544,-6683.405534942377,-0.0,-1276.1685637998949,-1276.1685637998949,1725.4502794127288
2024-01-02 10:25:00,2024-01-02,STK3,120.00659448820485,-0.0070175845001166914,-6683.405534942377,-6683.405534942377,0.0,0.0,OW,-0.14648246087271843,-6683.405534942377,-0.0,979.0016897687066,979.0016897687066,2704.4519691814353
2024-01-02 10:26:00,2024-01-02,STK3,120.02410932390212,-0.0070175845001166914,-6683.405534942377,-6683.405534942377,0.0,0.0,OW,0.01751483569726986,-6683.405534942377,-0.0,-117.0587498427397,-117.0587498427397,2587.3932193386954
2024-01-02 10:27:00,2024-01-02,STK3,120.15434790023104,-0.0070175845001166914,-6683.405534942377,-6683.405534942377,0.0,0.0,OW,0.13023857632892089,-6683.405534942377,-0.0,-870.437221899725,-870.437221899725,1716.9559974389704
2024-01-02 10:28:00,2024-01-02,STK3,120.27141348686517,-0.0070175845001166914,-6683.405534942377,-6683.405534942377,0.0,0.0,OW,0.11706558663412636,-6683.405534942377,-0.0,-782.3967896617964,-782.3967896617964,934.5592077771739
2024-01-02 10:29:00,2024-01-02,STK3,120.09461045892373,-0.0070175845001166914,0.0,-1683.405534942377,5000.0,32.5,OW,-0.1768030279414461,-6683.405534942377,-600473.0522946187,1181.6463355384326,1149.1463355384326,2083.7055433156065
2024-01-03 09:30:00,2024-01-03,STK3,119.25183638201963,0.00017630199325036067,167.9064523542596,167.9064523542596,167.9064523542596,0.03665034976485123,OW,-0.8427740769040923,0.0,-20023.15278363554,-0.0,-0.03665034976485123,2083.6688929658417
2024-01-03 09:31:00,2024-01-03,STK3,119.23762612605542,0.00017630199325036067,167.9064523542596,167.9064523542596,0.0,0.0,OW,-0.014210255964215435,167.9064523542596,-0.0,-2.3859936659973724,-2.3859936659973724,2081.2828992998443
2024-01-03 09:32:00,2024-01-03,STK3,119.2163256105873,0.00017630199325036067,167.9064523542596,167.9064523542596,0.0,0.0,OW,-0.021300515468112735,167.9064523542596,-0.0,-3.576493985567841,-3.576493985567841,2077.7064053142763
2024-01-03 09:33:00,2024-01-03,STK3,119.36817063716819,0.00017630199325036067,167.9064523542596,167.9064523542596,0.0,0.0,OW,0.1518450265808866,167.9064523542596,-0.0,25.495759720834922,25.495759720834922,2103.202165035111
2024-01-03 09:34:00,2024-01-03,STK3,119.32214756623927,0.00017630199325036067,167.9064523542596,167.9064523542596,0.0,0.0,OW,-0.04602307092892488,167.9064523542596,-0.0,-7.727570566124236,-7.727570566124236,2095.474594468987
2024-01-03 09:35:00,2024-01-03,STK3,119.36851014690913,0.00017630199325036067,167.9064523542596,167.9064523542596,0.0,0.0,OW,0.04636258066986443,167.9064523542596,-0.0,7.784576442265109,7.784576442265109,2103.259170911252
2024-01-03 09:36:00,2024-01-03,STK3,119.45828471284196,0.00017630199325036067,167.9064523542596,167.9064523542596,0.0,0.0,OW,0.08977456593282795,167.9064523542596,-0.0,15.073728877424715,15.073728877424715,2118.332899788677
2024-01-03 09:37:00,2024-01-03,STK3,119.32693667021576,0.00017630199325036067,167.9064523542596,167.9064523542596,0.0,0.0,OW,-0.13134804262620037,167.9064523542596,-0.0,-22.054183861041373,-22.054183861041373,2096.2787159276354
2024-01-03 09:38:00,2024-01-03,STK3,119.54171389055595,0.00017630199325036067,167.9064523542596,167.9064523542596,0.0,0.0,OW,0.21477722034019564,167.9064523542596,-0.0,36.062481113831375,36.062481113831375,2132.341197041467
2024-01-03 09:39:00,2024-01-03,STK3,119.56849033921361,0.00017630199325036067,167.9064523542596,167.9064523542596,0.0,0.0,OW,0.026776448657656715,167.9064523542596,-0.0,4.495938500753116,4.495938500753116,2136.83713554222
2024-01-03 09:40:00,2024-01-03,STK3,119.6022081298613,0.00017630199325036067,167.9064523542596,167.9064523542596,0.0,0.0,OW,0.03371779064768532,167.9064523542596,-0.0,5.661434608876475,5.661434608876475,2142.4985701510964
2024-01-03 09:41:00,2024-01-03,STK3,119.41123017410177,0.00017630199325036067,167.9064523542596,167.9064523542596,0.0,0.0,OW,-0.19097795575952148,167.9064523542596,-0.0,-32.066431029449994,-32.066431029449994,2110.4321391216463
2024-01-03 09:42:00,2024-01-03,STK3,119.46497978963085,0.00017630199325036067,167.9064523542596,167.9064523542596,0.0,0.0,OW,0.05374961552907109,167.9064523542596,-0.0,9.024907258891748,9.024907258891748,2119.457046380538
2024-01-03 09:43:00,2024-01-03,STK3,119.58313311819123,0.00017630199325036067,167.9064523542596,167.9064523542596,0.0,0.0,OW,0.11815332856038196,167.9064523542596,-0.0,19.838706232420957,19.838706232420957,2139.295752612959
2024-01-03 09:44:00,2024-01-03,STK3,119.49634546650188,0.00017630199325036067,167.9064523542596,167.9064523542596,0.0,0.0,OW,-0.08678765168934888,167.9064523542596,-0.0,-14.572206703315736,-14.572206703315736,2124.7235459096432
2024-01-03 09:45:00,2024-01-03,STK3,119.37387550532844,0.00017630199325036067,167.9064523542596,167.9064523542596,0.0,0.0,OW,-0.12246996117343656,167.9064523542596,-0.0,-20.56349670059565,-20.56349670059565,2104.1600492090474
2024-01-03 09:46:00,2024-01-03,STK3,119.52060696397885,0.00017630199325036067,167.9064523542596,167.9064523542596,0.0,0.0,OW,0.14673145865040738,167.9064523542596,-0.0,24.63715867075564,24.63715867075564,2128.797207879803
2024-01-03 09:47:00,2024-01-03,STK3,119.45628439916702,0.00017630199325036067,167.9064523542596,167.9064523542596,0.0,0.0,OW,-0.06432256481183174,167.9064523542596,-0.0,-10.800173663881601,-10.800173663881601,2117.9970342159213
2024-01-03 09:48:00,2024-01-03,STK3,119.43939501192,0.00017630199325036067,167.9064523542596,167.9064523542596,0.0,0.0,OW,-0.016889387247019272,167.9064523542596,-0.0,-2.8358370950842815,-2.8358370950842815,2115.161197120837
2024-01-03 09:49:00,2024-01-03,STK3,119.25172078928311,0.00017630199325036067,167.9064523542596,167.9064523542596,0.0,0.0,OW,-0.18767422263688616,167.9064523542596,-0.0,-31.511712921303037,-31.511712921303037,2083.649484199534
2024-01-03 09:50:00,2024-01-03,STK3,119.1883103476696,0.00017630199325036067,167.9064523542596,167.9064523542596,0.0,0.0,OW,-0.06341044161351306,167.9064523542596,-0.0,-10.647022293541891,-10.647022293541891,2073.0024619059923
2024-01-03 09:51:00,2024-01-03,STK3,119.1328091534345,0.00017630199325036067,167.9064523542596,167.9064523542596,0.0,0.0,OW,-0.0555011942351058,167.9064523542596,-0.0,-9.3190086254413,-9.3190086254413,2063.683453280551
2024-01-03 09:52:00,2024-01-03,STK3,118.92597009788022,0.00017630199325036067,167.9064523542596,167.9064523542596,0.0,0.0,OW,-0.20683905555426918,167.9064523542596,-0.0,-34.729612026422956,-34.729612026422956,2028.953841254128
2024-01-03 09:53:00,2024-01-03,STK3,118.86730633840651,0.00017630199325036067,167.9064523542596,167.9064523542596,0.0,0.0,OW,-0.05866375947371694,167.9064523542596,-0.0,-9.850023734995398,-9.850023734995398,2019.1038175191327
2024-01-03 09:54:00,2024-01-03,STK3,118.59121683656042,0.00017630199325036067,167.9064523542596,167.9064523542596,0.0,0.0,OW,-0.27608950184608716,167.9064523542596,-0.0,-46.35720878723131,-46.35720878723131,1972.7466087319015
2024-01-03 09:55:00,2024-01-03,STK3,118.53745522670418,0.00017630199325036067,167.9064523542596,167.9064523542596,0.0,0.0,OW,-0.053761609856238124,167.9064523542596,-0.0,-9.026921183814741,-9.026921183814741,1963.7196875480868
2024-01-03 09:56:00,2024-01-03,STK3,118.65900911698276,0.00017630199325036067,167.9064523542596,167.9064523542596,0.0,0.0,OW,0.12155389027857666,167.9064523542596,-0.0,20.409682486534734,20.409682486534734,1984.1293700346214
2024-01-03 09:57:00,2024-01-03,STK3,118.38927952344352,0.00017630199325036067,167.9064523542596,167.9064523542596,0.0,0.0,OW,-0.269729593539239,167.9064523542596,-0.0,-45.28933914613004,-45.28933914613004,1938.8400308884914
2024-01-03 09:58:00,2024-01-03,STK3,118.37588235503333,0.00017630199325036067,167.9064523542596,167.9064523542596,0.0,0.0,OW,-0.013397168410193672,167.9064523542596,-0.0,-2.2494710193481757,-2.2494710193481757,1936.5905598691431
2024-01-03 09:59:00,2024-01-03,STK3,118.30680883817159,0.00017630199325036067,167.9064523542596,167.9064523542596,0.0,0.0,OW,-0.06907351686173513,167.9064523542596,-0.0,-11.597889167886077,-11.597889167886077,1924.992670701257
2024-01-03 10:00:00,2024-01-03,STK3,118.37855895861148,0.00017630199325036067,167.9064523542596,167.9064523542596,0.0,0.0,OW,0.07175012043988716,167.9064523542596,-0.0,12.047308179052301,12.047308179052301,1937.0399788803095
2024-01-03 10:01:00,2024-01-03,STK3,118.213218458726,0.00017630199325036067,167.9064523542596,167.9064523542596,0.0,0.0,OW,-0.16534049988547395,167.9064523542596,-0.0,-27.761736766249797,-27.761736766249797,1909.2782421140596
2024-01-03 10:02:00,2024-01-03,STK3,118.44075481722301,0.00017630199325036067,167.9064523542596,167.9064523542596,0.0,0.0,OW,0.22753635849700515,167.9064523542596,-0.0,38.204822736839134,38.204822736839134,1947.4830648508987
2024-01-03 10:03:00,2024-01-03,STK3,118.32941007832422,0.00017630199325036067,167.9064523542596,167.9064523542596,0.0,0.0,OW,-0.1113447388987936,167.9064523542596,-0.0,-18.695500096807763,-18.695500096807763,1928.787564754091
2024-01-03 10:04:00,2024-01-03,STK3,118.33808102075159,0.00017630199325036067,167.9064523542596,167.9064523542596,0.0,0.0,OW,0.008670942427372097,167.9064523542596,-0.0,1.4559071815480813,1.4559071815480813,1930.243471935639
2024-01-03 10:05:00,2024-01-03,STK3,118.33443241644993,0.00017630199325036067,167.9064523542596,167.9064523542596,0.0,0.0,OW,-0.003648604301659475,167.9064523542596,-0.0,-0.6126242043361333,-0.6126242043361333,1929.630847731303
2024-01-03 10:06:00,2024-01-03,STK3,118.16391964864968,0.00017630199325036067,167.9064523542596,167.9064523542596,0.0,0.0,OW,-0.17051276780024693,167.9064523542596,-0.0,-28.630193922445095,-28.630193922445095,1901.0006538088578
2024-01-03 10:07:00,2024-01-03,STK3,118.0023424756657,0.00017630199325036067,167.9064523542596,167.9064523542596,0.0,0.0,OW,-0.1615771729839821,167.9064523542596,-0.0,-27.129849897170956,-27.129849897170956,1873.8708039116868
2024-01-03 10:08:00,2024-01-03,STK3,117.9056492295661,0.00017630199325036067,167.9064523542596,167.9064523542596,0.0,0.0,OW,-0.09669324609960483,167.9064523542596,-0.0,-16.235419919202,-16.235419919202,1857.6353839924848
2024-01-03 10:09:00,2024-01-03,STK3,118.0799710280554,0.00017630199325036067,167.9064523542596,167.9064523542596,0.0,0.0,OW,0.17432179848930218,167.9064523542596,-0.0,29.269754752352863,29.269754752352863,1886.9051387448376
2024-01-03 10:10:00,2024-01-03,STK3,117.92517490146848,0.00017630199325036067,167.9064523542596,167.9064523542596,0.0,0.0,OW,-0.15479612658691622,167.9064523542596,-0.0,-25.99126845338999,-25.99126845338999,1860.9138702914477
2024-01-03 10:11:00,2024-01-03,STK3,117.85715212978968,0.00017630199325036067,167.9064523542596,167.9064523542596,0.0,0.0,OW,-0.06802277167879822,167.9064523542596,-0.0,-11.421462271890814,-11.421462271890814,1849.492408019557
2024-01-03 10:12:00,2024-01-03,STK3,117.79921042684217,0.00017630199325036067,167.9064523542596,167.9064523542596,0.0,0.0,OW,-0.05794170294751666,167.9064523542596,-0.0,-9.72878578528187,-9.72878578528187,1839.763622234275
2024-01-03 10:13:00,2024-01-03,STK3,117.72632157113041,0.00017630199325036067,167.9064523542596,167.9064523542596,0.0,0.0,OW,-0.07288885571175285,167.9064523542596,-0.0,-12.238509178721934,-12.238509178721934,1827.5251130555532
2024-01-03 10:14:00,2024-01-03,STK3,117.65974983150116,0.00017630199325036067,167.9064523542596,167.9064523542596,0.0,0.0,OW,-0.06657173962925356,167.9064523542596,-0.0,-11.177824628199438,-11.177824628199438,1816.3472884273538
2024-01-03 10:15:00,2024-01-03,STK3,117.86111352060338,0.00017630199325036067,167.9064523542596,167.9064523542596,0.0,0.0,OW,0.20136368910222302,167.9064523542596,-0.0,33.81026267012035,33.81026267012035,1850.1575510974742
2024-01-03 10:16:00,2024-01-03,STK3,117.73969464849432,0.00017630199325036067,167.9064523542596,167.9064523542596,0.0,0.0,OW,-0.12141887210906077,167.9064523542596,-0.0,-20.387012064687955,-20.387012064687955,1829.7705390327862
2024-01-03 10:17:00,2024-01-03,STK3,117.6481751516676,0.00017630199325036067,167.9064523542596,167.9064523542596,0.0,0.0,OW,-0.09151949682672011,167.9064523542596,-0.0,-15.366714033421495,-15.366714033421495,1814.4038249993648
2024-01-03 10:18:00,2024-01-03,STK3,117.5238685271264,0.00017630199325036067,167.9064523542596,167.9064523542596,0.0,0.0,OW,-0.12430662454120522,167.9064523542596,-0.0,-20.871884330846715,-20.871884330846715,1793.531940668518
2024-01-03 10:19:00,2024-01-03,STK3,117.38096202780429,0.00017630199325036067,167.9064523542596,167.9064523542596,0.0,0.0,OW,-0.14290649932210897,167.9064523542596,-0.0,-23.994923319541723,-23.994923319541723,1769.5370173489764
2024-01-03 10:20:00,2024-01-03,STK3,117.27328465288146,0.00017630199325036067,167.9064523542596,167.9064523542596,0.0,0.0,OW,-0.10767737492282947,167.9064523542596,-0.0,-18.079726022111817,-18.079726022111817,1751.4572913268646
2024-01-03 10:21:00,2024-01-03,STK3,117.23681963349877,0.00017630199325036067,167.9064523542596,167.9064523542596,0.0,0.0,OW,-0.03646501938268898,167.9064523542596,-0.0,-6.12271203957662,-6.12271203957662,1745.334579287288
2024-01-03 10:22:00,2024-01-03,STK3,117.2452630568287,0.00017630199325036067,167.9064523542596,167.9064523542596,0.0,0.0,OW,0.008443423329936195,167.9064523542596,-0.0,1.4177052570547757,1.4177052570547757,1746.752284544343
2024-01-03 10:23:00,2024-01-03,STK3,117.3765927067419,0.00017630199325036067,167.9064523542596,167.9064523542596,0.0,0.0,OW,0.13132964991319795,167.9064523542596,-0.0,22.051095605851966,22.051095605851966,1768.803380150195
2024-01-03 10:24:00,2024-01-03,STK3,117.21861601810005,0.00017630199325036067,167.9064523542596,167.9064523542596,0.0,0.0,OW,-0.15797668864185255,167.9064523542596,-0.0,-26.52530534452692,-26.52530534452692,1742.278074805668
2024-01-03 10:25:00,2024-01-03,STK3,117.39015667433222,0.00017630199325036067,167.9064523542596,167.9064523542596,0.0,0.0,OW,0.17154065623216752,167.9064523542596,-0.0,28.80278302246486,28.80278302246486,1771.0808578281328
2024-01-03 10:26:00,2024-01-03,STK3,117.40136081266073,0.00017630199325036067,167.9064523542596,167.9064523542596,0.0,0.0,OW,0.011204138328508861,167.9064523542596,-0.0,1.881247118426307,1.881247118426307,1772.962104946559
2024-01-03 10:27:00,2024-01-03,STK3,117.48213267811555,0.00017630199325036067,167.9064523542596,167.9064523542596,0.0,0.0,OW,0.08077186545482107,167.9064523542596,-0.0,13.562117378554582,13.562117378554582,1786.5242223251137
2024-01-03 10:28:00,2024-01-03,STK3,117.61251260644536,0.00017630199325036067,167.9064523542596,167.9064523542596,0.0,0.0,OW,0.13037992832981615,167.9064523542596,-0.0,21.89163122406206,21.89163122406206,1808.4158535491758
2024-01-03 10:29:00,2024-01-03,STK3,117.73201056837578,0.00017630199325036067,0.0,0.0,-167.9064523542596,0.03665034976485123,OW,0.11949796193042062,167.9064523542596,19767.96422307018,20.0644788513013,20.027828501536447,1828.4436820507124
2024-01-04 09:30:00,2024-01-04,STK3,117.75276695650837,-0.0034776854473177465,-3312.0772777307475,-3312.0772777307475,-3312.0772777307475,14.260812661758415,OW,0.020756388132582515,0.0,390006.26382657536,0.0,-14.260812661758415,1814.182869388954
2024-01-04 09:31:00,2024-01-04,STK3,117.7144213477398,-0.0034776854473177465,-3312.0772777307475,-3312.0772777307475,0.0,0.0,OW,-0.03834560876856585,-3312.0772777307475,-0.0,127.00361950311986,127.00361950311986,1941.1864888920738
2024-01-04 09:32:00,2024-01-04,STK3,117.69699238072727,-0.0034776854473177465,-3312.0772777307475,-3312.0772777307475,0.0,0.0,OW,-0.017428967012534713,-3312.0772777307475,-0.0,57.726085616534974,57.726085616534974,1998.9125745086087
2024-01-04 09:33:00,2024-01-04,STK3,117.69231916349507,-0.0034776854473177465,-3312.0772777307475,-3312.0772777307475,0.0,0.0,OW,-0.00467321723219527,-3312.0772777307475,-0.0,15.478056608653729,15.478056608653729,2014.3906311172625
2024-01-04 09:34:00,2024-01-04,STK3,117.65649592481199,-0.0034776854473177465,-3312.0772777307475,-3312.0772777307475,0.0,0.0,OW,-0.03582323868307924,-3312.0772777307475,-0.0,118.6493348569519,118.6493348569519,2133.0399659742143
2024-01-04 09:35:00,2024-01-04,STK3,117.43070462049047,-0.0034776854473177465,-3312.0772777307475,-3312.0772777307475,0.0,0.0,OW,-0.22579130432151828,-3312.0772777307475,-0.0,747.8382485524891,747.8382485524891,2880.8782145267032
2024-01-04 09:36:00,2024-01-04,STK3,117.43063849561717,-0.0034776854473177465,-3312.0772777307475,-3312.0772777307475,0.0,0.0,OW,-6.612487329960004e-05,-3312.0772777307475,-0.0,0.2190106903484299,0.2190106903484299,2881.097225217052
2024-01-04 09:37:00,2024-01-04,STK3,117.2015418855732,-0.0034776854473177465,-3312.0772777307475,-3312.0772777307475,0.0,0.0,OW,-0.22909661004396753,-3312.0772777307475,-0.0,758.7856765317666,758.7856765317666,3639.8829017488183
2024-01-04 09:38:00,2024-01-04,STK3,117.23363651203488,-0.0034776854473177465,-3312.0772777307475,-3312.0772777307475,0.0,0.0,OW,0.03209462646167083,-3312.0772777307475,-0.0,-106.29988304095593,-106.29988304095593,3533.5830187078623
2024-01-04 09:39:00,2024-01-04,STK3,117.17947219084536,-0.0034776854473177465,-3312.0772777307475,-3312.0772777307475,0.0,0.0,OW,-0.05416432118951775,-3312.0772777307475,-0.0,179.39641747551178,179.39641747551178,3712.979436183374
2024-01-04 09:40:00,2024-01-04,STK3,117.28880929630223,-0.0034776854473177465,-3312.0772777307475,-3312.0772777307475,0.0,0.0,OW,0.10933710545687347,-3312.0772777307475,-0.0,-362.1329425965611,-362.1329425965611,3350.8464935868133
2024-01-04 09:41:00,2024-01-04,STK3,117.04186125396576,-0.0034776854473177465,-3312.0772777307475,-3312.0772777307475,0.0,0.0,OW,-0.24694804233647005,-3312.0772777307475,-0.0,817.9109998027131,817.9109998027131,4168.757493389527
2024-01-04 09:42:00,2024-01-04,STK3,117.18494203615668,-0.0034776854473177465,-3312.0772777307475,-3312.0772777307475,0.0,0.0,OW,0.14308078219092124,-3312.0772777307475,-0.0,-473.89460757449245,-473.89460757449245,3694.862885815034
2024-01-04 09:43:00,2024-01-04,STK3,117.26392720001498,-0.0034776854473177465,-3312.0772777307475,-3312.0772777307475,0.0,0.0,OW,0.07898516385829168,-3312.0772777307475,-0.0,-261.60496649288774,-261.60496649288774,3433.2579193221463
2024-01-04 09:44:00,2024-01-04,STK3,117.44686265935522,-0.0034776854473177465,-3312.0772777307475,-3312.0772777307475,0.0,0.0,OW,0.1829354593402428,-3312.0772777307475,-0.0,-605.8963781720552,-605.8963781720552,2827.3615411500914
2024-01-04 09:45:00,2024-01-04,STK3,117.5346602175601,-0.0034776854473177465,-3312.0772777307475,-3312.0772777307475,0.0,0.0,OW,0.08779755820488333,-3312.0772777307475,-0.0,-290.79229757063683,-290.79229757063683,2536.5692435794545
2024-01-04 09:46:00,2024-01-04,STK3,117.40340883655145,-0.0034776854473177465,-3312.0772777307475,-3312.0772777307475,0.0,0.0,OW,-0.13125138100865286,-3312.0772777307475,-0.0,434.7147167095401,434.7147167095401,2971.2839602889944
2024-01-04 09:47:00,2024-01-04,STK3,117.41373643464792,-0.0034776854473177465,-3312.0772777307475,-3312.0772777307475,0.0,0.0,OW,0.010327598096466772,-3312.0772777307475,-0.0,-34.20580298884292,-34.20580298884292,2937.0781573001514
2024-01-04 09:48:00,2024-01-04,STK3,117.38336473693141,-0.0034776854473177465,-3312.0772777307475,-3312.0772777307475,0.0,0.0,OW,-0.03037169771650383,-3312.0772777307475,-0.0,100.59340989293916,100.59340989293916,3037.6715671930906
2024-01-04 09:49:00,2024-01-04,STK3,117.31444329109759,-0.0034776854473177465,-3312.0772777307475,-3312.0772777307475,0.0,0.0,OW,-0.06892144583382276,-3312.0772777307475,-0.0,228.27315469455485,228.27315469455485,3265.9447218876453
2024-01-04 09:50:00,2024-01-04,STK3,117.41760262304953,-0.0034776854473177465,-3312.0772777307475,-3312.0772777307475,0.0,0.0,OW,0.10315933195194305,-3312.0772777307475,-0.0,-341.67167934391404,-341.67167934391404,2924.273042543731
2024-01-04 09:51:00,2024-01-04,STK3,117.1785810401296,-0.0034776854473177465,-3312.0772777307475,-3312.0772777307475,0.0,0.0,OW,-0.23902158291993203,-3312.0772777307475,-0.0,791.6579536763426,791.6579536763426,3715.9309962200737
2024-01-04 09:52:00,2024-01-04,STK3,117.04761279622409,-0.0034776854473177465,-3312.0772777307475,-3312.0772777307475,0.0,0.0,OW,-0.13096824390551376,-3312.0772777307475,-0.0,433.77694474375056,433.77694474375056,4149.7079409638245
2024-01-04 09:53:00,2024-01-04,STK3,116.97254583415585,-0.0034776854473177465,-3312.0772777307475,-3312.0772777307475,0.0,0.0,OW,-0.07506696206823449,-3312.0772777307475,-0.0,248.62757937447537,248.62757937447537,4398.3355203383
2024-01-04 09:54:00,2024-01-04,STK3,116.93753675705481,-0.0034776854473177465,-3312.0772777307475,-3312.0772777307475,0.0,0.0,OW,-0.03500907710103718,-3312.0772777307475,-0.0,115.95276878066906,115.95276878066906,4514.288289118969
2024-01-04 09:55:00,2024-01-04,STK3,116.85665172179279,-0.0034776854473177465,-3312.0772777307475,-3312.0772777307475,0.0,0.0,OW,-0.08088503526202828,-3312.0772777307475,-0.0,267.89748739981417,267.89748739981417,4782.185776518783
2024-01-04 09:56:00,2024-01-04,STK3,116.97868375449286,-0.0034776854473177465,-3312.0772777307475,-3312.0772777307475,0.0,0.0,OW,0.12203203270007634,-3312.0772777307475,-0.0,-404.1795226612184,-404.1795226612184,4378.006253857565
2024-01-04 09:57:00,2024-01-04,STK3,117.05540223859825,-0.0034776854473177465,-3312.0772777307475,-3312.0772777307475,0.0,0.0,OW,0.07671848410538473,-3312.0772777307475,-0.0,-254.0975479873923,-254.0975479873923,4123.9087058701725
2024-01-04 09:58:00,2024-01-04,STK3,117.22086135324055,-0.0034776854473177465,-3312.0772777307475,-3312.0772777307475,0.0,0.0,OW,0.165459114642303,-3312.0772777307475,-0.0,-548.0133740002186,-548.0133740002186,3575.895331869954
2024-01-04 09:59:00,2024-01-04,STK3,117.23929377163397,-0.0034776854473177465,-3312.0772777307475,-3312.0772777307475,0.0,0.0,OW,0.018432418393416583,-3312.0772777307475,-0.0,-61.04959413446135,-61.04959413446135,3514.845737735493
2024-01-04 10:00:00,2024-01-04,STK3,117.31887043478615,-0.0034776854473177465,-3312.0772777307475,-3312.0772777307475,0.0,0.0,OW,0.07957666315218148,-3312.0772777307475,-0.0,-263.5640578639739,-263.5640578639739,3251.281679871519
2024-01-04 10:01:00,2024-01-04,STK3,117.42120939970599,-0.0034776854473177465,-3312.0772777307475,-3312.0772777307475,0.0,0.0,OW,0.10233896491983785,-3312.0772777307475,-0.0,-338.954560337479,-338.954560337479,2912.32711953404
2024-01-04 10:02:00,2024-01-04,STK3,117.3488775904095,-0.0034776854473177465,-3312.0772777307475,-3312.0772777307475,0.0,0.0,OW,-0.07233180929648597,-3312.0772777307475,-0.0,239.56854202804482,239.56854202804482,3151.8956615620846
2024-01-04 10:03:00,2024-01-04,STK3,117.13451348370289,-0.0034776854473177465,-3312.0772777307475,-3312.0772777307475,0.0,0.0,OW,-0.21436410670661132,-3312.0772777307475,-0.0,709.9904869840167,709.9904869840167,3861.886148546101
2024-01-04 10:04:00,2024-01-04,STK3,117.34659156625747,-0.0034776854473177465,-3312.0772777307475,-3312.0772777307475,0.0,0.0,OW,0.2120780825545836,-3312.0772777307475,-0.0,-702.418998333742,-702.418998333742,3159.4671502123592
2024-01-04 10:05:00,2024-01-04,STK3,117.43168162658372,-0.0034776854473177465,-3312.0772777307475,-3312.0772777307475,0.0,0.0,OW,0.08509006032625166,-3312.0772777307475,-0.0,-281.8248553673167,-281.8248553673167,2877.6422948450427
2024-01-04 10:06:00,2024-01-04,STK3,117.37804991304543,-0.0034776854473177465,-3312.0772777307475,-3312.0772777307475,0.0,0.0,OW,-0.053631713538294434,-3312.0772777307475,-0.0,177.63237977594952,177.63237977594952,3055.2746746209923
2024-01-04 10:07:00,2024-01-04,STK3,117.40936306027258,-0.0034776854473177465,-3312.0772777307475,-3312.0772777307475,0.0,0.0,OW,0.03131314722715217,-3312.0772777307475,-0.0,-103.71156342528826,-103.71156342528826,2951.563111195704
2024-01-04 10:08:00,2024-01-04,STK3,117.43280442035042,-0.0034776854473177465,-3312.0772777307475,-3312.0772777307475,0.0,0.0,OW,0.02344136007783959,-3312.0772777307475,-0.0,-77.63959607291717,-77.63959607291717,2873.9235151227867
2024-01-04 10:09:00,2024-01-04,STK3,117.5531774683178,-0.0034776854473177465,-3312.0772777307475,-3312.0772777307475,0.0,0.0,OW,0.12037304796737658,-3312.0772777307475,-0.0,-398.6848370239413,-398.6848370239413,2475.2386780988454
2024-01-04 10:10:00,2024-01-04,STK3,117.41960455175803,-0.0034776854473177465,-3312.0772777307475,-3312.0772777307475,0.0,0.0,OW,-0.13357291655977122,-3312.0772777307475,-0.0,442.40382185784335,442.40382185784335,2917.642499956689
2024-01-04 10:11:00,2024-01-04,STK3,117.35133387681458,-0.0034776854473177465,-3312.0772777307475,-3312.0772777307475,0.0,0.0,OW,-0.06827067494344874,-3312.0772777307475,-0.0,226.11775121553845,226.11775121553845,3143.7602511722275
2024-01-04 10:12:00,2024-01-04,STK3,117.40450827572967,-0.0034776854473177465,-3312.0772777307475,-3312.0772777307475,0.0,0.0,OW,0.05317439891508968,-3312.0772777307475,-0.0,-176.11771840365904,-176.11771840365904,2967.6425327685683
2024-01-04 10:13:00,2024-01-04,STK3,117.33941702571596,-0.0034776854473177465,-3312.0772777307475,-3312.0772777307475,0.0,0.0,OW,-0.06509125001370819,-3312.0772777307475,-0.0,215.5872501494941,215.5872501494941,3183.2297829180625
2024-01-04 10:14:00,2024-01-04,STK3,117.41018662785935,-0.0034776854473177465,-3312.0772777307475,-3312.0772777307475,0.0,0.0,OW,0.07076960214338612,-3312.0772777307475,-0.0,-234.3943912131544,-234.3943912131544,2948.835391704908
2024-01-04 10:15:00,2024-01-04,STK3,117.27396282562111,-0.0034776854473177465,-3312.0772777307475,-3312.0772777307475,0.0,0.0,OW,-0.13622380223823427,-3312.0772777307475,-0.0,451.1837600793427,451.1837600793427,3400.019151784251
2024-01-04 10:16:00,2024-01-04,STK3,117.29124117184185,-0.0034776854473177465,-3312.0772777307475,-3312.0772777307475,0.0,0.0,OW,0.017278346220734875,-3312.0772777307475,-0.0,-57.227217914460915,-57.227217914460915,3342.79193386979
2024-01-04 10:17:00,2024-01-04,STK3,117.19973887366623,-0.0034776854473177465,-3312.0772777307475,-3312.0772777307475,0.0,0.0,OW,-0.0915022981756124,-3312.0772777307475,-0.0,303.06268264758944,303.06268264758944,3645.8546165173793
2024-01-04 10:18:00,2024-01-04,STK3,117.26443442734734,-0.0034776854473177465,-3312.0772777307475,-3312.0772777307475,0.0,0.0,OW,0.06469555368110491,-3312.0772777307475,-0.0,-214.27667331739738,-214.27667331739738,3431.5779431999817
2024-01-04 10:19:00,2024-01-04,STK3,116.90759954522456,-0.0034776854473177465,-3312.0772777307475,-3312.0772777307475,0.0,0.0,OW,-0.3568348821227829,-3312.0772777307475,-0.0,1181.864704980599,1181.864704980599,4613.44264818058
2024-01-04 10:20:00,2024-01-04,STK3,117.02753199835311,-0.0034776854473177465,-3312.0772777307475,-3312.0772777307475,0.0,0.0,OW,0.1199324531285555,-3312.0772777307475,-0.0,-397.2255528695965,-397.2255528695965,4216.2170953109835
2024-01-04 10:21:00,2024-01-04,STK3,116.89960462157475,-0.0034776854473177465,-3312.0772777307475,-3312.0772777307475,0.0,0.0,OW,-0.1279273767783593,-3312.0772777307475,-0.0,423.70535782730394,423.70535782730394,4639.922453138288
2024-01-04 10:22:00,2024-01-04,STK3,116.6751971706879,-0.0034776854473177465,-3312.0772777307475,-3312.0772777307475,0.0,0.0,OW,-0.22440745088685787,-3312.0772777307475,-0.0,743.2548190358407,743.2548190358407,5383.177272174129
2024-01-04 10:23:00,2024-01-04,STK3,116.5361571222294,-0.0034776854473177465,-3312.0772777307475,-3312.0772777307475,0.0,0.0,OW,-0.13904004845849727,-3312.0772777307475,-0.0,460.51138519397085,460.51138519397085,5843.6886573680995
2024-01-04 10:24:00,2024-01-04,STK3,116.41767397877165,-0.0034776854473177465,-3312.0772777307475,-3312.0772777307475,0.0,0.0,OW,-0.1184831434577518,-3312.0772777307475,-0.0,392.42532724053217,392.42532724053217,6236.113984608632
2024-01-04 10:25:00,2024-01-04,STK3,116.21770517691806,-0.0034776854473177465,-3312.0772777307475,-3312.0772777307475,0.0,0.0,OW,-0.19996880185358634,-3312.0772777307475,-0.0,662.3121248743055,662.3121248743055,6898.426109482937
2024-01-04 10:26:00,2024-01-04,STK3,116.1174310039391,-0.0034776854473177465,-3312.0772777307475,-3312.0772777307475,0.0,0.0,OW,-0.10027417297895624,-3312.0772777307475,-0.0,332.11580986684345,332.11580986684345,7230.541919349781
2024-01-04 10:27:00,2024-01-04,STK3,116.30385946331519,-0.0034776854473177465,-3312.0772777307475,-3312.0772777307475,0.0,0.0,OW,0.18642845937608854,-3312.0772777307475,-0.0,-617.4654642218926,-617.4654642218926,6613.076455127888
2024-01-04 10:28:00,2024-01-04,STK3,116.16880048744062,-0.0034776854473177465,-3312.0772777307475,-3312.0772777307475,0.0,0.0,OW,-0.13505897587457127,-3312.0772777307475,-0.0,447.32576514775275,447.32576514775275,7060.4022202756405
2024-01-04 10:29:00,2024-01-04,STK3,116.02082392345922,-0.0034776854473177465,0.0,0.0,3312.0772777307475,14.260812661758415,OW,-0.1479765639814019,-3312.0772777307475,-384269.9346604892,490.1098151994714,475.84900253771303,7536.251222813354
2024-01-05 09:30:00,2024-01-05,STK3,115.61733999251479,0.002090393851469141,1990.8488222530211,1990.8488222530211,1990.8488222530211,5.152522742986114,OW,-0.40348393094443225,0.0,-230176.6451561252,-0.0,-5.152522742986114,7531.098700070367
2024-01-05 09:31:00,2024-01-05,STK3,115.53040985052625,0.002090393851469141,1990.8488222530211,1990.8488222530211,0.0,0.0,OW,-0.08693014198853177,1990.8488222530211,-0.0,-173.06477079615638,-173.06477079615638,7358.033929274211
2024-01-05 09:32:00,2024-01-05,STK3,115.42980173272495,0.002090393851469141,1990.8488222530211,1990.8488222530211,0.0,0.0,OW,-0.10060811780130052,1990.8488222530211,-0.0,-200.29555283381237,-200.29555283381237,7157.7383764403985
2024-01-05 09:33:00,2024-01-05,STK3,115.45812833476559,0.002090393851469141,1990.8488222530211,1990.8488222530211,0.0,0.0,OW,0.028326602040635862,1990.8488222530211,-0.0,56.39398231102993,56.39398231102993,7214.132358751428
2024-01-05 09:34:00,2024-01-05,STK3,115.38264765883567,0.002090393851469141,1990.8488222530211,1990.8488222530211,0.0,0.0,OW,-0.07548067592992425,1990.8488222530211,-0.0,-150.27061477795164,-150.27061477795164,7063.861743973476
2024-01-05 09:35:00,2024-01-05,STK3,115.48746993936759,0.002090393851469141,1990.8488222530211,1990.8488222530211,0.0,0.0,OW,0.10482228053191989,1990.8488222530211,-0.0,208.68531374284848,208.68531374284848,7272.547057716325
2024-01-05 09:36:00,2024-01-05,STK3,115.45440297371576,0.002090393851469141,1990.8488222530211,1990.8488222530211,0.0,0.0,OW,-0.03306696565182676,1990.8488222530211,-0.0,-65.83132962342042,-65.83132962342042,7206.715728092905
2024-01-05 09:37:00,2024-01-05,STK3,115.38047925109144,0.002090393851469141,1990.8488222530211,1990.8488222530211,0.0,0.0,OW,-0.07392372262431479,1990.8488222530211,-0.0,-147.17095612317613,-147.17095612317613,7059.544771969729
2024-01-05 09:38:00,2024-01-05,STK3,115.35323766434226,0.002090393851469141,1990.8488222530211,1990.8488222530211,0.0,0.0,OW,-0.02724158674918442,1990.8488222530211,-0.0,-54.23388089591731,-54.23388089591731,7005.310891073811
2024-01-05 09:39:00,2024-01-05,STK3,115.38073981316734,0.002090393851469141,1990.8488222530211,1990.8488222530211,0.0,0.0,OW,0.02750214882507862,1990.8488222530211,-0.0,54.75262059783508,54.75262059783508,7060.063511671646
2024-01-05 09:40:00,2024-01-05,STK3,115.33108390036124,0.002090393851469141,1990.8488222530211,1990.8488222530211,0.0,0.0,OW,-0.049655912806102265,1990.8488222530211,-0.0,-98.8574155279274,-98.8574155279274,6961.206096143718
2024-01-05 09:41:00,2024-01-05,STK3,115.29571759337941,0.002090393851469141,1990.8488222530211,1990.8488222530211,0.0,0.0,OW,-0.03536630698182819,1990.8488222530211,-0.0,-70.40897060221144,-70.40897060221144,6890.797125541507
2024-01-05 09:42:00,2024-01-05,STK3,115.49149280029631,0.002090393851469141,1990.8488222530211,1990.8488222530211,0.0,0.0,OW,0.19577520691690609,1990.8488222530211,-0.0,389.758840116864,389.758840116864,7280.555965658371
2024-01-05 09:43:00,2024-01-05,STK3,115.27305447257174,0.002090393851469141,1990.8488222530211,1990.8488222530211,0.0,0.0,OW,-0.21843832772457006,1990.8488222530211,-0.0,-434.87768748537974,-434.87768748537974,6845.678278172991
2024-01-05 09:44:00,2024-01-05,STK3,115.45476214590911,0.002090393851469141,1990.8488222530211,1990.8488222530211,0.0,0.0,OW,0.18170767333737103,1990.8488222530211,-0.0,361.7525074580418,361.7525074580418,7207.430785631032
2024-01-05 09:45:00,2024-01-05,STK3,115.39007371478533,0.002090393851469141,1990.8488222530211,1990.8488222530211,0.0,0.0,OW,-0.06468843112378408,1990.8488222530211,-0.0,-128.78488691618122,-128.78488691618122,7078.645898714851
2024-01-05 09:46:00,2024-01-05,STK3,115.36099183331963,0.002090393851469141,1990.8488222530211,1990.8488222530211,0.0,0.0,OW,-0.02908188146570012,1990.8488222530211,-0.0,-57.89762946489105,-57.89762946489105,7020.74826924996
2024-01-05 09:47:00,2024-01-05,STK3,115.38387955094147,0.002090393851469141,1990.8488222530211,1990.8488222530211,0.0,0.0,OW,0.02288771762184183,1990.8488222530211,-0.0,45.565985671503526,45.565985671503526,7066.3142549214635
2024-01-05 09:48:00,2024-01-05,STK3,115.29088512135637,0.002090393851469141,1990.8488222530211,1990.8488222530211,0.0,0.0,OW,-0.0929944295851044,1990.8488222530211,-0.0,-185.1378506155966,-185.1378506155966,6881.1764043058665
2024-01-05 09:49:00,2024-01-05,STK3,115.35377306847758,0.002090393851469141,1990.8488222530211,1990.8488222530211,0.0,0.0,OW,0.0628879471212116,1990.8488222530211,-0.0,125.20039546017438,125.20039546017438,7006.376799766041
2024-01-05 09:50:00,2024-01-05,STK3,115.46516287289725,0.002090393851469141,1990.8488222530211,1990.8488222530211,0.0,0.0,OW,0.11138980441967306,1990.8488222530211,-0.0,221.76026093990046,221.76026093990046,7228.137060705941
2024-01-05 09:51:00,2024-01-05,STK3,115.50025084098438,0.002090393851469141,1990.8488222530211,1990.8488222530211,0.0,0.0,OW,0.03508796808712589,1990.8488222530211,-0.0,69.85483994150616,69.85483994150616,7297.9919006474465
2024-01-05 09:52:00,2024-01-05,STK3,115.43895705616224,0.002090393851469141,1990.8488222530211,1990.8488222530211,0.0,0.0,OW,-0.06129378482214065,1990.8488222530211,-0.0,-122.02665932458882,-122.02665932458882,7175.965241322858
2024-01-05 09:53:00,2024-01-05,STK3,115.36211441440405,0.002090393851469141,1990.8488222530211,1990.8488222530211,0.0,0.0,OW,-0.07684264175819067,1990.8488222530211,-0.0,-152.9820828431047,-152.9820828431047,7022.983158479753
2024-01-05 09:54:00,2024-01-05,STK3,115.39117253133101,0.002090393851469141,1990.8488222530211,1990.8488222530211,0.0,0.0,OW,0.029058116926961475,1990.8488222530211,-0.0,57.85031786093183,57.85031786093183,7080.833476340685
2024-01-05 09:55:00,2024-01-05,STK3,115.38030382073,0.002090393851469141,1990.8488222530211,1990.8488222530211,0.0,0.0,OW,-0.010868710601002363,1990.8488222530211,-0.0,-21.63795969941448,-21.63795969941448,7059.19551664127
2024-01-05 09:56:00,2024-01-05,STK3,115.51754765350267,0.002090393851469141,1990.8488222530211,1990.8488222530211,0.0,0.0,OW,0.13724383277266838,1990.8488222530211,-0.0,273.23172283695743,273.23172283695743,7332.427239478227
2024-01-05 09:57:00,2024-01-05,STK3,115.72302598914567,0.002090393851469141,1990.8488222530211,1990.8488222530211,0.0,0.0,OW,0.20547833564299367,1990.8488222530211,-0.0,409.0763025133649,409.0763025133649,7741.503541991592
2024-01-05 09:58:00,2024-01-05,STK3,115.72184606980751,0.002090393851469141,1990.8488222530211,1990.8488222530211,0.0,0.0,OW,-0.00117991933815631,1990.8488222530211,-0.0,-2.349041024722054,-2.349041024722054,7739.15450096687
2024-01-05 09:59:00,2024-01-05,STK3,115.71859629014527,0.002090393851469141,1990.8488222530211,1990.8488222530211,0.0,0.0,OW,-0.003249779662240826,1990.8488222530211,-0.0,-6.469820013153969,-6.469820013153969,7732.6846809537155
2024-01-05 10:00:00,2024-01-05,STK3,115.78594679829393,0.002090393851469141,1990.8488222530211,1990.8488222530211,0.0,0.0,OW,0.06735050814866383,1990.8488222530211,-0.0,134.0846798259099,134.0846798259099,7866.7693607796255
2024-01-05 10:01:00,2024-01-05,STK3,115.694513600598,0.002090393851469141,1990.8488222530211,1990.8488222530211,0.0,0.0,OW,-0.09143319769593461,1990.8488222530211,-0.0,-182.02967394777906,-182.02967394777906,7684.7396868318465
2024-01-05 10:02:00,2024-01-05,STK3,115.68643854584712,0.002090393851469141,1990.8488222530211,1990.8488222530211,0.0,0.0,OW,-0.008075054750875665,1990.8488222530211,-0.0,-16.07621324040948,-16.07621324040948,7668.663473591437
2024-01-05 10:03:00,2024-01-05,STK3,115.75183760598298,0.002090393851469141,1990.8488222530211,1990.8488222530211,0.0,0.0,OW,0.06539906013586005,1990.8488222530211,-0.0,130.1996418479315,130.1996418479315,7798.863115439368
2024-01-05 10:04:00,2024-01-05,STK3,115.77561669409626,0.002090393851469141,1990.8488222530211,1990.8488222530211,0.0,0.0,OW,0.02377908811327245,1990.8488222530211,-0.0,47.340569564559274,47.340569564559274,7846.203685003928
2024-01-05 10:05:00,2024-01-05,STK3,115.71849920185491,0.002090393851469141,1990.8488222530211,1990.8488222530211,0.0,0.0,OW,-0.05711749224134621,1990.8488222530211,-0.0,-113.71229215873018,-113.71229215873018,7732.491392845197
2024-01-05 10:06:00,2024-01-05,STK3,115.67257804180932,0.002090393851469141,1990.8488222530211,1990.8488222530211,0.0,0.0,OW,-0.045921160045594434,1990.8488222530211,-0.0,-91.42208739326416,-91.42208739326416,7641.069305451932
2024-01-05 10:07:00,2024-01-05,STK3,115.61908540223095,0.002090393851469141,1990.8488222530211,1990.8488222530211,0.0,0.0,OW,-0.0534926395783657,1990.8488222530211,-0.0,-106.49575850379469,-106.49575850379469,7534.573546948138
2024-01-05 10:08:00,2024-01-05,STK3,115.50425202680367,0.002090393851469141,1990.8488222530211,1990.8488222530211,0.0,0.0,OW,-0.11483337542728123,1990.8488222530211,-0.0,-228.61589022474183,-228.61589022474183,7305.957656723396
2024-01-05 10:09:00,2024-01-05,STK3,115.5805143288232,0.002090393851469141,1990.8488222530211,1990.8488222530211,0.0,0.0,OW,0.07626230201952922,1990.8488222530211,-0.0,151.82671415788394,151.82671415788394,7457.78437088128
2024-01-05 10:10:00,2024-01-05,STK3,115.49230929374959,0.002090393851469141,1990.8488222530211,1990.8488222530211,0.0,0.0,OW,-0.08820503507361366,1990.8488222530211,-0.0,-175.60289019309016,-175.60289019309016,7282.181480688189
2024-01-05 10:11:00,2024-01-05,STK3,115.56861052443303,0.002090393851469141,1990.8488222530211,1990.8488222530211,0.0,0.0,OW,0.07630123068344119,1990.8488222530211,-0.0,151.90421524258497,151.90421524258497,7434.085695930774
2024-01-05 10:12:00,2024-01-05,STK3,115.58042878874315,0.002090393851469141,1990.8488222530211,1990.8488222530211,0.0,0.0,OW,0.011818264310122117,1990.8488222530211,-0.0,23.528377582881532,23.528377582881532,7457.614073513655
2024-01-05 10:13:00,2024-01-05,STK3,115.438963529674,0.002090393851469141,1990.8488222530211,1990.8488222530211,0.0,0.0,OW,-0.1414652590691503,1990.8488222530211,-0.0,-281.6359444075364,-281.6359444075364,7175.978129106119
2024-01-05 10:14:00,2024-01-05,STK3,115.76929498572684,0.002090393851469141,1990.8488222530211,1990.8488222530211,0.0,0.0,OW,0.3303314560528463,1990.8488222530211,-0.0,657.6399902359346,657.6399902359346,7833.618119342053
2024-01-05 10:15:00,2024-01-05,STK3,115.83682068897254,0.002090393851469141,1990.8488222530211,1990.8488222530211,0.0,0.0,OW,0.06752570324569263,1990.8488222530211,-0.0,134.43346677849416,134.43346677849416,7968.051586120548
2024-01-05 10:16:00,2024-01-05,STK3,115.62732100985261,0.002090393851469141,1990.8488222530211,1990.8488222530211,0.0,0.0,OW,-0.20949967911992928,1990.8488222530211,-0.0,-417.08218943829706,-417.08218943829706,7550.969396682251
2024-01-05 10:17:00,2024-01-05,STK3,115.46012874035486,0.002090393851469141,1990.8488222530211,1990.8488222530211,0.0,0.0,OW,-0.1671922694977468,1990.8488222530211,-0.0,-332.8545328193989,-332.8545328193989,7218.114863862852
2024-01-05 10:18:00,2024-01-05,STK3,115.49163778043703,0.002090393851469141,1990.8488222530211,1990.8488222530211,0.0,0.0,OW,0.03150904008217026,1990.8488222530211,-0.0,62.7297353379119,62.7297353379119,7280.844599200764
2024-01-05 10:19:00,2024-01-05,STK3,115.47167434160112,0.002090393851469141,1990.8488222530211,1990.8488222530211,0.0,0.0,OW,-0.01996343883591578,1990.8488222530211,-0.0,-39.74418869460315,-39.74418869460315,7241.10041050616
2024-01-05 10:20:00,2024-01-05,STK3,115.46794038073509,0.002090393851469141,1990.8488222530211,1990.8488222530211,0.0,0.0,OW,-0.0037339608660289514,1990.8488222530211,-0.0,-7.433751592472609,-7.433751592472609,7233.666658913688
2024-01-05 10:21:00,2024-01-05,STK3,115.42843944921125,0.002090393851469141,1990.8488222530211,1990.8488222530211,0.0,0.0,OW,-0.039500931523832605,1990.8488222530211,-0.0,-78.64038300211938,-78.64038300211938,7155.0262759115685
2024-01-05 10:22:00,2024-01-05,STK3,115.20037656124033,0.002090393851469141,1990.8488222530211,1990.8488222530211,0.0,0.0,OW,-0.22806288797092122,1990.8488222530211,-0.0,-454.0387319165312,-454.0387319165312,6700.987543995037
2024-01-05 10:23:00,2024-01-05,STK3,115.13431128336968,0.002090393851469141,1990.8488222530211,1990.8488222530211,0.0,0.0,OW,-0.0660652778706492,1990.8488222530211,-0.0,-131.52598064060052,-131.52598064060052,6569.461563354437
2024-01-05 10:24:00,2024-01-05,STK3,115.13034211194605,0.002090393851469141,1990.8488222530211,1990.8488222530211,0.0,0.0,OW,-0.003969171423634066,1990.8488222530211,-0.0,-7.9020202540622275,-7.9020202540622275,6561.559543100375
2024-01-05 10:25:00,2024-01-05,STK3,115.02503169025637,0.002090393851469141,1990.8488222530211,1990.8488222530211,0.0,0.0,OW,-0.10531042168967986,1990.8488222530211,-0.0,-209.65712899186815,-209.65712899186815,6351.9024141085065
2024-01-05 10:26:00,2024-01-05,STK3,115.0695617501894,0.002090393851469141,1990.8488222530211,1990.8488222530211,0.0,0.0,OW,0.044530059933023836,1990.8488222530211,-0.0,88.65261737251694,88.65261737251694,6440.555031481023
2024-01-05 10:27:00,2024-01-05,STK3,115.18726986410141,0.002090393851469141,1990.8488222530211,1990.8488222530211,0.0,0.0,OW,0.11770811391201619,1990.8488222530211,-0.0,234.3390599513619,234.3390599513619,6674.894091432386
2024-01-05 10:28:00,2024-01-05,STK3,115.17629467733639,0.002090393851469141,1990.8488222530211,1990.8488222530211,0.0,0.0,OW,-0.010975186765023182,1990.8488222530211,-0.0,-21.849937645153346,-21.849937645153346,6653.044153787232
2024-01-05 10:29:00,2024-01-05,STK3,115.23018903194838,0.002090393851469141,0.0,0.0,-1990.8488222530211,5.152522742986114,OW,0.053894354611998097,1990.8488222530211,229405.88612224744,107.29551240538309,102.14298966239699,6755.187143449629
2024-01-06 09:30:00,2024-01-06,STK3,115.47106551060439,0.0,0.0,0.0,0.0,0.0,OW,0.2408764786560056,0.0,-0.0,0.0,0.0,6755.187143449629
2024-01-06 09:31:00,2024-01-06,STK3,115.56170991191863,0.0,0.0,0.0,0.0,0.0,OW,0.09064440131423623,0.0,-0.0,0.0,0.0,6755.187143449629
2024-01-06 09:32:00,2024-01-06,STK3,115.46877482824782,0.0,0.0,0.0,0.0,0.0,OW,-0.0929350836708096,0.0,-0.0,-0.0,-0.0,6755.187143449629
2024-01-06 09:33:00,2024-01-06,STK3,115.49841470093548,0.0,0.0,0.0,0.0,0.0,OW,0.029639872687667435,0.0,-0.0,0.0,0.0,6755.187143449629
2024-01-06 09:34:00,2024-01-06,STK3,115.41599909905534,0.0,0.0,0.0,0.0,0.0,OW,-0.08241560188014319,0.0,-0.0,-0.0,-0.0,6755.187143449629
2024-01-06 09:35:00,2024-01-06,STK3,115.35691414759764,0.0,0.0,0.0,0.0,0.0,OW,-0.05908495145770587,0.0,-0.0,-0.0,-0.0,6755.187143449629
2024-01-06 09:36:00,2024-01-06,STK3,115.2361655744152,0.0,0.0,0.0,0.0,0.0,OW,-0.12074857318243915,0.0,-0.0,-0.0,-0.0,6755.187143449629
2024-01-06 09:37:00,2024-01-06,STK3,115.281168888926,0.0,0.0,0.0,0.0,0.0,OW,0.04500331451080797,0.0,-0.0,0.0,0.0,6755.187143449629
2024-01-06 09:38:00,2024-01-06,STK3,115.38626535251568,0.0,0.0,0.0,0.0,0.0,OW,0.10509646358967473,0.0,-0.0,0.0,0.0,6755.187143449629
2024-01-06 09:39:00,2024-01-06,STK3,115.35636004017289,0.0,0.0,0.0,0.0,0.0,OW,-0.029905312342791035,0.0,-0.0,-0.0,-0.0,6755.187143449629
2024-01-06 09:40:00,2024-01-06,STK3,115.36876545875509,0.0,0.0,0.0,0.0,0.0,OW,0.012405418582204675,0.0,-0.0,0.0,0.0,6755.187143449629
2024-01-06 09:41:00,2024-01-06,STK3,115.43282971158217,0.0,0.0,0.0,0.0,0.0,OW,0.06406425282708028,0.0,-0.0,0.0,0.0,6755.187143449629
2024-01-06 09:42:00,2024-01-06,STK3,115.33946778542104,0.0,0.0,0.0,0.0,0.0,OW,-0.09336192616113692,0.0,-0.0,-0.0,-0.0,6755.187143449629
2024-01-06 09:43:00,2024-01-06,STK3,115.36175139834512,0.0,0.0,0.0,0.0,0.0,OW,0.02228361292408465,0.0,-0.0,0.0,0.0,6755.187143449629
2024-01-06 09:44:00,2024-01-06,STK3,115.30134387456712,0.0,0.0,0.0,0.0,0.0,OW,-0.06040752377799663,0.0,-0.0,-0.0,-0.0,6755.187143449629
2024-01-06 09:45:00,2024-01-06,STK3,115.31264418068183,0.0,0.0,0.0,0.0,0.0,OW,0.01130030611470545,0.0,-0.0,0.0,0.0,6755.187143449629
2024-01-06 09:46:00,2024-01-06,STK3,115.26905970918851,0.0,0.0,0.0,0.0,0.0,OW,-0.04358447149331823,0.0,-0.0,-0.0,-0.0,6755.187143449629
2024-01-06 09:47:00,2024-01-06,STK3,115.22854690454766,0.0,0.0,0.0,0.0,0.0,OW,-0.04051280464085494,0.0,-0.0,-0.0,-0.0,6755.187143449629
2024-01-06 09:48:00,2024-01-06,STK3,115.32610656863389,0.0,0.0,0.0,0.0,0.0,OW,0.09755966408623351,0.0,-0.0,0.0,0.0,6755.187143449629
2024-01-06 09:49:00,2024-01-06,STK3,115.31515510911677,0.0,0.0,0.0,0.0,0.0,OW,-0.010951459517116291,0.0,-0.0,-0.0,-0.0,6755.187143449629
2024-01-06 09:50:00,2024-01-06,STK3,115.62738751682414,0.0,0.0,0.0,0.0,0.0,OW,0.31223240770736993,0.0,-0.0,0.0,0.0,6755.187143449629
2024-01-06 09:51:00,2024-01-06,STK3,115.54713947162598,0.0,0.0,0.0,0.0,0.0,OW,-0.08024804519816087,0.0,-0.0,-0.0,-0.0,6755.187143449629
2024-01-06 09:52:00,2024-01-06,STK3,115.65540807422563,0.0,0.0,0.0,0.0,0.0,OW,0.10826860259965088,0.0,-0.0,0.0,0.0,6755.187143449629
2024-01-06 09:53:00,2024-01-06,STK3,115.64806318580176,0.0,0.0,0.0,0.0,0.0,OW,-0.007344888423872931,0.0,-0.0,-0.0,-0.0,6755.187143449629
2024-01-06 09:54:00,2024-01-06,STK3,115.550180318164,0.0,0.0,0.0,0.0,0.0,OW,-0.09788286763776455,0.0,-0.0,-0.0,-0.0,6755.187143449629
2024-01-06 09:55:00,2024-01-06,STK3,115.6196421416483,0.0,0.0,0.0,0.0,0.0,OW,0.06946182348430341,0.0,-0.0,0.0,0.0,6755.187143449629
2024-01-06 09:56:00,2024-01-06,STK3,115.52609125882331,0.0,0.0,0.0,0.0,0.0,OW,-0.09355088282498514,0.0,-0.0,-0.0,-0.0,6755.187143449629
2024-01-06 09:57:00,2024-01-06,STK3,115.46585564671582,0.0,0.0,0.0,0.0,0.0,OW,-0.06023561210749051,0.0,-0.0,-0.0,-0.0,6755.187143449629
2024-01-06 09:58:00,2024-01-06,STK3,115.61619279378158,0.0,0.0,0.0,0.0,0.0,OW,0.15033714706575552,0.0,-0.0,0.0,0.0,6755.187143449629
2024-01-06 09:59:00,2024-01-06,STK3,115.76048058989286,0.0,0.0,0.0,0.0,0.0,OW,0.14428779611128562,0.0,-0.0,0.0,0.0,6755.187143449629
2024-01-06 10:00:00,2024-01-06,STK3,115.56278875282062,0.0,0.0,0.0,0.0,0.0,OW,-0.19769183707224158,0.0,-0.0,-0.0,-0.0,6755.187143449629
2024-01-06 10:01:00,2024-01-06,STK3,115.46450748027881,0.0,0.0,0.0,0.0,0.0,OW,-0.0982812725418114,0.0,-0.0,-0.0,-0.0,6755.187143449629
2024-01-06 10:02:00,2024-01-06,STK3,115.4299133701971,0.0,0.0,0.0,0.0,0.0,OW,-0.03459411008171287,0.0,-0.0,-0.0,-0.0,6755.187143449629
2024-01-06 10:03:00,2024-01-06,STK3,115.43588105721936,0.0,0.0,0.0,0.0,0.0,OW,0.005967687022263135,0.0,-0.0,0.0,0.0,6755.187143449629
2024-01-06 10:04:00,2024-01-06,STK3,115.4945060198934,0.0,0.0,0.0,0.0,0.0,OW,0.05862496267403117,0.0,-0.0,0.0,0.0,6755.187143449629
2024-01-06 10:05:00,2024-01-06,STK3,115.73974643246972,0.0,0.0,0.0,0.0,0.0,OW,0.24524041257632234,0.0,-0.0,0.0,0.0,6755.187143449629
2024-01-06 10:06:00,2024-01-06,STK3,115.52438353677645,0.0,0.0,0.0,0.0,0.0,OW,-0.21536289569326073,0.0,-0.0,-0.0,-0.0,6755.187143449629
2024-01-06 10:07:00,2024-01-06,STK3,115.52638612648002,0.0,0.0,0.0,0.0,0.0,OW,0.0020025897035651496,0.0,-0.0,0.0,0.0,6755.187143449629
2024-01-06 10:08:00,2024-01-06,STK3,115.47228327100612,0.0,0.0,0.0,0.0,0.0,OW,-0.054102855473900036,0.0,-0.0,-0.0,-0.0,6755.187143449629
2024-01-06 10:09:00,2024-01-06,STK3,115.55615795363146,0.0,0.0,0.0,0.0,0.0,OW,0.0838746826253356,0.0,-0.0,0.0,0.0,6755.187143449629
2024-01-06 10:10:00,2024-01-06,STK3,115.4407582688532,0.0,0.0,0.0,0.0,0.0,OW,-0.11539968477825369,0.0,-0.0,-0.0,-0.0,6755.187143449629
2024-01-06 10:11:00,2024-01-06,STK3,115.22666302917631,0.0,0.0,0.0,0.0,0.0,OW,-0.2140952396768938,0.0,-0.0,-0.0,-0.0,6755.187143449629
2024-01-06 10:12:00,2024-01-06,STK3,115.22828451973655,0.0,0.0,0.0,0.0,0.0,OW,0.0016214905602396357,0.0,-0.0,0.0,0.0,6755.187143449629
2024-01-06 10:13:00,2024-01-06,STK3,115.16613157464373,0.0,0.0,0.0,0.0,0.0,OW,-0.06215294509281932,0.0,-0.0,-0.0,-0.0,6755.187143449629
2024-01-06 10:14:00,2024-01-06,STK3,115.17658913687605,0.0,0.0,0.0,0.0,0.0,OW,0.010457562232318196,0.0,-0.0,0.0,0.0,6755.187143449629
2024-01-06 10:15:00,2024-01-06,STK3,115.14269215905385,0.0,0.0,0.0,0.0,0.0,OW,-0.03389697782219514,0.0,-0.0,-0.0,-0.0,6755.187143449629
2024-01-06 10:16:00,2024-01-06,STK3,115.19309604051108,0.0,0.0,0.0,0.0,0.0,OW,0.050403881457228294,0.0,-0.0,0.0,0.0,6755.187143449629
2024-01-06 10:17:00,2024-01-06,STK3,115.28417990351677,0.0,0.0,0.0,0.0,0.0,OW,0.09108386300569293,0.0,-0.0,0.0,0.0,6755.187143449629
2024-01-06 10:18:00,2024-01-06,STK3,115.43318713299587,0.0,0.0,0.0,0.0,0.0,OW,0.14900722947909628,0.0,-0.0,0.0,0.0,6755.187143449629
2024-01-06 10:19:00,2024-01-06,STK3,115.43479145874316,0.0,0.0,0.0,0.0,0.0,OW,0.0016043257472944106,0.0,-0.0,0.0,0.0,6755.187143449629
2024-01-06 10:20:00,2024-01-06,STK3,115.42347091194429,0.0,0.0,0.0,0.0,0.0,OW,-0.011320546798870623,0.0,-0.0,-0.0,-0.0,6755.187143449629
2024-01-06 10:21:00,2024-01-06,STK3,115.43416879101623,0.0,0.0,0.0,0.0,0.0,OW,0.010697879071940974,0.0,-0.0,0.0,0.0,6755.187143449629
2024-01-06 10:22:00,2024-01-06,STK3,115.44409580381085,0.0,0.0,0.0,0.0,0.0,OW,0.009927012794619827,0.0,-0.0,0.0,0.0,6755.187143449629
2024-01-06 10:23:00,2024-01-06,STK3,115.47114733511386,0.0,0.0,0.0,0.0,0.0,OW,0.027051531303001752,0.0,-0.0,0.0,0.0,6755.187143449629
2024-01-06 10:24:00,2024-01-06,STK3,115.53805706690244,0.0,0.0,0.0,0.0,0.0,OW,0.06690973178858428,0.0,-0.0,0.0,0.0,6755.187143449629
2024-01-06 10:25:00,2024-01-06,STK3,115.59411606728784,0.0,0.0,0.0,0.0,0.0,OW,0.056059000385403124,0.0,-0.0,0.0,0.0,6755.187143449629
2024-01-06 10:26:00,2024-01-06,STK3,115.4454528176768,0.0,0.0,0.0,0.0,0.0,OW,-0.14866324961104738,0.0,-0.0,-0.0,-0.0,6755.187143449629
2024-01-06 10:27:00,2024-01-06,STK3,115.32499710708183,0.0,0.0,0.0,0.0,0.0,OW,-0.12045571059496751,0.0,-0.0,-0.0,-0.0,6755.187143449629
2024-01-06 10:28:00,2024-01-06,STK3,115.31459613632138,0.0,0.0,0.0,0.0,0.0,OW,-0.010400970760443329,0.0,-0.0,-0.0,-0.0,6755.187143449629
2024-01-06 10:29:00,2024-01-06,STK3,115.45644827762516,0.0,0.0,0.0,0.0,0.0,OW,0.14185214130377233,0.0,-0.0,0.0,0.0,6755.187143449629
