timestamp,date,ticker,mid,alpha,target_position,position,trade,impact_cost,model_name,price_change,previous_position,trading_cashflow,inventory_pnl,pnl,cumulative_pnl
2024-01-02 09:30:00,2024-01-02,STK1,100.1114772136325,-0.0025876796234364247,-2464.4544371257025,-2464.4544371257025,-2464.4544371257025,6.073535672668563,OW,0.0,0.0,246720.17422634526,0.0,-6.073535672668563,-6.073535672668563
2024-01-02 09:31:00,2024-01-02,STK1,99.91634661403135,0.0016092419113457003,1532.6098845103008,1532.6098845103006,3997.064321636003,15.976523191295481,OW,-0.19513059960114276,-2464.4544371257025,-399372.064199161,480.8904720060351,464.9139488147396,458.84041314207104
2024-01-02 09:32:00,2024-01-02,STK1,99.92912077657515,0.001287285234291001,1225.9847698154585,1225.9847698154585,-306.62511469484207,0.09401896096162504,OW,0.012774162543792045,1532.6098845103006,30640.77811947208,19.577807780956935,19.48378881999531,478.32420196206635
2024-01-02 09:33:00,2024-01-02,STK1,99.84391319498097,0.0015990046876743999,1522.8601569659456,1522.8601569659456,296.8753871504871,0.08813499549575159,OW,-0.08520758159417596,1225.9847698154585,-29641.2003843796,-104.46319730726772,-104.55133230276347,373.7728696593029
2024-01-02 09:34:00,2024-01-02,STK1,99.92160119409878,-0.0005842915550333109,-556.4676176816126,-556.4676176816126,-2079.3277746475583,4.3236039944207665,OW,0.07768799911781343,1522.8601569659456,207769.76065014623,118.30795853092361,113.98435453650285,487.75722419580575
2024-01-02 09:35:00,2024-01-02,STK1,99.96832639753332,-0.00046705897294496755,-444.8176458355445,-444.8176458355445,111.64997184606813,0.012465716213227803,OW,0.04672520343453357,-556.4676176816126,-11161.460827783145,-26.001062640903598,-26.013528357116826,461.74369583868895
2024-01-02 09:36:00,2024-01-02,STK1,100.00519659381493,-0.00035475756488835574,-337.86402573745715,-337.86402573745715,106.95362009808736,0.011439076852085995,OW,0.03687019628161181,-444.8176458355445,-10695.917804329421,-16.400513911481013,-16.4119529883331,445.33174285035585
2024-01-02 09:37:00,2024-01-02,STK1,100.00020386790585,-0.0009996455064624073,-952.0424327809282,-952.0424327809282,-614.178407043471,0.37721511567845556,OW,-0.004992725909076512,-337.86402573745715,61417.96591561277,1.6868624750442958,1.3096473593658402,446.6413902097217
2024-01-02 09:38:00,2024-01-02,STK1,99.9321339526841,0.0013475632956111096,1283.3923925892543,1283.392392589254,2235.4348253701824,4.997168858477818,OW,-0.06806991522175565,-952.0424327809282,-223391.77241138805,64.80544768691178,59.808278828433956,506.44966903815566
2024-01-02 09:39:00,2024-01-02,STK1,99.88933940508599,0.0019170026832478445,1825.7151024121354,1825.7151024121354,542.3227098228813,0.29411392158963306,OW,-0.04279454759810619,1283.392392589254,-54172.25722858375,-54.92219683170822,-55.216310753297854,451.2333582848578
2024-01-02 09:40:00,2024-01-02,STK1,99.94252557247702,0.0021312969652813986,2029.8047004539983,2029.8047004539983,204.08959804186293,0.04165256402888918,OW,0.05318616739103277,1825.7151024121354,-20397.229871375443,97.10278904522836,97.06113648119947,548.2944947660573
2024-01-02 09:41:00,2024-01-02,STK1,99.98559218792242,0.0023348344960947786,2223.6497832809478,2223.6497832809478,193.84508282694947,0.037575916136186896,OW,0.04306661544539736,2029.8047004539983,-19381.715399169414,87.41681846371233,87.37924254757614,635.6737373136334
2024-01-02 09:42:00,2024-01-02,STK1,99.94496479818498,0.003282946208018531,3126.6124584819736,3126.6124584819736,902.9626752010258,0.8153415928061932,OW,-0.040627389737437625,2223.6497832809478,-90246.57278704147,-90.34108638492377,-91.15642797772996,544.5173093359034
2024-01-02 09:43:00,2024-01-02,STK1,100.00654780487594,0.0037461242615689887,3567.7339941285663,3567.7339941285663,441.12153564659275,0.19458820921120817,OW,0.0615830066909524,3126.6124584819736,-44115.041942401265,192.5461959507105,192.3516077414993,736.8689170774027
2024-01-02 09:44:00,2024-01-02,STK1,99.99515296222373,0.0040753381503706824,3881.2707324761427,3881.2707324761427,313.5367383475764,0.09830528629363657,OW,-0.011394842652208581,3567.7339941285663,-31352.154110342617,-40.65376748803067,-40.752072774324304,696.1168443030783
2024-01-02 09:45:00,2024-01-02,STK1,100.0602302546715,0.004040324835664657,3847.9247502284825,3847.9247502284825,-33.34598224766023,0.0011119545320612712,OW,0.06507729244776783,3881.2707324761427,3336.606661769071,252.582590526312,252.58147857177994,948.6983228748583
2024-01-02 09:46:00,2024-01-02,STK1,100.11459315820697,0.002203006933020115,2098.0998427812115,2098.0998427812115,-1749.824907447271,3.0618872067228504,OW,0.0543629035354769,3847.9247502284825,175183.0087071807,209.18436200844505,206.1224748017222,1154.8207976765805
2024-01-02 09:47:00,2024-01-02,STK1,100.12627579210196,0.0014932014221128765,1422.0952381120367,1422.0952381120367,-676.0046046691748,0.4569822255339273,OW,0.011682633894992023,2098.0998427812115,67685.82348383665,24.511332338353213,24.054350112819286,1178.8751477893998
2024-01-02 09:48:00,2024-01-02,STK1,100.21356673865344,0.0016686207742818578,1589.1611286864088,1589.1611286864088,167.06589057437213,0.027911011793408082,OW,0.08729094655147662,1422.0952381120367,-16742.268774827415,124.13603942114722,124.10812840935381,1302.9832761987536
2024-01-02 09:49:00,2024-01-02,STK1,100.22033930708315,0.0009397667397128327,895.0150901883263,895.0150901883263,-694.1460384980825,0.4818387227625814,OW,0.006772568429710191,1589.1611286864088,69567.55150694543,10.762702489864186,10.280863767101604,1313.2641399658553
2024-01-02 09:50:00,2024-01-02,STK1,100.28362720162677,0.0010845100759021237,1032.8657552727318,1032.8657552727318,137.85066508440548,0.019002805864212928,OW,0.06328789454362038,895.0150901883263,-13824.164706820828,56.64362064278768,56.62461783692347,1369.8887578027789
2024-01-02 09:51:00,2024-01-02,STK1,100.23646761787663,0.001304797970498442,1242.6635503189443,1242.6635503189443,209.7977950462125,0.04401511480625259,OW,-0.04715958375014395,1032.8657552727318,-21029.3898894516,-48.70951908844008,-48.75353420324633,1321.1352235995325
2024-01-02 09:52:00,2024-01-02,STK1,100.20889212428689,0.0014566331123528882,1387.2683096043606,1387.2683096043606,144.60475928541632,0.020910536407993195,OW,-0.027575493589736766,1242.6635503189443,-14490.682723890757,-34.26706076601958,-34.28797130242758,1286.847252297105
2024-01-02 09:53:00,2024-01-02,STK1,100.30596921670744,-0.0023455817221953814,-2233.8852269620515,-2233.8852269620515,-3621.153536566412,13.112752935387434,OW,0.09707709242054818,1387.2683096043606,363223.3151678018,134.67197390356017,121.55922096817274,1408.4064732652776
2024-01-02 09:54:00,2024-01-02,STK1,100.27238387312683,-0.001482718100619306,-1412.1111319125466,-1412.1111319125466,821.7740950495049,0.6753126632944327,OW,-0.03358534358061149,-2233.8852269620515,-82401.24751579537,75.02580286717279,74.35049020387835,1482.7569634691558
2024-01-02 09:55:00,2024-01-02,STK1,100.3437256248243,-0.0035401358778569298,-3371.554767906821,-3371.554767906821,-1959.4436359942742,3.839419362638462,OW,0.07134175169747436,-1412.1111319125466,196617.87458751755,-100.74248174214436,-104.58190110478283,1378.175062364373
2024-01-02 09:56:00,2024-01-02,STK1,100.30873935250584,-0.003469011543438383,-3303.8173710676306,-3303.8173710676306,67.7373968391903,0.004588354930549947,OW,-0.03498627231846285,-3371.554767906821,-6794.652883959592,117.95813324659986,117.95354489166931,1496.1286072560422
2024-01-02 09:57:00,2024-01-02,STK1,100.289551692244,-0.00431885105563307,-4113.187564233815,-4113.187564233815,-809.370193166184,0.6550801095858659,OW,-0.01918766026183505,-3303.8173710676306,81171.37382570152,63.392525283194715,62.73744517360885,1558.866052429651
2024-01-02 09:58:00,2024-01-02,STK1,100.1759592042278,-0.00443177693044247,-4220.7359140062445,-4220.7359140062445,-107.5483497724299,0.011566647538772921,OW,-0.11359248801620936,-4113.187564233815,10773.75909928496,467.2272090986509,467.21564245111216,2026.0816948807633
2024-01-02 09:59:00,2024-01-02,STK1,100.19022785504147,-0.005535937505858983,-5272.316412897686,-5272.316412897686,-1051.5804988914415,1.105821545648773,OW,0.014268650813676231,-4220.7359140062445,105358.08979185171,-60.224206933697694,-61.33002847934647,1964.7516664014167
2024-01-02 10:00:00,2024-01-02,STK1,100.14743045835488,-0.003958821193974091,-3770.3023082588406,-3770.3023082588406,1502.0141046388453,2.256046370534032,OW,-0.04279739668659488,-5272.316412897686,-150422.85309178694,225.64141698002723,223.3853706094932,2188.13703701091
2024-01-02 10:01:00,2024-01-02,STK1,100.11645498860491,-0.0035780258636240497,-3407.64043427011,-3407.64043427011,362.6618739887308,0.13152363484501806,OW,-0.03097546974996135,-3770.3023082588406,-36308.421183275874,116.78688509768116,116.65536146283614,2304.792398473746
2024-01-02 10:02:00,2024-01-02,STK1,100.05020723789154,-0.005429063674658353,-5170.531908691852,-5170.531908691852,-1762.8914744217418,3.1077863505888628,OW,-0.06624775071337297,-3407.64043427011,176377.65735380744,225.74851401033624,222.64072765974737,2527.4331261334933
2024-01-02 10:03:00,2024-01-02,STK1,99.93063474254168,-0.005657935715724558,-5388.505073542366,-5388.505073542366,-217.97316485051397,0.04751230059494933,OW,-0.11957249534985692,-5170.531908691852,21782.19672035254,618.2534026083433,618.2058903077484,3145.6390164412414
2024-01-02 10:04:00,2024-01-02,STK1,99.88373807629912,-0.006444453976106669,-6137.569370035523,-6137.569370035523,-749.0642964931576,0.5610973202807892,OW,-0.04689666624256006,-5388.505073542366,74819.34199322983,252.70292398025788,252.14182665997708,3397.7808431012186
2024-01-02 10:05:00,2024-01-02,STK1,99.92834923872475,-0.004906188875523445,-4672.556383778154,-4672.556383778154,1465.0129862573694,2.146263049902735,OW,0.044611162425624684,-6137.569370035523,-146396.3293299935,-273.8041040651937,-275.95036711509647,3121.830475986122
2024-01-02 10:06:00,2024-01-02,STK1,99.91850823143989,-0.006412780089249185,-6107.4037922337075,-6107.4037922337075,-1434.8474084555537,2.0587870855516184,OW,-0.009841007284862258,-4672.556383778154,143367.81259262643,45.98266141169046,43.92387432613884,3165.754350312261
2024-01-02 10:07:00,2024-01-02,STK1,99.75005445081058,-0.005082722378953948,-4840.683369781503,-4840.683369781503,1266.7204224522047,1.604580628657492,OW,-0.1684537806293065,-6107.4037922337075,-126355.43111356121,1028.8152586315316,1027.2106780028741,4192.965028315135
2024-01-02 10:08:00,2024-01-02,STK1,99.61820231206588,-0.005812750201043662,-5535.947300091773,-5535.947300091773,-695.2639303102706,0.4833919327904847,OW,-0.13185213874470492,-4840.683369781503,69260.9428699306,638.2544552916164,637.7710633588259,4830.736091673961
2024-01-02 10:09:00,2024-01-02,STK1,99.52804094211594,-0.003749369405161509,-3570.824604130386,-3570.824604130386,1965.1226959613873,3.8617072101825505,OW,-0.09016136994993929,-5535.947300091773,-195584.81213992622,499.12859254694195,495.2668853367594,5326.00297701072
2024-01-02 10:10:00,2024-01-02,STK1,99.65743462709837,-0.005964059260746498,-5680.051029233779,-5680.051029233779,-2109.2264251033935,4.448836112354441,OW,0.12939368498243198,-3570.824604130386,210200.09457348983,-462.04215395436455,-466.490990066719,4859.511986944001
2024-01-02 10:11:00,2024-01-02,STK1,99.56443610347414,-0.0038591751818374807,-3675.401434700996,-3675.401434700996,2004.6495945327833,4.018619996860452,OW,-0.09299852362423167,-5680.051029233779,-199591.80646471464,528.236359829039,524.2177398321785,5383.72972677618
2024-01-02 10:12:00,2024-01-02,STK1,99.46989260960406,-0.0025753864987747514,-2452.7467105028963,-2452.7467105028963,1222.6547241980998,1.4948845746039312,OW,-0.0945434938700771,-3675.401434700996,-121617.33411461006,347.4852930117262,345.99040843712226,5729.720135213302
2024-01-02 10:13:00,2024-01-02,STK1,99.29822453817255,0.0008733087781758358,831.7218537656971,831.7218537656972,3284.4685642685936,10.787733749668595,OW,-0.17166807143151175,-2452.7467105028963,-326141.89698331204,421.05829750201667,410.2705637523481,6139.990698965649
2024-01-02 10:14:00,2024-01-02,STK1,99.32183406769532,0.001955209259767241,1862.1022834904359,1862.1022834904359,1030.3804297247386,1.061683829959737,OW,0.023609529522772732,831.7218537656972,-102339.2740677211,19.636561661216493,18.574877831256757,6158.565576796906
2024-01-02 10:15:00,2024-01-02,STK1,99.32899836106722,0.004477254654047882,4264.047990476087,4264.047990476087,2401.9457069856508,5.769343179306797,OW,0.007164293371900499,1862.1022834904359,-238582.86119255016,13.340647047411313,7.571303868104516,6166.13688066501
2024-01-02 10:16:00,2024-01-02,STK1,99.35211254503963,0.002375413454789234,2262.2963738027242,2262.2963738027242,-2001.7516166733626,4.00700953485442,OW,0.023114183972410274,4264.047990476087,198878.25190694694,98.5599897190506,94.55298018419619,6260.689860849206
2024-01-02 10:17:00,2024-01-02,STK1,99.32833490357031,0.0003156849201661921,300.6520185849272,300.6520185849272,-1961.644355217797,3.8480485763578463,OW,-0.02377764146932293,2262.2963738027242,194846.8674767716,-53.79207207363054,-57.64012064998839,6203.049740199217
2024-01-02 10:18:00,2024-01-02,STK1,99.34614365016877,-0.002668484991491345,-2541.41185721856,-2541.41185721856,-2842.063875803487,8.077327074147139,OW,0.017808746598461767,300.6520185849272,282348.08606852865,5.3542356132949855,-2.723091460852153,6200.326648738365
2024-01-02 10:19:00,2024-01-02,STK1,99.42914338415116,-0.0036107690354071115,-3438.824377697842,-3438.824377697842,-897.4125204792822,0.805349231912978,OW,0.08299973398239047,-2541.41185721856,89228.95817346704,-210.93650808883336,-211.74185732074633,5988.584791417619
2024-01-02 10:20:00,2024-01-02,STK1,99.57474484067198,-0.0009890645006784464,-941.9652940125261,-941.9652940125261,2496.859083685316,6.234305283781875,OW,0.14560145652082213,-3438.824377697842,-248624.1061610794,-500.69783811211556,-506.9321433958974,5481.652648021722
2024-01-02 10:21:00,2024-01-02,STK1,99.48252400913088,-0.0011029397123536147,-1050.41777327223,-1050.41777327223,-108.45247925970398,0.011761940257576521,OW,-0.09222083154109839,-941.9652940125261,10789.12637180327,86.86882269669039,86.85706075643282,5568.509708778154
2024-01-02 10:22:00,2024-01-02,STK1,99.34566202601752,-8.307881039077184e-05,-79.12260120778157,-79.1226012077816,971.2951720644485,0.9434143112757066,OW,-0.13686198311336284,-1050.41777327223,-96493.96189141723,143.76225954756015,142.81884523628443,5711.328554014439
2024-01-02 10:23:00,2024-01-02,STK1,99.19965120411783,0.0014715021856493199,1401.4293183047635,1401.4293183047635,1480.551919512545,2.1920339863722815,OW,-0.1460108218996936,-79.1226012077816,-146870.2340052316,11.552756033189882,9.3607220468176,5720.689276061256
2024-01-02 10:24:00,2024-01-02,STK1,99.23075654415518,0.0011881428352325401,1131.5635273038217,1131.5635273038217,-269.8657910009417,0.07282754515256397,OW,0.031105340037356655,1401.4293183047635,26778.986606410315,43.5919354841906,43.51910793903804,5764.208384000294
2024-01-02 10:25:00,2024-01-02,STK1,99.52032299464588,0.0,0.0,0.0,-1131.5635273038217,1.2804360163242667,OW,0.28956645049069607,1131.5635273038217,112613.56772623713,327.6628341060995,326.3823980897753,6090.590782090069
2024-01-02 10:26:00,2024-01-02,STK1,99.42189254969533,0.0,0.0,0.0,0.0,0.0,OW,-0.09843044495055153,0.0,-0.0,-0.0,-0.0,6090.590782090069
2024-01-02 10:27:00,2024-01-02,STK1,99.34110125120091,0.0,0.0,0.0,0.0,0.0,OW,-0.08079129849441813,0.0,-0.0,-0.0,-0.0,6090.590782090069
2024-01-02 10:28:00,2024-01-02,STK1,99.28031348700583,0.0,0.0,0.0,0.0,0.0,OW,-0.06078776419508358,0.0,-0.0,-0.0,-0.0,6090.590782090069
2024-01-02 10:29:00,2024-01-02,STK1,99.29590654241595,0.0,0.0,0.0,0.0,0.0,OW,0.015593055410121792,0.0,-0.0,0.0,0.0,6090.590782090069
2024-01-03 09:30:00,2024-01-03,STK1,99.007676328976,-0.0011952922412847597,-1138.372478964077,-1138.372478964077,-1138.372478964077,1.2958919008628176,OW,-0.28823021343994526,0.0,112707.61393908937,-0.0,-1.2958919008628176,6089.294890189207
2024-01-03 09:31:00,2024-01-03,STK1,99.035470374076,-1.7794613237779305e-05,-16.947234562423567,-16.947234562423546,1121.4252444016533,1.2575945787813079,OW,0.027794045099994946,-1138.372478964077,-111060.87656868088,-31.639976020920603,-32.89757059970191,6056.397319589505
2024-01-03 09:32:00,2024-01-03,STK1,99.04837301301214,-0.0003272865427451947,-311.70117242287836,-311.70117242287836,-294.7539378604548,0.08687988388424486,OW,0.012902638936139965,-16.947234562423546,29194.897984256528,-0.218664048525023,-0.30554393240926786,6056.091775657096
2024-01-03 09:33:00,2024-01-03,STK1,98.93107576987983,0.002626196135979737,2501.136795088516,2501.136795088516,2812.8379675113943,7.912057431473631,OW,-0.11729724313231316,-311.70117242287836,-278277.0860922645,36.56168820631343,28.649630774839796,6084.7414064319355
2024-01-03 09:34:00,2024-01-03,STK1,98.85935438539116,0.0016247932652248627,1547.4206836230278,1547.4206836230278,-953.7161114654882,0.9095744212688515,OW,-0.0717213844886686,2501.136795088516,94283.75904642392,-179.3849937392998,-180.29456816056864,5904.446838271367
2024-01-03 09:35:00,2024-01-03,STK1,98.94228164868055,0.002966742352506304,2825.4662162286554,2825.4662162286554,1278.0455326056276,1.6334003834132023,OW,0.08292726328939182,1547.4206836230278,-126452.74104690395,128.3233624502575,126.68996206684429,6031.136800338211
2024-01-03 09:36:00,2024-01-03,STK1,99.03449655388631,0.0017966125653633522,1711.0579564813293,1711.0579564813293,-1114.4082597473262,1.2419057693930637,OW,0.09221490520576481,2825.4662162286554,110364.86095956902,260.55009929161645,259.3081935222234,6290.444993860435
2024-01-03 09:37:00,2024-01-03,STK1,99.03045973990815,0.0022679191565584864,2159.920949178607,2159.920949178607,448.8629926972776,0.20147798621315627,OW,-0.0040368139781605805,1711.0579564813293,-44451.10852704244,-6.907222676166708,-7.1087006623798645,6283.336293198055
2024-01-03 09:38:00,2024-01-03,STK1,99.07464432912394,0.0022365442568432698,2130.0401207649043,2130.0401207649043,-29.880828413702602,0.0008928639066891368,OW,0.044184589215788606,2159.920949178607,2960.432447347166,95.43521987803297,95.43432701412628,6378.770620212181
2024-01-03 09:39:00,2024-01-03,STK1,98.94811398463415,0.004885993632423574,4653.322837238798,4653.322837238798,2523.2827164738933,6.36695566725587,OW,-0.12653034448979383,2130.0401207649043,-249674.06584511607,-269.51471025746537,-275.88166592472123,6102.8889542874595
2024-01-03 09:40:00,2024-01-03,STK1,99.10448551623165,0.005016350332644231,4777.471957306927,4777.471957306927,124.14912006812938,0.015413004013690805,OW,0.15637153159750028,4653.322837238798,-12303.734671644832,727.6472190766563,727.6318060726426,6830.520760360102
2024-01-03 09:41:00,2024-01-03,STK1,99.13281621737865,0.004172088673983714,3973.4140005425847,3973.4140005425847,-804.0579567643422,0.6465091978360488,OW,0.02833070114699865,4777.471957306927,79708.52965604053,135.34913026062924,134.70262106279318,6965.223381422895
2024-01-03 09:42:00,2024-01-03,STK1,99.15456660830802,0.0017677459391158108,1683.5659576665269,1683.565957666527,-2289.8480428760577,5.243404059463312,OW,0.0217503909293697,3973.4140005425847,227048.8902902578,86.42330783603201,81.1799037765687,7046.403285199463
2024-01-03 09:43:00,2024-01-03,STK1,99.19708888234217,0.0021564695220111668,2053.778541173929,2053.778541173929,370.2125835074021,0.13705735698722515,OW,0.042522274034155316,1683.565957666527,-36724.01055154529,71.58905300647119,71.45199564948396,7117.855280848948
2024-01-03 09:44:00,2024-01-03,STK1,99.21526687046342,0.001528457537216533,1455.6724586134042,1455.6724586134042,-598.106082560525,0.3577308859958976,OW,0.018177988121252042,2053.778541173929,59341.254598089916,37.333561925142035,36.97583103914614,7154.831111888094
2024-01-03 09:45:00,2024-01-03,STK1,99.37919940901305,0.00108758087877725,1035.7903266542128,1035.7903266542128,-419.8821319591914,0.1763010047385958,OW,0.16393253854963064,1455.6724586134042,41727.55012025401,238.6320814372775,238.4557804325389,7393.286892320632
2024-01-03 09:46:00,2024-01-03,STK1,99.36136053457675,-0.002296560801458775,-2187.198680247709,-2187.1986802477095,-3222.989006901922,10.387658138610636,OW,-0.017838874436307606,1035.7903266542128,320240.5727137593,-18.47733357952654,-28.864991718137176,7364.421900602495
2024-01-03 09:47:00,2024-01-03,STK1,99.25142383313803,-0.0018196836565748582,-1733.0304033756713,-1733.0304033756713,454.1682768720382,0.20626882371691632,OW,-0.1099367014387127,-2187.1986802477095,-45076.84813939264,240.45340829753889,240.24713947382196,7604.669040076317
2024-01-03 09:48:00,2024-01-03,STK1,99.31529547646784,-0.0035859087616593693,-3415.1479490584957,-3415.1479490584957,-1682.1175456828244,2.8295194374940085,OW,0.06387164332980433,-1733.0304033756713,167060.00107564058,-110.6914998041178,-113.52101924161181,7491.148020834706
2024-01-03 09:49:00,2024-01-03,STK1,99.29906442316867,-0.005685078701924121,-5414.355511970104,-5414.355511970104,-1999.2075629116084,3.996830879602973,OW,-0.01623105329916541,-3415.1479490584957,198519.44058484584,55.43144838570388,51.434617506100906,7542.582638340807
2024-01-03 09:50:00,2024-01-03,STK1,99.4389244573317,-0.007342125470107684,-6992.49378820371,-6992.49378820371,-1578.1382762336061,2.4905204189135777,OW,0.1398600341630214,-5414.355511970104,156928.3728336172,-757.2519468748819,-759.7424672937955,6782.840171047012
2024-01-03 09:51:00,2024-01-03,STK1,99.2352663870344,-0.004234933867438406,-4033.2665087351397,-4033.2665087351397,2959.2272794685705,8.757026091550957,OW,-0.2036580702972941,-6992.49378820371,-293659.7073778427,1424.0777914713835,1415.3207653798327,8198.160936426844
2024-01-03 09:52:00,2024-01-03,STK1,99.15162347660936,-0.00029364470067570726,-279.66135334700374,-279.66135334700357,3753.605155388136,14.089551662556392,OW,-0.08364291042504135,-4033.2665087351397,-372176.04504690424,337.35414931045256,323.26459764789615,8521.42553407474
2024-01-03 09:53:00,2024-01-03,STK1,99.11850012897388,-0.0009481950817273983,-903.0420749384032,-903.0420749384032,-623.3807215913996,0.38860352405181403,OW,-0.03312334763548108,-279.66135334700357,61788.56213345697,9.26332022712191,8.874716703070098,8530.300250777811
2024-01-03 09:54:00,2024-01-03,STK1,98.98711722413567,0.001772303597287482,1687.9065803627636,1687.9065803627634,2590.9486553011666,6.713014934406923,OW,-0.1313829048382047,-903.0420749384032,-256470.53826401327,118.64429099652713,111.9312760621202,8642.23152683993
2024-01-03 09:55:00,2024-01-03,STK1,99.03548564864326,0.0010514468946407594,1001.3770412035412,1001.3770412035412,-686.5295391592222,0.4713228081381739,OW,0.04836842450758638,1687.9065803627634,67990.78632277282,81.64138200813461,81.17005919999644,8723.401586039927
2024-01-03 09:56:00,2024-01-03,STK1,99.0030397007315,0.005047628253375779,4807.260424871765,4807.260424871765,3805.8833836682243,14.48474833008189,OW,-0.03244594791175359,1001.3770412035412,-376794.02372965956,-32.49062731891603,-46.975375648997925,8676.42621039093
2024-01-03 09:57:00,2024-01-03,STK1,99.13553475822916,0.0021014948815589146,2001.4217906067847,2001.4217906067847,-2805.8386342649806,7.872730441533971,OW,0.13249505749764978,4807.260424871765,278158.3134531582,636.9382463995609,629.0655159580269,9305.491726348957
2024-01-03 09:58:00,2024-01-03,STK1,99.06656611715191,0.00393512015180454,3747.729908642506,3747.729908642506,1746.3081180357212,3.0495920431174626,OW,-0.0689686410772481,2001.4217906067847,-173000.7486363049,-138.03534112054254,-141.08493316366,9164.406793185297
2024-01-03 09:59:00,2024-01-03,STK1,99.08406017788877,0.00229335479437704,2184.1453430778065,2184.1453430778065,-1563.5845655646995,2.4447966936721497,OW,0.017494060736865436,3747.729908642506,154926.30718763077,65.56301464715915,63.118217953487,9227.525011138783
2024-01-03 10:00:00,2024-01-03,STK1,99.09302667853929,0.0018347027723405027,1747.3343095297078,1747.3343095297078,-436.81103354809875,0.19080387902935825,OW,0.00896650065051574,2184.1453430778065,43284.92740086207,19.584140639528076,19.39333676049872,9246.918347899282
2024-01-03 10:01:00,2024-01-03,STK1,99.2791835307735,-0.0025190634170282446,-2399.1057313547744,-2399.1057313547744,-4146.440040884482,17.192965012650106,OW,0.18615685223420542,1747.3343095297078,411655.18181831844,325.2782548628792,308.08528985022906,9555.00363774951
2024-01-03 10:02:00,2024-01-03,STK1,99.25065644457986,-0.002170030333611733,-2066.693587541091,-2066.693587541091,332.41214381368354,0.11049783335480902,OW,-0.028527086193633977,-2399.1057313547744,-32992.12348365818,68.43949598599893,68.32899815264412,9623.332635902156
2024-01-03 10:03:00,2024-01-03,STK1,99.2819853918896,-0.005389308949153455,-5132.670301412528,-5132.670301412528,-3065.976713871437,9.400213210001894,OW,0.03132894730974556,-2066.693587541091,304396.2553184577,-64.74733450946385,-74.14754771946575,9549.18508818269
2024-01-03 10:04:00,2024-01-03,STK1,99.20962688187663,-0.006052625919340006,-5764.40014756177,-5764.40014756177,-631.7298461492419,0.39908259851574485,OW,-0.07235851001297533,-5132.670301412528,62673.68232661162,371.39237539805947,370.9932927995437,9920.178380982234
2024-01-03 10:05:00,2024-01-03,STK1,99.19349016907518,-0.000511098766611893,-486.76026652535853,-764.4001475617697,5000.0,25.0,OW,-0.016136712801454678,-5764.40014756177,-495967.4508453759,93.01846965386724,68.01846965386724,9988.1968506361
2024-01-03 10:06:00,2024-01-03,STK1,99.14098712425903,0.0010653602077778125,1014.6278030000092,1014.6278030000092,1779.0279505617789,3.164940448880043,OW,-0.05250304481614876,-764.4001475617697,-176374.58714034225,40.13333520490632,36.96839475602627,10025.165245392127
2024-01-03 10:07:00,2024-01-03,STK1,99.13164228202284,-0.0005501754597191668,-523.9761292790834,-523.9761292790834,-1538.6039322790925,2.367302060424686,OW,-0.00934484223618881,1014.6278030000092,152524.3346284047,-9.481536747485945,-11.848838807910631,10013.316406584216
2024-01-03 10:08:00,2024-01-03,STK1,98.98631830203625,0.0028937120730012787,2755.9136353215654,2755.9136353215654,3279.889764600649,10.7576768679321,OW,-0.14532397998658553,-523.9761292790834,-324664.2122343506,76.14629652480205,65.38861965686995,10078.705026241085
2024-01-03 10:09:00,2024-01-03,STK1,98.87781105112954,0.004639988484571552,4419.03244337058,4419.03244337058,1663.1188080490147,2.765964169686375,OW,-0.10850725090671176,2755.9136353215654,-164445.54725785024,-299.0366123050652,-301.80257647475156,9776.902449766334
2024-01-03 10:10:00,2024-01-03,STK1,99.1654753735601,-0.0011049140549054186,-1052.298097721258,-580.96755662942,-5000.0,25.0,OW,0.2876643224305582,4419.03244337058,495827.3768678005,1271.1979736208518,1246.1979736208518,11023.100423387186
2024-01-03 10:11:00,2024-01-03,STK1,99.19935167712603,-0.0027262620676355913,-2596.4375916171425,-2596.4375916171425,-2015.4700349877226,4.062119461933412,OW,0.03387630356593263,-580.96755662942,199933.3207954566,-19.681033310336385,-23.743152772269795,10999.357270614917
2024-01-03 10:12:00,2024-01-03,STK1,99.10150438333623,-0.0006610299563143751,-629.5517397739385,-629.5517397739386,1966.885851843204,3.8686399541809653,OW,-0.09784729378979762,-2596.4375916171425,-194921.34686796129,254.05439183383712,250.18575187965615,11249.543022494574
2024-01-03 10:13:00,2024-01-03,STK1,99.14459972288769,-0.0013512373261739565,-1286.8914659833245,-1286.8914659833245,-657.3397262093858,0.43209551565303034,OW,0.04309533955145639,-629.5517397739386,65171.684036982144,-27.130745990768,-27.56284150642103,11221.980180988154
2024-01-03 10:14:00,2024-01-03,STK1,99.13133278636721,-0.0005367346806124287,-511.17539946383744,-511.1753994638375,775.716066519487,0.6017354158564651,OW,-0.013266936520480499,-1286.8914659833245,-76897.76753787503,17.073107387948856,16.471371972092392,11238.451552960247
2024-01-03 10:15:00,2024-01-03,STK1,99.10492895642615,0.00504485596610256,4804.620153792768,4488.8246005361625,5000.0,25.0,OW,-0.026403829941060053,-511.1753994638375,-495524.6447821307,13.496988317496605,-11.503011682503395,11226.948541277743
2024-01-03 10:16:00,2024-01-03,STK1,99.04990857043046,0.006753626541534088,6432.019151918987,6432.019151918987,1943.194551382824,3.7760050645238947,OW,-0.05502038599568948,4488.8246005361625,-192473.24264902735,-246.9768621884463,-250.7528672529702,10976.195674024773
2024-01-03 10:17:00,2024-01-03,STK1,99.06530502762469,0.0044521436921988525,4240.132811491468,4240.132811491468,-2191.886340427519,4.8043657293527415,OW,0.015396457194228219,6432.019151918987,217139.88890033617,99.03030754497676,94.22594181562403,11070.421615840398
2024-01-03 10:18:00,2024-01-03,STK1,99.07057101830287,0.005226919642555087,4978.013966229639,4978.013966229639,737.8811547381711,0.5444685985177368,OW,0.005265990678182675,4240.132811491468,-73102.30734355531,22.328499859570567,21.78403126105283,11092.205647101451
2024-01-03 10:19:00,2024-01-03,STK1,99.10193124793544,0.006336062157473079,6034.339164889442,6034.339164889442,1056.3251986598034,1.115822925323673,OW,0.03136022963256835,4978.013966229639,-104683.86721304558,156.1116610950938,154.99583816977014,11247.201485271222
2024-01-03 10:20:00,2024-01-03,STK1,99.38120515928324,0.00037915240015973576,361.0971800595769,1034.3391648894421,-5000.0,25.0,OW,0.27927391134780066,6034.339164889442,496906.0257964162,1685.2335009778956,1660.2335009778956,12907.434986249118
2024-01-03 10:21:00,2024-01-03,STK1,99.41955845345021,-0.0002241823782184945,-213.5068235349247,-213.5068235349247,-1247.8459884243669,1.5571196108267849,OW,0.03835329416696709,1034.3391648894421,124060.2971870597,39.670314259419854,38.113194648593065,12945.548180897711
2024-01-03 10:22:00,2024-01-03,STK1,99.3090244871116,0.0013334006579039637,1269.9041790474141,1269.9041790474141,1483.4110025823388,2.2005082025823395,OW,-0.11053396633860757,-213.5068235349247,-147316.09957990024,23.599756045672393,21.399247843090052,12966.947428740801
2024-01-03 10:23:00,2024-01-03,STK1,99.35671850918511,0.0031296312811450715,2980.5983814730384,2980.5983814730384,1710.6942024256243,2.926474654212643,OW,0.047694022073514475,1269.9041790474141,-169968.9623256977,60.566837946735646,57.640363292523006,13024.587792033324
2024-01-03 10:24:00,2024-01-03,STK1,99.448908496995,0.0017688601477851684,1684.6271077695817,1684.6271077695817,-1295.9712737034567,1.6795415422645599,OW,0.09218998780988841,2980.5983814730384,128882.92861326913,274.7813284541725,273.10178691190794,13297.689578945232
2024-01-03 10:25:00,2024-01-03,STK1,99.40202692334596,0.0,0.0,0.0,-1684.6271077695817,2.837968492232106,OW,-0.04688157364904555,1684.6271077695817,167455.34912231038,-78.97796982407824,-81.81593831631035,13215.87364062892
2024-01-03 10:26:00,2024-01-03,STK1,99.40724236626633,0.0,0.0,0.0,0.0,0.0,OW,0.005215442920373903,0.0,-0.0,0.0,0.0,13215.87364062892
2024-01-03 10:27:00,2024-01-03,STK1,99.38219714550715,0.0,0.0,0.0,0.0,0.0,OW,-0.02504522075918203,0.0,-0.0,-0.0,-0.0,13215.87364062892
2024-01-03 10:28:00,2024-01-03,STK1,99.52854489923054,0.0,0.0,0.0,0.0,0.0,OW,0.14634775372338993,0.0,-0.0,0.0,0.0,13215.87364062892
2024-01-03 10:29:00,2024-01-03,STK1,99.54611447426488,0.0,0.0,0.0,0.0,0.0,OW,0.017569575034343643,0.0,-0.0,0.0,0.0,13215.87364062892
2024-01-04 09:30:00,2024-01-04,STK1,99.45499746898041,-0.0021253015250286707,-2024.0947627941982,-2024.0947627941982,-2024.0947627941982,4.096959608770901,OW,-0.09111700528447386,0.0,201306.33951067348,-0.0,-4.096959608770901,13211.77668102015
2024-01-04 09:31:00,2024-01-04,STK1,99.30256422245974,0.0014442507692294573,1375.4756130988992,1375.4756130988994,3399.5703758930977,11.557078740649937,OW,-0.15243324652067258,-2024.0947627941982,-337586.0555808959,308.5393359582103,296.98225721756035,13508.75893823771
2024-01-04 09:32:00,2024-01-04,STK1,99.26994618360949,0.0021599128279566203,2057.057877046422,2057.057877046422,681.5822639475227,0.46455438252783054,OW,-0.03261803885024506,1375.4756130988994,-67660.6346617733,-44.86531698562454,-45.32987136815237,13463.429066869558
2024-01-04 09:33:00,2024-01-04,STK1,99.23675028897432,0.0045604435514512405,4343.275436357909,4343.275436357909,2286.2175593114866,5.22679072850417,OW,-0.033195894635170475,2057.057877046422,-226876.80103966233,-68.2858765448805,-73.51266727338466,13389.916399596174
2024-01-04 09:34:00,2024-01-04,STK1,99.29458794979989,0.003158026299891098,3007.6412307141595,3007.6412307141595,-1335.6342056437493,1.783918731285609,OW,0.057837660825569515,4343.275436357909,132621.24810105437,251.20489156009617,249.42097282881056,13639.337372424983
2024-01-04 09:35:00,2024-01-04,STK1,99.33819645391443,0.0037233236372817566,3546.0191345358303,3546.0191345358303,538.3779038216708,0.2898507673234162,OW,0.043608504114544644,3007.6412307141595,-53481.48997628378,131.15873498467255,130.86888421734912,13770.206256642332
2024-01-04 09:36:00,2024-01-04,STK1,99.38181481593986,8.018381028877205e-05,76.36546087934397,76.36546087934403,-3469.6536736564863,12.03849661511795,OW,0.043618362025426904,3546.0191345358303,344820.4788707743,154.67154635927483,142.6330497441569,13912.83930638649
2024-01-04 09:37:00,2024-01-04,STK1,99.38842847994177,-0.002159906192684395,-2057.0515577455594,-2057.0515577455594,-2133.4170186249034,4.551468175358371,OW,0.006613664001903885,76.36546087934403,212036.9647734918,0.505055499606517,-4.046412675751855,13908.792893710737
2024-01-04 09:38:00,2024-01-04,STK1,99.48683035247603,-0.002796130049418165,-2662.978463275906,-2662.978463275906,-605.9269055303466,0.3671474148455816,OW,0.09840187253426791,-2057.0515577455594,60281.74725649837,-202.41772518169577,-202.78487259654136,13706.008021114196
2024-01-04 09:39:00,2024-01-04,STK1,99.46786489101159,-0.004282699180272373,-4078.7572395382217,-4078.7572395382217,-1415.7787762623157,2.0044295433148203,OW,-0.018965461464446776,-2662.978463275906,140824.49203282173,50.50461542591089,48.50018588259607,13754.508206996792
2024-01-04 09:40:00,2024-01-04,STK1,99.54258027335496,-0.006848159041775897,-6522.050018786551,-6522.050018786551,-2443.292779248329,5.969679605127024,OW,0.0747153823433706,-4078.7572395382217,243211.66760963533,-304.7459066378891,-310.7155862430161,13443.792620753777
2024-01-04 09:41:00,2024-01-04,STK1,99.38621826590033,-0.005189288358684694,-4942.174682390487,-4942.174682390487,1579.875336396064,2.4960060785525764,OW,-0.15636200745463213,-6522.050018786551,-157017.8350159719,1019.8008336569864,1017.3048275784338,14461.09744833221
2024-01-04 09:42:00,2024-01-04,STK1,99.26980513508664,-0.007207887219979146,-6864.6479574582745,-6864.6479574582745,-1922.4732750677877,3.6959034933498653,OW,-0.1164131308136831,-4942.174682390487,190843.5473933911,575.3340278051965,571.6381243118466,15032.735572644056
2024-01-04 09:43:00,2024-01-04,STK1,99.33311317062378,-0.008226894556337508,-7835.130210673616,-7835.130210673616,-970.4822532153412,0.9418358038059256,OW,0.06330803553713338,-6864.6479574582745,96401.02348872145,-434.5873768406785,-435.5292126444844,14597.206359999573
2024-01-04 09:44:00,2024-01-04,STK1,99.23246848998916,-0.010116560044714616,-9634.809914194953,-9634.809914194953,-1799.6797035213376,3.2388470352666494,OW,-0.10064468063461618,-7835.130210673616,178586.65947175416,788.564177783879,785.3253307486124,15382.531690748185
2024-01-04 09:45:00,2024-01-04,STK1,99.16589192716546,-0.007843999903847921,-7470.468984170417,-7470.468984170417,2164.3409300245366,4.684371661379476,OW,-0.06657656282369828,-9634.809914194953,-214628.798760354,641.4525275467913,636.7681558854118,16019.299846633596
2024-01-04 09:46:00,2024-01-04,STK1,99.1012257715689,-0.006003986172930366,-5718.076623670231,-5718.076623670231,1752.3923605001855,3.0708789851394123,OW,-0.06466615559655509,-7470.468984170417,-173664.23095830146,483.086509709603,480.01563072446356,16499.31547735806
2024-01-04 09:47:00,2024-01-04,STK1,98.8744161151917,-0.002898377922629748,-2760.357297402334,-2760.357297402334,2957.719326267897,8.748103612978621,OW,-0.22680965637719908,-5718.076623670231,-292442.7714173565,1296.9149941531398,1288.1668905401611,17787.48236789822
2024-01-04 09:48:00,2024-01-04,STK1,98.88153864921347,-0.0026077445897860403,-2483.5639106877425,-2483.5639106877425,276.79338671459163,0.07661457892893347,OW,0.007122534021760885,-2760.357297402334,-27369.755966265584,-19.66073876296405,-19.737353341892984,17767.745014556327
2024-01-04 09:49:00,2024-01-04,STK1,98.67773279612094,0.0016141178874633,1537.2536668663174,1537.2536668663174,4020.81757755406,16.166973991967698,OW,-0.20380585309253263,-2483.5639106877425,-396765.1625398258,506.16486152754186,489.99788753557414,18257.7429020919
2024-01-04 09:50:00,2024-01-04,STK1,98.73605932340881,0.0002680538273295572,255.28911622899145,255.28911622899136,-1281.964550637326,1.6434331090907612,OW,0.058326527287874796,1537.2536668663174,126576.12792223414,89.66266794886386,88.01923483977309,18345.762136931673
2024-01-04 09:51:00,2024-01-04,STK1,98.77243610317497,0.0014113351166438056,1344.1274023965746,1344.1274023965746,1088.8382861675832,1.1855688134243598,OW,0.03637677976615805,255.28911622899136,-107547.21004717815,9.286595957759143,8.101027144334783,18353.863164076007
2024-01-04 09:52:00,2024-01-04,STK1,98.71605870254004,0.0051322240107233895,4887.827736091099,4887.827736091099,3543.7003336945245,12.557812055026684,OW,-0.05637740063492913,1344.1274023965746,-349820.1301651994,-75.77840906929829,-88.33622112432498,18265.52694295168
2024-01-04 09:53:00,2024-01-04,STK1,98.73905017984738,0.003218380051874872,3065.1209397656494,3065.1209397656494,-1822.7067963254494,3.3222600653709833,OW,0.02299147730734319,4887.827736091099,179972.33782552741,112.37838047654112,109.05612041117014,18374.58306336285
2024-01-04 09:54:00,2024-01-04,STK1,98.76574722303658,0.0027490516071903824,2618.1418943318936,2618.1418943318936,-446.9790454337558,0.19979026705687153,OW,0.026697043189201963,3065.1209397656494,44146.21941530451,81.82966610905085,81.62987584199398,18456.212939204845
2024-01-04 09:55:00,2024-01-04,STK1,98.75068436989203,0.004579284455985328,4361.219137872563,4361.219137872563,1743.0772435406693,3.0383182769493375,OW,-0.015062853144556243,2618.1418943318936,-172130.07070922604,-39.436686865931605,-42.475005142880946,18413.737934061963
2024-01-04 09:56:00,2024-01-04,STK1,98.8494670729659,0.006989903515271634,6657.044626882865,6657.044626882865,2295.8254890103017,5.270814675989391,OW,0.09878270307386572,4361.219137872563,-226941.12608119965,430.813015136526,425.5422004605366,18839.280134522498
2024-01-04 09:57:00,2024-01-04,STK1,98.9960166909137,0.0006698861123176289,637.9861660299647,1657.0446268828646,-5000.0,25.0,OW,0.1465496179478123,6657.044626882865,494980.0834545685,975.5873467312205,950.5873467312205,19789.867481253717
2024-01-04 09:58:00,2024-01-04,STK1,98.91465067066797,0.002354526230569417,2242.4037982529703,2242.4037982529703,585.3591713701057,0.3426453595070968,OW,-0.08136602024573847,1657.0446268828646,-57900.597952945674,-134.8271266590433,-135.1697720185504,19654.697709235166
2024-01-04 09:59:00,2024-01-04,STK1,98.91578088141921,-0.0005671614753439965,-540.1532716102142,-540.1532716102142,-2782.5570698631846,7.742623847045591,OW,0.001130210751242089,2242.4037982529703,275238.80541263067,2.534388881411603,-5.208234965633988,19649.489474269532
2024-01-04 10:00:00,2024-01-04,STK1,99.00056764446666,-0.003551408032408389,-3382.2901429697586,-3382.2901429697586,-2842.1368713595443,8.077741995541418,OW,0.08478676304744681,-540.1532716102142,281373.1635878634,-45.79784744931841,-53.87558944485983,19595.613884824674
2024-01-04 10:01:00,2024-01-04,STK1,99.23127502188771,-0.006805753454182696,-6481.663783351346,-6481.663783351346,-3099.3736403815874,9.606116962692214,OW,0.23070737742105507,-3382.2901429697586,307554.7981042946,-780.3192885616384,-789.9254055243306,18805.688479300345
2024-01-04 10:02:00,2024-01-04,STK1,99.0326619795778,-0.007358394402058767,-7007.987994353117,-7007.987994353117,-526.3242110017709,0.2770171750866366,OW,-0.1986130423099155,-6481.663783351346,52123.28767980636,1287.342963241408,1287.0659460663212,20092.754425366667
2024-01-04 10:03:00,2024-01-04,STK1,99.04334624345783,-0.008402816070707976,-8002.674350508216,-8002.674350508216,-994.686356155099,0.9894009471211085,OW,0.010684263880037292,-7007.987994353117,98517.06517631288,-74.875192999802,-75.86459394692311,20016.889831419743
2024-01-04 10:04:00,2024-01-04,STK1,98.88478016289163,-0.00526497044750039,-5014.25279356914,-5014.25279356914,2988.4215569390763,8.930663401978173,OW,-0.15856608056620303,-8002.674350508216,-295509.4086919669,1268.9527058077722,1260.022042405794,21276.91187382554
2024-01-04 10:05:00,2024-01-04,STK1,98.80628334314504,-0.0034174866784917315,-3254.7461178529657,-3254.7461178529657,1759.506675716174,3.095863741889781,OW,-0.07849681974659006,-5014.25279356914,-173850.3151449675,393.6028977006324,390.5070339587426,21667.418907784282
2024-01-04 10:06:00,2024-01-04,STK1,98.85808997268347,-0.00468828201344124,-4465.026236585717,-4465.026236585717,-1210.2801187327514,1.4647779657997626,OW,0.05180662953843296,-3254.7461178529657,119645.98086983238,-168.61742636926144,-170.0822043350612,21497.336703449222
2024-01-04 10:07:00,2024-01-04,STK1,98.6299811382432,0.0009713209379077039,925.0666788962143,534.973763414283,5000.0,25.0,OW,-0.22810883444027752,-4465.026236585717,-493149.905691216,1018.5119305728267,993.5119305728267,22490.848634022048
2024-01-04 10:08:00,2024-01-04,STK1,98.58346085138503,0.0013442388107396785,1280.2262195366277,1280.2262195366277,745.2524561223447,0.5554012233563873,OW,-0.04652028685816845,534.973763414283,-73469.5663325357,-24.887132935626386,-25.442534158982774,22465.406099863067
2024-01-04 10:09:00,2024-01-04,STK1,98.59709011223299,0.0025965885592252364,2472.939129796292,2472.939129796292,1192.7129102596643,1.422564086300078,OW,0.013629260847963565,1280.2262195366277,-117598.02229089578,17.448537090466967,16.02597300416689,22481.432072867232
2024-01-04 10:10:00,2024-01-04,STK1,98.61969227697902,-0.0005022744576442266,-478.3561707505294,-478.3561707505296,-2951.2953005468216,8.710143951029755,OW,0.022602164746032827,2472.939129796292,291055.83435842185,55.89377761856685,47.183633667537094,22528.61570653477
2024-01-04 10:11:00,2024-01-04,STK1,98.60198064527076,-0.0014041989382601288,-1337.3310485038862,-1337.3310485038862,-858.9748777533566,0.7378378406113939,OW,-0.017711631708266395,-478.3561707505296,84696.62427101028,8.472468321709973,7.73463048109858,22536.35033701587
2024-01-04 10:12:00,2024-01-04,STK1,98.68291957993196,-0.0025299279360835123,-2409.4528825053617,-2409.4528825053617,-1072.1218340014755,1.1494452269426871,OW,0.08093893466120505,-1337.3310485038862,105800.11272465676,-108.2421503552569,-109.39159558219959,22426.958741433667
2024-01-04 10:13:00,2024-01-04,STK1,98.65668931847314,0.0003520981970129873,335.33129683970526,335.3312968397054,2744.784179345067,7.533840191182972,OW,-0.02623026145882079,-2409.4528825053617,-270791.32002790656,63.20057908082505,55.666738889642076,22482.62548032331
2024-01-04 10:14:00,2024-01-04,STK1,98.73856087319801,0.0013009219082374787,1238.9720659670597,1238.9720659670597,903.6407691273544,0.8165666396290765,OW,0.08187155472487007,335.3312968397054,-89224.18908998475,27.45409462017359,26.63752798054451,22509.263008303853
2024-01-04 10:15:00,2024-01-04,STK1,98.59232042460859,0.0024689923866741334,2351.4190811952876,2351.4190811952876,1112.4470152282279,1.2375383616901932,OW,-0.14624044858942398,1238.9720659670597,-109678.73258078087,-181.1878307167882,-182.42536907847838,22326.837639225374
2024-01-04 10:16:00,2024-01-04,STK1,98.52547143280198,0.002088718729375949,1989.2540382113436,1989.2540382113436,-362.165042983944,0.13116351835956197,OW,-0.06684899180660864,2351.4190811952876,35682.48159647407,-157.189994892727,-157.32115841108654,22169.516480814287
2024-01-04 10:17:00,2024-01-04,STK1,98.54496072120048,0.0031866084331426633,3034.8622840765515,3034.8622840765515,1045.608245865208,1.093296603821317,OW,0.01948928839850339,1989.2540382113436,-103039.42351855025,38.769145648588356,37.67584904476704,22207.192329859055
2024-01-04 10:18:00,2024-01-04,STK1,98.67588439249411,0.001492631143147204,1421.552115804846,1421.552115804846,-1613.3101682717056,2.602769699048879,OW,0.1309236712936297,3034.8622840765515,159194.80765361406,397.33531210187266,394.73254240282375,22601.92487226188
2024-01-04 10:19:00,2024-01-04,STK1,98.80954111476815,-9.848435150071099e-05,-93.7945311487427,-93.79453114874264,-1515.3466469535886,2.2962754604334834,OW,0.1336567222740399,1421.552115804846,149730.70681528666,189.9999963402021,187.7037208797686,22789.62859314165
2024-01-04 10:20:00,2024-01-04,STK1,98.72683281526616,0.003099498455238955,2951.900479369977,2951.900479369977,3045.6950105187198,9.276258097098625,OW,-0.08270829950198788,-93.79453114874264,-300691.82210977195,7.757586173898737,-1.5186719231998875,22788.10992121845
2024-01-04 10:21:00,2024-01-04,STK1,98.63918909820809,0.0037417578098011745,3563.575472595907,3563.575472595907,611.6749932259299,0.3741462973379414,OW,-0.0876437170580715,2951.900479369977,-60335.12532345766,-258.7155303974879,-259.0896766948258,22529.020244523625
2024-01-04 10:22:00,2024-01-04,STK1,98.71848592949675,0.0030605949891863156,2914.849594606401,2914.849594606401,-648.725877989506,0.42084526477325535,OW,0.07929683128865861,3563.575472595907,64041.236458407475,282.5802430348395,282.1593977700662,22811.17964229369
2024-01-04 10:23:00,2024-01-04,STK1,98.75727288018592,0.0029442837071824417,2804.077050576563,2804.077050576563,-110.77254402983772,0.012270556510842336,OW,0.03878695068917182,2914.849594606401,10939.594358387094,113.05812749235093,113.04585693584009,22924.22549922953
2024-01-04 10:24:00,2024-01-04,STK1,98.80416379869745,0.001463103459978304,1393.4305395692995,1393.4305395692995,-1410.6465110072636,1.9899235790169658,OW,0.04689091851152227,2804.077050576563,139377.74893562275,131.48574847861533,129.49582489959838,23053.72132412913
2024-01-04 10:25:00,2024-01-04,STK1,98.89592599140036,0.0,0.0,0.0,-1393.4305395692995,1.9416486686043892,OW,0.09176219270291597,1393.4305395692995,137804.60351540253,127.86424169008623,125.92259302148184,23179.64391715061
2024-01-04 10:26:00,2024-01-04,STK1,98.84313952554663,0.0,0.0,0.0,0.0,0.0,OW,-0.05278646585372826,0.0,-0.0,-0.0,-0.0,23179.64391715061
2024-01-04 10:27:00,2024-01-04,STK1,98.88544260997516,0.0,0.0,0.0,0.0,0.0,OW,0.04230308442852504,0.0,-0.0,0.0,0.0,23179.64391715061
2024-01-04 10:28:00,2024-01-04,STK1,98.91794783886415,0.0,0.0,0.0,0.0,0.0,OW,0.03250522888899354,0.0,-0.0,0.0,0.0,23179.64391715061
2024-01-04 10:29:00,2024-01-04,STK1,98.88404594715452,0.0,0.0,0.0,0.0,0.0,OW,-0.03390189170963254,0.0,-0.0,-0.0,-0.0,23179.64391715061
2024-01-05 09:30:00,2024-01-05,STK1,99.22098932749617,0.0026228741450346,2497.9729972015266,2497.9729972015266,2497.9729972015266,6.239869094747978,OW,0.3369433803416513,0.0,-247851.3520957063,0.0,-6.239869094747978,23173.40404805586
2024-01-05 09:31:00,2024-01-05,STK1,99.20797858512839,-1.830867937532024e-05,-17.4368208938089,-17.436820893809,-2515.4098180953356,6.327286552970409,OW,-0.013010742367782768,2497.9729972015266,249548.72336642374,-32.50048310826721,-38.82776966123762,23134.576278394623
2024-01-05 09:32:00,2024-01-05,STK1,99.4017235353717,-0.004373766263045511,-4165.487711959809,-4165.487711959808,-4148.050891065999,17.20632619487343,OW,0.19374495024331395,-17.436820893809,412323.4078843947,-3.378295996472602,-20.584622191346032,23113.991656203278
2024-01-05 09:33:00,2024-01-05,STK1,99.4176480318848,-0.0011628208774051416,-1107.447399959754,-1107.447399959754,3058.0403120000537,9.351610549817385,OW,0.0159244965130938,-4165.487711959808,-304023.1754057365,-66.33329454443903,-75.68490509425641,23038.306751109023
2024-01-05 09:34:00,2024-01-05,STK1,99.33360993985298,0.0009966904663634179,949.2281115574345,949.2281115574347,2056.6755115171886,4.22991415967449,OW,-0.08403809203181822,-1107.447399959754,-204297.003033896,93.0677665182156,88.83785235854111,23127.144603467565
2024-01-05 09:35:00,2024-01-05,STK1,99.36479647028473,-8.625971707110116e-05,-82.15203325625515,-82.15203325625521,-1031.3801448136899,1.0637450031159077,OW,0.031186530431753567,949.2281115574347,102482.87817290508,29.603131387761906,28.539386384645997,23155.683989852212
2024-01-05 09:36:00,2024-01-05,STK1,99.20697488709646,0.0021777002131143828,2073.9982277296713,2073.9982277296713,2156.1502609859263,4.648983947949677,OW,-0.1578215831882659,-82.15203325625521,-213905.14479443728,12.965363950637267,8.31638000268759,23164.0003698549
2024-01-05 09:37:00,2024-01-05,STK1,99.16148153375815,0.0009401513539285269,895.3813890925122,895.3813890925121,-1178.6168386371592,1.3891376523190513,OW,-0.0454933533383155,2073.9982277296713,116873.39187989506,-94.35313419714608,-95.74227184946513,23068.258098005437
2024-01-05 09:38:00,2024-01-05,STK1,99.35376643591536,-0.002160858338091323,-2057.9583620313915,-2057.9583620313915,-2953.3397511239036,8.722215685568601,OW,0.19228490215721195,895.3813890925121,293425.4278390687,172.1683227950422,163.4461071094736,23231.70420511491
2024-01-05 09:39:00,2024-01-05,STK1,99.38831858697735,-0.0026238629140759866,-2498.9146811060054,-2498.9146811060054,-440.95631907461393,0.19444247533183273,OW,0.0345521510619875,-2057.9583620313915,43825.90712312856,-71.106888204189,-71.30133067952083,23160.40287443539
2024-01-05 09:40:00,2024-01-05,STK1,99.36006016127523,-0.0024179264155377253,-2302.7848692884345,-2302.7848692884345,196.12981181757095,0.038466903083595794,OW,-0.028258425702119894,-2498.9146811060054,-19487.46990161344,70.61539485197068,70.57692794888708,23230.979802384278
2024-01-05 09:41:00,2024-01-05,STK1,99.3263571352483,-0.00102659878589707,-977.7121982713064,-977.7121982713065,1325.072671017128,1.7558175834764658,OW,-0.03370302602692732,-2302.7848692884345,-131614.64135160463,77.61081838404253,75.85500080056606,23306.834803184844
2024-01-05 09:42:00,2024-01-05,STK1,99.21299730845051,0.0021493224782198938,2046.9718392838613,2046.9718392838613,3024.684037555168,9.14871352704103,OW,-0.11335982679779022,-977.7121982713065,-300087.9692768741,110.83328545412203,101.68457192708101,23408.519375111926
2024-01-05 09:43:00,2024-01-05,STK1,99.23513218718489,0.0037121640747325227,3535.3909898490792,3535.3909898490792,1488.419150565218,2.215391567769285,OW,0.02213487873437714,2046.9718392838613,-147703.47115627685,45.3094734352332,43.09408186746391,23451.61345697939
2024-01-05 09:44:00,2024-01-05,STK1,99.24421461977029,0.004369536977110952,4161.459824429646,4161.459824429646,626.0688345805665,0.3919621856330688,OW,0.009082432585401534,3535.3909898490792,-62133.70978586321,32.10995032834026,31.717988142707192,23483.331445122098
2024-01-05 09:45:00,2024-01-05,STK1,99.22730409409421,0.006376897709937963,6073.230130197936,6073.230130197936,1911.7703057682902,3.6548657020173816,OW,-0.016910525676081534,4161.459824429646,-189699.8134885296,-70.37247321099927,-74.02733891301665,23409.30410620908
2024-01-05 09:46:00,2024-01-05,STK1,99.27001092563644,0.001985348969420878,1890.8067415372727,1890.8067415372725,-4182.4233886606635,17.492665402015746,OW,0.0427068315422332,6073.230130197936,415189.21548798145,259.3684160875783,241.87575068556254,23651.179856894643
2024-01-05 09:47:00,2024-01-05,STK1,99.33083103249648,0.0033470990603330624,3187.710354878769,3187.710354878769,1296.9036133414966,1.68195898229823,OW,0.06082010686003514,1890.8067415372725,-128822.51368225834,114.99906807197175,113.31710908967352,23764.496965984315
2024-01-05 09:48:00,2024-01-05,STK1,99.43869201202955,-0.001338556445892325,-1274.8144486455967,-1274.8144486455967,-4462.524803524366,19.91412762207018,OW,0.10786097953307205,3187.710354878769,443747.6295337021,343.82956134494077,323.9154337228706,24088.412399707187
2024-01-05 09:49:00,2024-01-05,STK1,99.48384400340403,-0.0031414022337312654,-2991.8088018309177,-2991.8088018309177,-1716.994353185321,2.9480696088702785,OW,0.04515199137448178,-1274.8144486455967,170813.19838701407,-57.56041098931073,-60.50848059818101,24027.903919109005
2024-01-05 09:50:00,2024-01-05,STK1,99.5769593778105,-0.005840367297915903,-5562.249272063458,-5562.249272063458,-2570.4404702325405,6.607164211009284,OW,0.09311537440646589,-2991.8088018309177,255956.6462874258,-278.583396735046,-285.19056094605526,23742.71335816295
2024-01-05 09:51:00,2024-01-05,STK1,99.37891757005517,-0.005064815806839401,-4823.629507818946,-4823.629507818946,738.6197642445122,0.5455591561326187,OW,-0.19804180775533098,-5562.249272063458,-73403.23266646896,1101.557901025221,1101.0123418690885,24843.72570003204
2024-01-05 09:52:00,2024-01-05,STK1,99.51454919256805,-0.007679537269419771,-7313.83805293497,-7313.83805293497,-2490.2085451160237,6.201138598168864,OW,0.1356316225128893,-4823.629507818946,247811.98076270186,-654.2366965465333,-660.4378351447021,24183.287864887337
2024-01-05 09:53:00,2024-01-05,STK1,99.36514051011845,-0.0043479079677117725,-4140.860787477129,-4140.860787477129,3172.977265457841,10.067784727112317,OW,-0.1494086824496037,-7313.83805293497,-315283.3318176298,1092.7509071387888,1082.6831224116765,25265.970987299013
2024-01-05 09:54:00,2024-01-05,STK1,99.31115067555137,-0.0017439944849787364,-1660.945546698276,-1660.9455466982763,2479.9152407788524,6.149979601447233,OW,-0.0539898345670764,-4140.860787477129,-246283.2361395849,223.56438888118387,217.41440927973665,25483.38539657875
2024-01-05 09:55:00,2024-01-05,STK1,99.25559445324846,-0.0024861373645505406,-2367.7476160027854,-2367.7476160027854,-706.8020693045091,0.4995691651731361,OW,-0.05555622230291135,-1660.9455466982763,70154.05954960517,92.27586002540006,91.77629086022692,25575.161687438977
2024-01-05 09:56:00,2024-01-05,STK1,99.10078146375446,-9.289984491119254e-06,-8.84759585097467,-8.847595850974812,2358.9000201518106,5.564409305072212,OW,-0.15481298949400468,-2367.7476160027854,-233768.83539191057,366.55808680069384,360.9936774956216,25936.1553649346
2024-01-05 09:57:00,2024-01-05,STK1,99.09224918919692,-0.0006542032904351745,-623.0501594143001,-623.0501594143001,-614.2025635633253,0.3772447890877606,OW,-0.008532274557538244,-8.847595850974812,60862.71348126059,0.07549011697465333,-0.30175467211310725,25935.853610262486
2024-01-05 09:58:00,2024-01-05,STK1,99.12640674561824,-0.0008105255918132654,-771.928399890348,-771.928399890348,-148.87824047604795,0.02216473048724396,OW,0.03415755642132012,-623.0501594143001,14757.765021000694,-21.281870973506454,-21.304035703993698,25914.549574558492
2024-01-05 09:59:00,2024-01-05,STK1,99.21544392446951,-0.003087511216195894,-2940.4840721064975,-2940.4840721064975,-2168.5556722161496,4.702633703500836,OW,0.08903717885127094,-771.928399890348,215154.21369385166,-68.7303270014123,-73.43296070491314,25841.116613853577
2024-01-05 10:00:00,2024-01-05,STK1,99.1192367844053,-0.0005158419640826741,-491.2775931476961,-491.2775931476963,2449.206478958801,5.998612376573768,OW,-0.09620714006420883,-2940.4840721064975,-242763.476921817,282.89556298172494,276.8969506051512,26118.013564458728
2024-01-05 10:01:00,2024-01-05,STK1,99.10027272886767,0.0009842375056571433,937.368160275222,937.368160275222,1428.6457534229182,2.0410286887733378,OW,-0.018964055537637137,-491.2775931476963,-141579.18379714983,9.316615560849614,7.275586872076277,26125.289151330806
2024-01-05 10:02:00,2024-01-05,STK1,99.0564270214881,-0.0025462239728573873,-2424.972902747128,-2424.9729027471276,-3362.3410630223498,11.305337424086265,OW,-0.043845707379560395,937.368160275222,333061.4921306261,-41.09957006234425,-52.40490748643052,26072.884243844375
2024-01-05 10:03:00,2024-01-05,STK1,99.08200954901125,-0.006057126590118061,-5768.68649660149,-5768.68649660149,-3343.7135938543624,11.180420597726457,OW,0.025582527523141607,-2424.9729027471276,331301.8622354366,-62.03693602740099,-73.21735662512745,25999.66688721925
2024-01-05 10:04:00,2024-01-05,STK1,99.04617108615035,-0.005727857213767844,-5455.096913019935,-5455.096913019935,313.5895835815554,0.09833842693085332,OW,-0.03583846286089454,-5768.68649660149,-31059.847546253382,206.74085676459632,206.64251833766545,26206.309405556916
2024-01-05 10:05:00,2024-01-05,STK1,99.09098316626238,-0.006830667516276082,-6505.391438937756,-6505.391438937756,-1050.2945259178214,1.1031185911729413,OW,0.04481208011202398,-5455.096913019935,104074.71718734036,-244.45423988510402,-245.55735847627696,25960.752047080638
2024-01-05 10:06:00,2024-01-05,STK1,99.15417092278426,-0.006705584123590566,-6386.2645117391,-6386.2645117391,119.12692719865572,0.01419122478379382,OW,0.06318775652188435,-6505.391438937756,-11811.931700961586,-411.0610903231498,-411.0752815479336,25549.676765532706
2024-01-05 10:07:00,2024-01-05,STK1,98.91705400036837,-0.0016876248777115104,-1607.2602575726219,-1607.2602575726214,4779.004254166479,22.8388816613413,OW,-0.23711692241589333,-6386.2645117391,-472725.0218773757,1514.2913867574132,1491.452505096072,27041.12927062878
2024-01-05 10:08:00,2024-01-05,STK1,98.7503741288358,0.005053410217557594,4812.767052181468,3392.7397424273786,5000.0,25.0,OW,-0.16667987153256547,-1607.2602575726214,-493751.870644179,267.89793325160264,242.89793325160264,27284.02720388038
2024-01-05 10:09:00,2024-01-05,STK1,98.73267701846285,0.004821400079304272,4591.805226189568,4591.805226189568,1199.0654837621896,1.4377580343498537,OW,-0.017697110372949965,3392.7397424273786,-118386.94513227919,-60.041689688431156,-61.47944772278101,27222.5477561576
2024-01-05 10:10:00,2024-01-05,STK1,98.71696152083858,0.002853219268303431,2717.3490961469856,2717.3490961469856,-1874.4561300425826,3.513585783454215,OW,-0.015715497624270824,4591.805226189568,185040.6136619136,-72.16250412329651,-75.67608990675073,27146.87166625085
2024-01-05 10:11:00,2024-01-05,STK1,98.78676423674622,0.0006421597466756411,611.5801286623929,611.5801286623928,-2105.768967484593,4.434262944421128,OW,0.06980271590764175,2717.3490961469856,208022.102527957,189.67834698023515,185.244084035814,27332.115750286663
2024-01-05 10:12:00,2024-01-05,STK1,98.82480821243261,0.0005503015074326509,524.096174606168,524.096174606168,-87.48395405622477,0.007653442217311647,OW,0.03804397568639217,611.5801286623928,8645.584981271679,23.266939545112667,23.259286102895356,27355.37503638956
2024-01-05 10:13:00,2024-01-05,STK1,99.02612872279009,-0.004512338000044408,-4297.460669127371,-4297.460669127371,-4821.556843733539,23.247410397353722,OW,0.20132051035747622,524.096174606168,477460.1086518069,105.51130934811471,82.26389895076099,27437.63893534032
2024-01-05 10:14:00,2024-01-05,STK1,98.99572412909185,-0.004246174407537857,-4043.97177482484,-4043.97177482484,253.4888943025312,0.06425661953471984,OW,-0.030404593698236226,-4297.460669127371,-25094.3166501619,130.6625455789681,130.59828895943338,27568.237224299755
2024-01-05 10:15:00,2024-01-05,STK1,98.8726033693659,-0.0010063183858625548,-958.3975499666714,-958.3975499666712,3085.5742248581687,9.520768297109088,OW,-0.12312075972594982,-4043.97177482484,-305078.75650114036,497.896877226732,488.3761089296229,28056.61333322938
2024-01-05 10:16:00,2024-01-05,STK1,98.82181853613343,-0.00019985088522082354,-190.3339951303128,-190.33399513031281,768.0635548363584,0.5899216242678638,OW,-0.05078483323246985,-958.3975499666712,-75901.43724025619,48.67205974546509,48.082138121197225,28104.695471350577
2024-01-05 10:17:00,2024-01-05,STK1,98.85485971110356,-0.002431347662935778,-2315.5669974940765,-2315.5669974940765,-2125.2330023637637,4.5166153143360965,OW,0.03304117497012271,-190.33399513031281,210089.6103020773,-6.28885883586315,-10.805474150199245,28093.88999720038
2024-01-05 10:18:00,2024-01-05,STK1,98.7792117879207,0.0013709689162719257,1305.683438655702,1305.683438655702,3621.2504361497786,13.11345472131496,OW,-0.0756479231828564,-2315.5669974940765,-357704.2637695392,175.16783435118936,162.0543796298744,28255.94437683025
2024-01-05 10:19:00,2024-01-05,STK1,98.76344311270493,0.0012027866643081037,1145.510017902939,1145.510017902939,-160.17342075276315,0.025655524715641694,OW,-0.015768675215767303,1305.683438655702,15819.278528682875,-20.588898078767997,-20.61455360348364,28235.32982322677
2024-01-05 10:20:00,2024-01-05,STK1,98.81762259787844,-0.0018817233415829538,-1792.1157613973262,-1792.1157613973262,-2937.625779300265,8.62964521920949,OW,0.05417948517350624,1145.510017902939,290289.1955926921,62.06314303107514,53.43349781186565,28288.763321038634
2024-01-05 10:21:00,2024-01-05,STK1,98.81090517892699,-0.003696112680585603,-3520.103962363468,-3520.103962363468,-1727.9882009661417,2.9859432226782023,OW,-0.006717418951453169,-1792.1157613973262,170744.07827597007,12.038392378808325,9.052449156130123,28297.815770194764
2024-01-05 10:22:00,2024-01-05,STK1,98.72204550197738,-0.0041961549485300615,-3996.334240186496,-3996.334240186496,-476.23027782302825,0.22679527751539866,OW,-0.08885967694961039,-3520.103962363468,47014.42715666432,312.79530092466126,312.56850564714586,28610.38427584191
2024-01-05 10:23:00,2024-01-05,STK1,98.85404469504618,-0.006182420077590042,-5888.013513882408,-5888.013513882408,-1891.679273695912,3.5784504745306926,OW,0.13199919306880759,-3996.334240186496,187000.14747062817,-527.5128949378637,-531.0913454123944,28079.292930429514
2024-01-05 10:24:00,2024-01-05,STK1,98.82908548664375,-0.0052776453448977086,-5026.324112927234,-5026.324112927234,861.6894009551743,0.742508623718487,OW,-0.024959208402435706,-5888.013513882408,-85159.97546993376,146.9601563693488,146.2176477456303,28225.510578175144
2024-01-05 10:25:00,2024-01-05,STK1,98.71487075357155,0.0,0.0,-26.324112927233728,5000.0,25.0,OW,-0.11421473307220253,-5026.324112927234,-493574.3537678577,574.0802668923592,549.0802668923592,28774.590845067505
2024-01-05 10:26:00,2024-01-05,STK1,98.60909199551294,0.0,0.0,0.0,26.324112927233728,0.0006929589214057538,OW,-0.10577875805860515,-26.324112927233728,-2595.796873341862,2.784531972437257,2.783839013515851,28777.37468408102
2024-01-05 10:27:00,2024-01-05,STK1,98.49313531794603,0.0,0.0,0.0,0.0,0.0,OW,-0.11595667756691341,0.0,-0.0,-0.0,-0.0,28777.37468408102
2024-01-05 10:28:00,2024-01-05,STK1,98.51632809619011,0.0,0.0,0.0,0.0,0.0,OW,0.023192778244080614,0.0,-0.0,0.0,0.0,28777.37468408102
2024-01-05 10:29:00,2024-01-05,STK1,98.54086527571832,0.0,0.0,0.0,0.0,0.0,OW,0.024537179528209663,0.0,-0.0,0.0,0.0,28777.37468408102
2024-01-06 09:30:00,2024-01-06,STK1,98.07338849351419,0.00022363628831936858,212.98673841202876,212.98673841202876,212.98673841202876,0.045363350739393966,OW,-0.46747678220413036,0.0,-20888.33114024938,-0.0,-0.045363350739393966,28777.32932073028
2024-01-06 09:31:00,2024-01-06,STK1,98.15311544402259,-0.00027323361499765394,-260.2222426432489,-260.2222426432488,-473.2089810552776,0.2239267397513741,OW,0.07972695050840173,212.98673841202876,46446.93574666696,16.98078315232172,16.756856412570347,28794.08617714285
2024-01-06 09:32:00,2024-01-06,STK1,97.97905191185534,0.00036238982885687454,345.1328416419361,345.1328416419361,605.355084285185,0.3664547780699233,OW,-0.1740635321672528,-260.2222426432488,-59312.1172282837,45.2952027029678,44.92874792489788,28839.01492506775
2024-01-06 09:33:00,2024-01-06,STK1,98.10400064525373,-0.00340046442479536,-3238.5344631056164,-3238.5344631056164,-3583.6673047475524,12.842671351116586,OW,0.12494873339839785,345.1328416419361,351572.0995773286,43.12391141734974,30.281240066233153,28869.296165133983
2024-01-06 09:34:00,2024-01-06,STK1,98.04156601463814,-0.0018133894176967146,-1727.0358958674465,-1727.0358958674465,1511.49856723817,2.2846279187630403,OW,-0.06243463061559851,-3238.5344631056164,-148189.686560912,202.1967029398848,199.91207502112175,29069.208240155105
2024-01-06 09:35:00,2024-01-06,STK1,98.08550822251102,9.4912207455428e-07,0.9039249244089101,0.9039249244090115,1727.9398207918555,2.9857760242781892,OW,0.04394220787288816,-1727.0358958674465,-169485.85550028377,-75.88977034014697,-78.87554636442516,28990.33269379068
2024-01-06 09:36:00,2024-01-06,STK1,98.13829580348747,-0.00048600709287827066,-462.86345715696524,-462.86345715696524,-463.76738208137425,0.21508018468261136,OW,0.05278758097644243,0.9039249244090115,45513.3405267109,0.0477160101438653,-0.16736417453874608,28990.16532961614
2024-01-06 09:37:00,2024-01-06,STK1,97.9986723492655,0.0029454218924730062,2805.1610355352104,2805.1610355352104,3268.0244926921755,10.679984084835949,OW,-0.13962345422196165,-462.86345715696524,-320262.0614887151,64.62659472137445,53.946610636538495,29044.11194025268
2024-01-06 09:38:00,2024-01-06,STK1,97.91965859801148,0.006881700886158206,6553.994602060576,6553.994602060576,3748.8335665253653,14.05375310950729,OW,-0.0790137512540241,2805.1610355352104,-367084.5029749295,-221.64629628925977,-235.70004939876705,28808.411890853913
2024-01-06 09:39:00,2024-01-06,STK1,97.94332320617247,0.002066182112148363,1967.7906136740467,1967.7906136740467,-4586.203988386529,21.033267023092506,OW,0.023664608160984812,6553.994602060576,449188.059523979,155.09771414697312,134.0644471238806,28942.476337977794
2024-01-06 09:40:00,2024-01-06,STK1,98.08555966552122,-0.001294101024248159,-1232.4759921639686,-1232.4759921639688,-3200.2666058380155,10.241706348441971,OW,0.1422364593487515,1967.7906136740467,313899.94111249974,279.89156962870334,269.64986328026134,29212.126201258056
2024-01-06 09:41:00,2024-01-06,STK1,98.11193973835755,-0.0023415686841841412,-2230.063289638906,-2230.063289638906,-997.5872974749373,0.9951804160833488,OW,0.026380072836332147,-1232.4759921639688,97875.224813612,-32.512806442316226,-33.507986858399576,29178.618214399656
2024-01-06 09:42:00,2024-01-06,STK1,98.15817472461895,-0.005203064574759035,-4955.2948756801525,-4955.2948756801525,-2725.2315860412464,7.426887197556886,OW,0.046234986261396216,-2230.063289638906,267503.7581876871,-103.10694555849888,-110.53383275605576,29068.0843816436
2024-01-06 09:43:00,2024-01-06,STK1,98.29202041015277,-0.006714822383014057,-6395.0628456678205,-6395.0628456678205,-1439.767969987668,2.0729318074024103,OW,0.13384568553382792,-4955.2948756801525,141517.7026919121,-663.2448396576746,-665.3177714650769,28402.76661017852
2024-01-06 09:44:00,2024-01-06,STK1,98.05514923059364,0.0013542356596774132,1289.747018981328,-1395.0628456678205,5000.0,25.0,OW,-0.23687117955913095,-6395.0628456678205,-490275.7461529682,1514.8060796081093,1489.8060796081093,29892.57268978663
2024-01-06 09:45:00,2024-01-06,STK1,98.0154185436484,0.0014772885864657876,1406.9401709767778,1406.940170976778,2802.0030166445986,7.851220905285429,OW,-0.03973068694524784,-1395.0628456678205,-274639.4984369857,55.426805190174775,47.575584284889345,29940.14827407152
2024-01-06 09:46:00,2024-01-06,STK1,97.9849910506394,-0.00109306163396338,-1041.0100885269444,-1041.0100885269444,-2447.9502595037225,5.992460473004342,OW,-0.030427493009000273,1406.940170976778,239862.38426988263,-42.80966221647756,-48.802122689481905,29891.346151382037
2024-01-06 09:47:00,2024-01-06,STK1,97.87595644349324,0.0002148784176845306,204.64591717963185,204.64591717963185,1245.6560057065763,1.551658884552862,OW,-0.10903460714615676,-1041.0100885269444,-121919.77295811262,113.50612603772126,111.9544671531684,30003.300618535206
2024-01-06 09:48:00,2024-01-06,STK1,97.92730657009386,0.002285454048321113,2176.620830190746,2176.620830190746,1971.974913011114,3.8886850575451906,OW,0.051350126600624435,204.64591717963185,-193110.19185497353,10.508593755475,6.619908697929809,30009.920527233135
2024-01-06 09:49:00,2024-01-06,STK1,98.12852693196639,-0.0003678947191122343,-350.3755892729952,-350.37558927299506,-2526.996419463741,6.385710903982567,OW,0.20122036187252945,2176.620830190746,247970.43620433036,437.9804311102674,431.5947202062848,30441.51524743942
2024-01-06 09:50:00,2024-01-06,STK1,98.09543129302523,0.0005636337778954202,536.7935629541497,536.7935629541497,887.1691522271448,0.7870691046634307,OW,-0.03309563894116252,-350.37558927299506,-87027.24061758931,11.5959039963761,10.808834891712669,30452.32408233113
2024-01-06 09:51:00,2024-01-06,STK1,97.92580713964786,0.0031122142504957343,2964.0107490333194,2964.0107490333194,2427.2171860791696,5.891383268398082,OW,-0.16962415337737013,536.7935629541497,-237687.20205002752,-91.05315365451968,-96.94453692291776,30355.379545408214
2024-01-06 09:52:00,2024-01-06,STK1,97.88757810625316,0.0021843788687181355,2080.358846056466,2080.358846056466,-883.6519029768533,0.7808406856346142,OW,-0.03822903339469974,2964.0107490333194,86498.54467138597,-113.31126590704376,-114.09210659267838,30241.287438815536
2024-01-06 09:53:00,2024-01-06,STK1,98.050979815022,-0.000982653091313532,-935.8591956707966,-935.8591956707965,-3016.2180417272625,9.097571275241041,OW,0.16340170876884486,2080.358846056466,295743.134327105,339.93419029800884,330.8366190227678,30572.124057838304
2024-01-06 09:54:00,2024-01-06,STK1,98.10857806262648,-0.0011729036319799155,-1117.0500142189537,-1117.0500142189537,-181.19081854815727,0.03283011272615125,OW,0.057598247604474295,-935.8591956707965,17776.373565763075,-53.90384967517069,-53.93667978789684,30518.187378050407
2024-01-06 09:55:00,2024-01-06,STK1,98.12598368698677,-0.00612527679189457,-5833.591388860173,-5833.591388860173,-4716.541374641219,22.245762538702476,OW,0.01740562436029336,-1117.0500142189537,462815.2619870424,-19.442952939155465,-41.68871547785794,30476.498662572547
2024-01-06 09:56:00,2024-01-06,STK1,98.09421645075528,-0.0068286738300271455,-6503.492691937575,-6503.492691937575,-669.9013030774022,0.44876775586480144,OW,-0.03176723623148803,-5833.591388860173,65713.44342471771,185.31707572789543,184.86830797203064,30661.36697054458
2024-01-06 09:57:00,2024-01-06,STK1,98.00573389472035,-0.003692185577806275,-3516.363868040388,-3516.363868040388,2987.128823897187,8.922938610557392,OW,-0.08848255603493271,-6503.492691937575,-292755.75262411666,575.4456565371419,566.5227179265845,31227.889688471165
2024-01-06 09:58:00,2024-01-06,STK1,97.99773815165739,-0.00284915322652118,-2713.4766790900007,-2713.4766790900007,802.8871889503871,0.6446278381806545,OW,-0.007995743062963356,-3516.363868040388,-78681.1285080803,28.115942004738926,27.471314166558273,31255.361002637725
2024-01-06 09:59:00,2024-01-06,STK1,98.04499099977721,-0.0030196439286517447,-2875.8486217172604,-2875.8486217172604,-162.3719426272596,0.026364647752550086,OW,0.04725284811982533,-2713.4766790900007,15919.75565350601,-128.21950139372782,-128.24586604148038,31127.115136596243
2024-01-06 10:00:00,2024-01-06,STK1,97.79385285409948,0.0027524793277452007,2621.4063869893466,2124.1513782827396,5000.0,25.0,OW,-0.25113814567772863,-2875.8486217172604,-488969.2642704974,722.2352901079245,697.2352901079245,31824.350426704168
2024-01-06 10:01:00,2024-01-06,STK1,97.72406519739074,0.0031014992618712315,2953.8060076811653,2953.8060076811653,829.6546293984256,0.688326804082239,OW,-0.06978765670874054,2124.1513782827396,-81077.2230946488,-148.2395471849939,-148.92787398907615,31675.422552715092
2024-01-06 10:02:00,2024-01-06,STK1,97.805777886041,0.0007985342157782859,760.5080526383174,760.5080526383172,-2193.297955042848,4.810555919595139,OW,0.08171268865025638,2953.8060076811653,214517.21262882874,241.36343063890786,236.5528747193127,31911.975427434405
2024-01-06 10:03:00,2024-01-06,STK1,97.84345044964533,0.0015331897449501523,1460.1793188293652,1460.1793188293652,699.6712661910481,0.48953988073338445,OW,0.0376725636043318,760.5080526383172,-68458.25086460442,28.65028798462352,28.160748103890135,31940.136175538297
2024-01-06 10:04:00,2024-01-06,STK1,97.8813920172938,6.222276316851241e-05,59.25971800837562,59.25971800837556,-1400.9196008209897,1.962575727964441,OW,0.037941567648474006,1460.1793188293652,137123.96063267003,55.40149240426705,53.43891667630261,31993.5750922146
2024-01-06 10:05:00,2024-01-06,STK1,97.94259535357843,-0.001513094755078709,-1441.0412514642453,-1441.0412514642453,-1500.3009694726209,2.250902999000486,OW,0.06120333628462049,59.25971800837556,146943.37076163833,3.6268924493983903,1.3759894503979044,31994.951081664996
2024-01-06 10:06:00,2024-01-06,STK1,97.89154894089832,-0.0020651907315029864,-1966.8464425300417,-1966.8464425300417,-525.8051910657964,0.27647109895173866,OW,-0.05104641268010823,-1441.0412514642453,51471.8845945958,73.55998641130348,73.28351531235174,32068.23459697735
2024-01-06 10:07:00,2024-01-06,STK1,97.84893550672845,-0.005469232662546912,-5208.788051198915,-5208.788051198915,-3241.9416086688734,10.510185394018523,OW,-0.04261343416986563,-1966.8464425300417,317220.53538322006,83.81408140098833,73.30389600696981,32141.53849298432
2024-01-06 10:08:00,2024-01-06,STK1,97.92634521717471,-0.007257948437691104,-6912.325262253183,-6912.325262253183,-1703.5372110542676,2.902039029446552,OW,0.07740971044626122,-5208.788051198915,166821.17302000322,-403.21077481925323,-406.1128138486998,31735.42567913562
2024-01-06 10:09:00,2024-01-06,STK1,97.8847575117753,-0.006934001445610932,-6603.804611244115,-6603.804611244115,308.5206510090675,0.09518499209905881,OW,-0.04158770539940804,-6912.325262253183,-30199.469111397626,287.46774663147124,287.3725616393722,32022.79824077499
2024-01-06 10:10:00,2024-01-06,STK1,97.86070416275545,-0.004598056902078418,-4379.097640934074,-4379.097640934074,2224.7069703100415,4.949321103746083,OW,-0.024053349019851566,-6603.804611244115,-217711.39067033096,158.84361717315988,153.8942960694138,32176.692536844406
2024-01-06 10:11:00,2024-01-06,STK1,97.77983565653612,-0.004749442048915673,-4523.273833944609,-4523.273833944609,-144.17619301053492,0.020786774631011015,OW,-0.08086850621933195,-4379.097640934074,14097.524458155136,354.131084810939,354.110298036308,32530.802834880713
2024-01-06 10:12:00,2024-01-06,STK1,97.55321464936688,0.0006152458333294647,585.9478546491525,476.72616605539133,5000.0,25.0,OW,-0.22662100716924272,-4523.273833944609,-487766.0732468344,1025.0688719508091,1000.0688719508091,33530.87170683152
2024-01-06 10:13:00,2024-01-06,STK1,97.53359821638172,0.002250256244543472,2143.099144232693,2143.099144232693,1666.3729781773018,2.77679890239949,OW,-0.019616432985159804,476.72616605539133,-162527.35253218038,-9.351666888697748,-12.128465791097238,33518.74324104043
2024-01-06 10:14:00,2024-01-06,STK1,97.50969949772723,0.0023125343341129996,2202.4115540013768,2202.4115540013768,59.312409768683665,0.0035179619525682413,OW,-0.023898718654493223,2143.099144232693,-5783.535253030405,-51.21732349670233,-51.220841458654895,33467.52239958177
2024-01-06 10:15:00,2024-01-06,STK1,97.61205778869495,-0.0024153784290247256,-2300.3582177776266,-2300.3582177776266,-4502.769771779003,20.274935617646737,OW,0.10235829096772875,2202.4115540013768,439524.62317208084,225.43508267516057,205.16014705751383,33672.682546639284
2024-01-06 10:16:00,2024-01-06,STK1,97.52321515557848,-0.002617247790376061,-2492.614569296659,-2492.614569296659,-192.25635151903225,0.03696250469940969,OW,-0.08884263311647089,-2300.3582177776266,18749.457534217112,204.36988117847653,204.33291867377713,33877.01546531306
2024-01-06 10:17:00,2024-01-06,STK1,97.58638039143533,-0.0017486862080766837,-1665.4138501550797,-1665.4138501550797,827.2007191415792,0.6842610297483457,OW,0.06316523585684308,-2492.614569296659,-80723.524038219,-157.44658716982678,-158.13084819957513,33718.88461711349
2024-01-06 10:18:00,2024-01-06,STK1,97.65487723516699,-0.0046833683830028085,-4460.34659300592,-4460.34659300592,-2794.9327428508404,7.8116490370597225,OW,0.06849684373166554,-1665.4138501550797,272938.8138836474,-114.07559224262394,-121.88724127968366,33596.9973758338
2024-01-06 10:19:00,2024-01-06,STK1,97.63430449499126,-0.003792787978345103,-3612.1755868281107,-3612.1755868281107,848.1710061778094,0.7193940557206776,OW,-0.02057274017573718,-4460.34659300592,-82810.58628098735,91.76155155164535,91.04215749592467,33688.03953332973
2024-01-06 10:20:00,2024-01-06,STK1,97.48177468252806,-0.002990902976971875,-2848.4763128529166,-2848.4763128529166,763.699273975194,0.5832365810702385,OW,-0.1525298124632002,-3612.1755868281107,-74446.76055086013,550.9644648430418,550.3812282619716,34238.4207615917
2024-01-06 10:21:00,2024-01-06,STK1,97.3821719061015,-0.0010376271990647102,-988.2154389040678,-988.2154389040679,1860.2608739488487,3.4605705191449343,OW,-0.09960277642655058,-2848.4763128529166,-181156.2442170814,283.7161493454142,280.25557882626924,34518.676340417966
2024-01-06 10:22:00,2024-01-06,STK1,97.49208281151371,-0.0025740899904578255,-2451.5119418532227,-2451.5119418532227,-1463.2965029491547,2.1412366555432256,OW,0.10991090541220672,-988.2154389040679,142659.8238433174,-108.61565363226735,-110.75689028781058,34407.91945013015
2024-01-06 10:23:00,2024-01-06,STK1,97.40215019527405,0.0005017775679651272,477.8829429354136,477.88294293541367,2929.3948847886363,8.581354391025828,OW,-0.08993261623966475,-2451.5119418532227,-285329.36054945027,220.4708826736412,211.88952828261537,34619.808978412766
2024-01-06 10:24:00,2024-01-06,STK1,97.42967866443792,-0.004071919926942653,-3878.015284692732,-3878.015284692732,-4355.898227628146,18.973849369454022,OW,0.027528469163868863,477.88294293541367,424393.76461280487,13.15538585853644,-5.818463510917583,34613.990514901845
2024-01-06 10:25:00,2024-01-06,STK1,97.3206636783372,0.0,0.0,0.0,3878.015284692732,15.039002548310453,OW,-0.10901498610071769,-3878.015284692732,-377411.02126103244,422.761782359149,407.7227798108385,35021.71329471268
2024-01-06 10:26:00,2024-01-06,STK1,97.32633514014796,0.0,0.0,0.0,0.0,0.0,OW,0.00567146181076339,0.0,-0.0,0.0,0.0,35021.71329471268
2024-01-06 10:27:00,2024-01-06,STK1,97.3534096148091,0.0,0.0,0.0,0.0,0.0,OW,0.027074474661134218,0.0,-0.0,0.0,0.0,35021.71329471268
2024-01-06 10:28:00,2024-01-06,STK1,97.4291573752742,0.0,0.0,0.0,0.0,0.0,OW,0.07574776046510578,0.0,-0.0,0.0,0.0,35021.71329471268
2024-01-06 10:29:00,2024-01-06,STK1,97.21045372848728,0.0,0.0,0.0,0.0,0.0,OW,-0.21870364678692056,0.0,-0.0,-0.0,-0.0,35021.71329471268
2024-01-02 09:30:00,2024-01-02,STK2,110.41472914056955,0.002860763012352733,2724.5332182281263,2724.5332182281263,2724.5332182281263,8.536543445812786,OW,0.0,0.0,-300828.5973251428,0.0,-8.536543445812786,35013.17675126687
2024-01-02 09:31:00,2024-01-02,STK2,110.51755524101365,0.002723343762851867,2593.6578858526655,2593.6578858526655,-130.87533237546086,0.019697605518045454,OW,0.1028261004441049,2724.5332182281263,14464.021775491017,280.1531263608257,280.13342875530765,35293.31018002218
2024-01-02 09:32:00,2024-01-02,STK2,110.57462991895015,0.004052985536883396,3859.981998003903,3859.981998003903,1266.3241121512374,1.8441132705679624,OW,0.05707467793649812,2593.6578858526655,-140023.3200585662,148.0321885124995,146.18807524193153,35439.49825526411
2024-01-02 09:33:00,2024-01-02,STK2,110.57589614853869,0.005374881903241036,5118.929539497206,5118.929539497206,1258.947541493303,1.8226912490668365,OW,0.0012662295885377262,3859.981998003903,-139209.25260462158,4.887623417095512,3.064932168028676,35442.56318743214
2024-01-02 09:34:00,2024-01-02,STK2,110.46371105258892,0.003980473641440168,3790.923125598642,3790.923125598642,-1328.006413898564,2.0281411906590825,OW,-0.11218509594976922,5118.929539497206,146696.51678087577,-574.267601548602,-576.2957427392611,34866.26744469288
2024-01-02 09:35:00,2024-01-02,STK2,110.58927451570993,0.0009139278135710417,870.406488193886,870.4064881938862,-2920.516637404756,9.808830043761677,OW,0.1255634631210114,3790.923125598642,322977.81614165264,476.00143607569436,466.19260603193266,35332.46005072481
2024-01-02 09:36:00,2024-01-02,STK2,110.68387091759374,0.0024970306653048805,2378.121838537873,2378.121838537873,1507.7153503439868,2.614186414312324,OW,0.09459640188380547,870.4064881938862,-166879.77121794844,82.33732195946064,79.72313554514831,35412.18318626996
2024-01-02 09:37:00,2024-01-02,STK2,110.82227516818206,0.0006958087622372366,662.6742858683884,662.6742858683883,-1715.4475526694846,3.384174351853682,OW,0.13840425058832295,2378.121838537873,190109.8007185221,329.1421708705591,325.7579965187054,35737.941182788665
2024-01-02 09:38:00,2024-01-02,STK2,110.90431558129906,-0.00027649185940345787,-263.3252919803544,-263.32529198035445,-925.9995778487428,0.9860965009024572,OW,0.08204041311699939,662.6742858683883,102697.34940988668,54.36607217465513,53.379975673752675,35791.321158462415
2024-01-02 09:39:00,2024-01-02,STK2,110.70668171307227,0.0036733915720100437,3498.464332167678,3498.464332167678,3761.7896241480325,16.273720352799963,OW,-0.19763386822678797,-263.32529198035445,-416455.246592094,52.04199605602584,35.768275703225875,35827.08943416564
2024-01-02 09:40:00,2024-01-02,STK2,110.64512466726642,0.004589354341619764,4370.808871609107,4370.808871609107,872.3445394414289,0.8751327448172702,OW,-0.06155704580585564,3498.464332167678,-96520.67031930601,-215.3551291453979,-216.2302618902152,35610.85917227542
2024-01-02 09:41:00,2024-01-02,STK2,110.83659505030909,0.004713755128752763,4489.285681975456,4489.285681975456,118.47681036634913,0.016142267783771428,OW,0.19147038304267028,4370.808871609107,-13131.5662534273,836.8804488532971,836.8643065855134,36447.723478860935
2024-01-02 09:42:00,2024-01-02,STK2,110.86488564636082,0.00470209571088941,4478.181486648286,4478.181486648286,-11.104195327169691,0.00014179862694352775,OW,0.028290596051732564,4489.285681975456,1231.065345141522,127.00456778959438,127.00442599096743,36574.727904851905
2024-01-02 09:43:00,2024-01-02,STK2,110.88737102318302,0.003966131861214675,3777.2643022483117,3777.2643022483117,-700.9171843999748,0.5649776342952664,OW,0.022485376822203307,4478.181486648286,77722.86388308479,100.69359820550133,100.12862057120607,36674.856525423114
2024-01-02 09:44:00,2024-01-02,STK2,110.93140108445543,0.0018941622521214756,1803.962073871515,1803.962073871515,-1973.3022283767966,4.478009937194355,OW,0.044030061272408716,3777.2643022483117,218901.1809569161,166.31317867007533,161.835168732881,36836.691694156
2024-01-02 09:45:00,2024-01-02,STK2,110.92572186249126,0.0029133095101825687,2774.5774470652427,2774.5774470652427,970.6153731937277,1.083408333081999,OW,-0.005679221964172143,1803.962073871515,-107666.21092234559,-10.245101032464639,-11.328509365546639,36825.363184790454
2024-01-02 09:46:00,2024-01-02,STK2,111.12529695297019,-0.0005639655910511466,-537.1094984525938,-537.1094984525939,-3311.6869455178366,12.612360988880246,OW,0.1995750904789304,2774.5774470652427,368012.1952359444,553.7365450388455,541.1241840499653,37366.48736884042
2024-01-02 09:47:00,2024-01-02,STK2,111.15294695599229,0.0009027980417173521,859.8067170853595,859.8067170853597,1396.9162155379536,2.2440811502178097,OW,0.027650003022102965,-537.1094984525939,-155271.35400765564,-14.85107925541443,-17.09516040563224,37349.39220843479
2024-01-02 09:48:00,2024-01-02,STK2,111.13039475675937,-0.0002594574061339258,-247.10202092057312,-247.10202092057307,-1106.9087380059327,1.4090339974149693,OW,-0.02255219923291918,859.8067170853597,123011.20501430564,-19.390532385511204,-20.799566382926173,37328.59264205186
2024-01-02 09:49:00,2024-01-02,STK2,111.04751148634686,0.0017151543295435008,1633.478524803045,1633.478524803045,1880.5805457236181,4.067070667297262,OW,-0.08288327041250909,-247.10202092057307,-208833.78975224393,20.480623619437335,16.413552952140073,37345.006195003996
2024-01-02 09:50:00,2024-01-02,STK2,111.10429591015128,0.0027819383879936345,2649.4622296305433,2649.4622296305433,1015.9837048274983,1.1870563217462602,OW,0.05678442380441595,1633.478524803045,-112880.15418104616,92.75613682782829,91.56908050608203,37436.57527551008
2024-01-02 09:51:00,2024-01-02,STK2,111.09066595599349,0.0007503690534045798,714.6364110216258,714.6364110216259,-1934.8258186089174,4.305083590609017,OW,-0.013629954157792668,2649.4622296305433,214941.08869811488,-36.11204873266745,-40.41713232327647,37396.1581431868
2024-01-02 09:52:00,2024-01-02,STK2,111.20839816791322,-0.001531693409142227,-1458.7540300715166,-1458.7540300715168,-2173.3904410931427,5.432169910850301,OW,0.11773221191972993,714.6364110216259,241699.26954742274,84.13572538795329,78.70355547710298,37474.86169866391
2024-01-02 09:53:00,2024-01-02,STK2,111.11446172647598,0.0004546116625090349,432.9630139062561,432.96301390625604,1891.7170439777728,4.115382380647403,OW,-0.09393644143723634,-1458.7540300715168,-210197.12108039053,137.03016251714553,132.91478013649814,37607.776478800406
2024-01-02 09:54:00,2024-01-02,STK2,111.15275891329583,0.00039460311824881085,375.81208196658724,375.81208196658724,-57.150931939668794,0.0037561633748085525,OW,0.03829718681984673,432.96301390625604,6352.483759560184,16.581265429651786,16.577509266276977,37624.35398806668
2024-01-02 09:55:00,2024-01-02,STK2,111.27509195577369,-0.0011539277669387828,-1098.9776220138262,-1098.977622013826,-1474.7897039804134,2.5012553716116304,OW,0.12233304247786236,375.81208196658724,164107.35992584875,45.97423538691241,43.472980015300784,37667.82696808198
2024-01-02 09:56:00,2024-01-02,STK2,111.1367289260884,0.00022643646243739575,215.65353755793103,215.65353755793103,1314.631159571757,1.9874933485745296,OW,-0.13836302968529424,-1098.977622013826,-146103.80681911562,152.05787333817307,150.07037998959854,37817.89734807158
2024-01-02 09:57:00,2024-01-02,STK2,111.11427232435295,-0.00151022827425121,-1438.3110668509364,-1438.3110668509364,-1653.9646044088674,3.145938749532988,OW,-0.02245660173544195,215.65353755793103,183779.0734691276,-4.8428456057776295,-7.988784355310617,37809.90856371627
2024-01-02 09:58:00,2024-01-02,STK2,111.14237498976912,-0.001914804802676699,-1823.621624296982,-1823.621624296982,-385.31055744604555,0.1707338595312897,OW,0.02810266541617068,-1438.3110668509364,42824.330463185375,-40.42037467608736,-40.59110853561865,37769.31745518065
2024-01-02 09:59:00,2024-01-02,STK2,111.17699598859514,-0.0026902826152541567,-2562.1711131022635,-2562.1711131022635,-738.5494888052815,0.6272736495267238,OW,0.034620998826014215,-1823.621624296982,82109.71355428376,-63.13560211387995,-63.76287576340667,37705.55457941724
2024-01-02 10:00:00,2024-01-02,STK2,111.20413809388812,-0.0024159082517501403,-2300.8624816745582,-2300.8624816745582,261.3086314277052,0.07852453098741331,OW,0.027142105292981,-2562.1711131022635,-29058.601134411445,-69.54271813045597,-69.62124266144338,37635.9333367558
2024-01-02 10:01:00,2024-01-02,STK2,111.15063496447897,-0.0035839951422554557,-3413.3249685064206,-3413.3249685064206,-1112.4624868318624,1.4232087022993511,OW,-0.05350312940915103,-2300.8624816745582,123650.91178552483,123.10334310969428,121.68013440739493,37757.6134711632
2024-01-02 10:02:00,2024-01-02,STK2,111.0215441102052,-0.0031003794431515544,-2952.7390928586647,-2952.7390928586647,460.585875647756,0.2439602511731416,OW,-0.12909085427376965,-3413.3249685064206,-51134.95510976483,440.6290360984817,440.3850758473086,38197.9985470105
2024-01-02 10:03:00,2024-01-02,STK2,111.02477598846276,-0.000572343118483879,-545.0880872691225,-545.0880872691223,2407.6510055895424,6.666300869423783,OW,0.003231878257565768,-2952.7390928586647,-267308.91355397605,-9.542893274474388,-16.20919414389817,38181.7893528666
2024-01-02 10:04:00,2024-01-02,STK2,111.01171903742002,0.0030905793505970414,2943.4056816004836,2943.4056816004836,3488.493768869606,13.995027091758375,OW,-0.013056951042742071,-545.0880872691223,-387263.69013354316,7.117188469454847,-6.877838622303528,38174.9115142443
2024-01-02 10:05:00,2024-01-02,STK2,111.05568103989441,0.00555354623585272,5289.085860384743,5289.085860384743,2345.680178784259,6.327547826312556,OW,0.04396200247438742,2943.4056816004836,-260501.10975666717,129.39800785764643,123.07046003133388,38297.98197427563
2024-01-02 10:06:00,2024-01-02,STK2,110.93050517771795,0.008266170341078438,7872.534559679709,7872.534559679709,2583.448699294966,7.675338259172178,OW,-0.12517586217646226,5289.085860384743,-286583.26931350894,-662.0658826989959,-669.741220958168,37628.24075331746
2024-01-02 10:07:00,2024-01-02,STK2,110.83133926995148,0.011442397101220355,10897.509113414166,10897.509113414166,3024.974553734457,10.523041708352123,OW,-0.09916590776646217,7872.534559679709,-335261.98104791366,-780.6870360334839,-791.210077741836,36837.030675575625
2024-01-02 10:08:00,2024-01-02,STK2,110.98966235077958,0.008186753141693507,7796.899214532772,7796.899214532772,-3100.6098988813937,11.055849006797478,OW,0.15832308082809732,10897.509113414166,344135.6457583307,1725.3272161879981,1714.2713671812007,38551.302042756826
2024-01-02 10:09:00,2024-01-02,STK2,111.20130587351485,0.006376231070646646,6072.594368726784,6072.594368726784,-1724.3048458059884,3.419211281460515,OW,0.21164352273527243,7796.899214532772,191744.95057765557,1650.1632161755945,1646.744004894134,40198.04604765096
2024-01-02 10:10:00,2024-01-02,STK2,111.39648970182392,0.003219583102810296,3066.2662634324697,3066.2662634324697,-3006.328105294314,10.393709978184873,OW,0.19518382830906944,6072.594368726784,334894.39782172185,1185.2722166561905,1174.8785066780056,41372.924554328965
2024-01-02 10:11:00,2024-01-02,STK2,111.43720971576153,0.0033274379829951375,3168.9850844402768,3168.9850844402768,102.71882100780704,0.012133829617618982,OW,0.04072001393760161,3066.2662634324697,-11446.698798402764,124.85840498336776,124.84627115375014,41497.770825482716
2024-01-02 10:12:00,2024-01-02,STK2,111.53211499490966,6.696754439502638e-06,6.377854385685805,6.377854385685623,-3162.607230054591,11.502397165332606,OW,0.0949052791481364,3168.9850844402768,352732.27326618135,300.75341405508505,289.25101688975246,41787.021842372465
2024-01-02 10:13:00,2024-01-02,STK2,111.49176634694172,0.0005558759775779986,529.4051131067796,529.4051131067796,523.027258721094,0.31459114037009744,OW,-0.040348647967945794,6.377854385685623,-58313.23292241364,-0.2573378013988484,-0.5719289417689458,41786.4499134307
2024-01-02 10:14:00,2024-01-02,STK2,111.59311395277523,0.00041546272829662566,395.6783554919208,395.6783554919208,-133.7267576148588,0.020565272557510672,OW,0.1013476058335101,529.4051131067796,14922.98530105009,53.65394072939073,53.63337545683322,41840.08328888753
2024-01-02 10:15:00,2024-01-02,STK2,111.5946746181456,-0.00034629638345231797,-329.80571826261144,-329.80571826261144,-725.4840737545322,0.6052762124621921,OW,0.0015606653703770235,395.6783554919208,80960.15915128378,0.6175215072239701,0.012245294761778047,41840.09553418229
2024-01-02 10:16:00,2024-01-02,STK2,111.64210862739809,-0.0006106228914308371,-581.5449739563021,-581.5449739563021,-251.73925569369067,0.07287855078579536,OW,0.04743400925248409,-329.80571826261144,28104.701329935357,-15.644007491590871,-15.716886042376666,41824.378648139915
2024-01-02 10:17:00,2024-01-02,STK2,111.53252772274969,0.0024788221833823795,2360.7804461760634,2360.7804461760634,2942.3254201323653,9.955870709650663,OW,-0.10958090464839643,-581.5449739563021,-328164.99149026413,63.726224339859726,53.770353630209065,41878.14900177012
2024-01-02 10:18:00,2024-01-02,STK2,111.52601315933843,-0.0009613268245022994,-915.5483539254215,-915.5483539254215,-3276.328800101485,12.3444799673306,OW,-0.006514563411258223,2360.7804461760634,365395.8888744377,-15.379453916672444,-27.723933884003046,41850.42506788612
2024-01-02 10:19:00,2024-01-02,STK2,111.61873335061277,-0.002863091442067871,-2726.7507679090363,-2726.7507679090363,-1811.2024139836149,3.772522312083084,OW,0.0927201912743385,-915.5483539254215,202164.11929042326,-84.88981849687084,-88.66234080895393,41761.76272707717
2024-01-02 10:20:00,2024-01-02,STK2,111.5733200457868,-0.0017199150367607618,-1638.0125267108153,-1638.0125267108153,1088.738241198221,1.3631536015245047,OW,-0.04541330482597061,-2726.7507679090363,-121474.14023129613,123.8307638075025,122.467610205978,41884.230337283145
2024-01-02 10:21:00,2024-01-02,STK2,111.60443819853614,-0.004231170977387523,-4029.6822316694825,-4029.6822316694825,-2391.6697049586674,6.57809657425964,OW,0.031118152749343153,-1638.0125267108153,266920.95377837075,-50.971924011524685,-57.550020585784324,41826.68031669736
2024-01-02 10:22:00,2024-01-02,STK2,111.68530063994842,-0.005017028702374699,-4778.117340514054,-4778.117340514054,-748.4351088445719,0.644178378973864,OW,0.08086244141227894,-4029.6822316694825,83589.20014079854,-325.84994336847495,-326.49412174744884,41500.186194949914
2024-01-02 10:23:00,2024-01-02,STK2,111.46676884320892,-0.0022587557000169818,-2151.193548708953,-2151.193548708953,2626.9237918051012,7.935837899144444,OW,-0.21853179673949796,-4778.117340514054,-292814.70706986514,1044.170567454688,1036.2347295555435,42536.42092450546
2024-01-02 10:24:00,2024-01-02,STK2,111.4421410513441,-0.0033646812987974195,-3204.4548701660183,-3204.4548701660183,-1053.2613214570652,1.2757633229691054,OW,-0.02462779186483033,-2151.193548708953,117377.69674974334,52.979146978569844,51.70338365560074,42588.12430816106
2024-01-02 10:25:00,2024-01-02,STK2,111.46728075794181,0.0,0.0,0.0,3204.4548701660183,11.808810667170318,OW,0.02513970659771303,-3204.4548701660183,-357191.87068894954,-80.5590552415863,-92.36786590875661,42495.7564422523
2024-01-02 10:26:00,2024-01-02,STK2,111.34349769671744,0.0,0.0,0.0,0.0,0.0,OW,-0.12378306122437266,0.0,-0.0,-0.0,-0.0,42495.7564422523
2024-01-02 10:27:00,2024-01-02,STK2,111.37567133650946,0.0,0.0,0.0,0.0,0.0,OW,0.03217363979202048,0.0,-0.0,0.0,0.0,42495.7564422523
2024-01-02 10:28:00,2024-01-02,STK2,111.32764097644056,0.0,0.0,0.0,0.0,0.0,OW,-0.04803036006889272,0.0,-0.0,-0.0,-0.0,42495.7564422523
2024-01-02 10:29:00,2024-01-02,STK2,111.23493958043935,0.0,0.0,0.0,0.0,0.0,OW,-0.09270139600121752,0.0,-0.0,-0.0,-0.0,42495.7564422523
2024-01-03 09:30:00,2024-01-03,STK2,111.12096374757104,0.002296587126147139,2187.2234388954134,2187.2234388954134,2187.2234388954134,5.5015383274015,OW,-0.11397583286830582,0.0,-243046.3764613349,-0.0,-5.5015383274015,42490.2549039249
2024-01-03 09:31:00,2024-01-03,STK2,111.0458694384398,0.003648707683917452,3474.9558930649287,3474.9558930649287,1287.7324541695152,1.9069931045496586,OW,-0.07509430913124504,2187.2234388954134,-142997.36997734965,-164.248033059517,-166.15502616406667,42324.09987776083
2024-01-03 09:32:00,2024-01-03,STK2,111.09905932361858,0.0035003072987556017,3333.6223477046683,3333.6223477046683,-141.33354536026036,0.02297144670071588,OW,0.05318988517878154,3474.9558930649287,15702.023940396903,184.83250495345382,184.8095335067531,42508.90941126759
2024-01-03 09:33:00,2024-01-03,STK2,111.11045347010423,0.0021867374492841158,2082.6048136081718,2082.6048136081718,-1251.0175340964965,1.7998016012094102,OW,0.01139414648565662,3333.6223477046683,139001.1255125133,37.983781357605515,36.183979756396106,42545.093391023984
2024-01-03 09:34:00,2024-01-03,STK2,111.2870677676122,0.00191140188579843,1820.3807546291068,1820.3807546291068,-262.2240589790649,0.07907567567357453,OW,0.17661429750796742,2082.6048136081718,29182.146621901535,367.8177861421187,367.7387104664451,42912.83210149043
2024-01-03 09:35:00,2024-01-03,STK2,111.2619829902001,0.004792046953156865,4563.849242600225,4563.849242600225,2743.468487971118,8.655612246164111,OW,-0.02508477741210413,1820.3807546291068,-305243.74424279254,-45.66384603514929,-54.3194582813134,42858.51264320911
2024-01-03 09:36:00,2024-01-03,STK2,111.26976265340365,0.0030928240103510036,2945.5434504533673,2945.5434504533673,-1618.3057921468576,3.011750682430478,OW,0.007779663203550058,4563.849242600225,180068.5013928092,35.50521001920677,32.49345933677629,42891.00610254589
2024-01-03 09:37:00,2024-01-03,STK2,111.31394922565173,0.001338040096100741,1274.3225053617714,1274.3225053617714,-1671.220945091596,3.2119263644097735,OW,0.04418657224807987,2945.5434504533673,186030.2034267716,130.15346848331617,126.9415421189064,43017.9476446648
2024-01-03 09:38:00,2024-01-03,STK2,111.24471482179403,0.0021576144691111683,2054.8686723925666,2054.8686723925666,780.5461670307952,0.7006401666964358,OW,-0.06923440385769197,1274.3225053617714,-86831.63575658522,-88.22695898116272,-88.92759914785915,42929.02004551694
2024-01-03 09:39:00,2024-01-03,STK2,111.40461060290836,-0.0008630359855924257,-821.9381336795923,-821.9381336795923,-2876.806806072159,9.517420009382558,OW,0.15989578111432934,2054.8686723925666,320489.5420102654,328.56483145957435,319.0474114501918,43248.06745696713
2024-01-03 09:40:00,2024-01-03,STK2,111.55660644186266,-0.002517530934328896,-2397.645882891553,-2397.645882891553,-1575.7077492119606,2.8552831475656157,OW,0.15199583895429214,-821.9381336795923,175780.6092462319,-124.93117619715476,-127.78645934472037,43120.28099762241
2024-01-03 09:41:00,2024-01-03,STK2,111.45992819403055,0.002032101444592403,1935.332589485643,1935.3325894856425,4332.978472377195,21.590907808396842,OW,-0.09667824783210222,-2397.645882891553,-482953.4693974424,231.80020287980906,210.2092950714122,43330.49029269382
2024-01-03 09:42:00,2024-01-03,STK2,111.39625270048067,0.000982674800297581,935.8797371770318,935.8797371770318,-999.4528523086108,1.1487419045859903,OW,-0.06367549354988,1935.3325894856425,111335.3024979862,-123.23325781866559,-124.38199972325158,43206.10829297057
2024-01-03 09:43:00,2024-01-03,STK2,111.3773481554335,0.0029936372934322554,2851.080013990704,2851.080013990704,1915.2002768136724,4.218190915353242,OW,-0.01890454504717809,935.8797371770318,-213309.928018059,-17.692380650204388,-21.910571565557632,43184.19772140501
2024-01-03 09:44:00,2024-01-03,STK2,111.3514816175267,0.00502253758716231,4783.3638917084145,4783.3638917084145,1932.2838777177103,4.293779131700959,OW,-0.025866537906793496,2851.080013990704,-215162.67268952684,-73.74756925719188,-78.04134838889284,43106.15637301612
2024-01-03 09:45:00,2024-01-03,STK2,111.40141435870602,0.006387670910187589,6083.489442071173,6083.489442071173,1300.125550362758,1.9438754137119738,OW,0.049932741179318896,4783.3638917084145,-144835.82515430232,238.84647117117584,236.90259575746387,43343.058968773585
2024-01-03 09:46:00,2024-01-03,STK2,111.58508762962776,0.004007370437940774,3816.5390942103004,3816.5390942103004,-2266.950347860872,5.909923461616508,OW,0.18367327092174435,6083.489442071173,252957.85321807055,1117.3744044431098,1111.4644809814934,44454.52344975508
2024-01-03 09:47:00,2024-01-03,STK2,111.45674218079746,0.006791240302377769,6467.840823200783,6467.840823200783,2651.301728990483,8.08381098687011,OW,-0.1283454488303022,3816.5390942103004,-295505.4532515948,-489.83542302481595,-497.91923401168606,43956.60421574339
2024-01-03 09:48:00,2024-01-03,STK2,111.56159306862763,0.005904075442340892,5622.922834266317,5622.922834266317,-844.9179889344659,0.8209693692288215,OW,0.1048508878301675,6467.840823200783,94260.39685787012,678.1588526568036,677.3378832875748,44633.942099030966
2024-01-03 09:49:00,2024-01-03,STK2,111.66052443044673,0.002188084086368253,2083.88732371222,2083.88732371222,-3539.035510554097,14.40348819670733,OW,0.09893136181909767,5622.922834266317,395170.56108644424,556.2834133976672,541.8799252009599,45175.82202423193
2024-01-03 09:50:00,2024-01-03,STK2,111.7946317255328,-0.000861133888160627,-820.1266143000196,-820.1266143000198,-2904.01393801224,9.698291494994761,OW,0.13410729508606778,2083.88732371222,324653.1687258926,279.4644922471908,269.766200752196,45445.58822498412
2024-01-03 09:51:00,2024-01-03,STK2,111.83218328049763,-0.0014719776467511706,-1401.88193770185,-1401.88193770185,-581.7553234018301,0.38920514475232304,OW,0.03755155496483553,-820.1266143000198,65058.96795107864,-30.797029635011665,-31.18623477976399,45414.40199020436
2024-01-03 09:52:00,2024-01-03,STK2,111.87501042677304,-0.001927331778862056,-1835.5520647401731,-1835.5520647401731,-433.67012703832324,0.21628024594825068,OW,0.04282714627541395,-1401.88193770185,48516.849984192406,-60.03860280681788,-60.254883052766125,45354.14710715159
2024-01-03 09:53:00,2024-01-03,STK2,111.925563461991,-0.002942089948669659,-2801.98735846114,-2801.98735846114,-966.4352937209669,1.074096753491961,OW,0.050553035217959064,-1835.5520647401731,108168.814799274,-92.79272817320745,-93.86682492669941,45260.28028222489
2024-01-03 09:54:00,2024-01-03,STK2,111.7955335556839,-0.001303369270208978,-1241.3027073436806,-1241.3027073436806,1560.6846511174595,2.8010970672686692,OW,-0.13002990630710087,-2801.98735846114,-174477.57328384276,364.3421536943831,361.5410566271145,45621.82133885201
2024-01-03 09:55:00,2024-01-03,STK2,111.74143424277271,0.0012453135477323914,1186.011603637188,1186.0116036371883,2427.314310980869,6.775632978936408,OW,-0.05409931291119108,-1241.3027073436806,-271231.5824670099,67.15362358209443,60.37799060315802,45682.199329455165
2024-01-03 09:56:00,2024-01-03,STK2,111.74121971583118,0.0010565130933782752,1006.2018440439568,1006.2018440439568,-179.80975959323143,0.03718128209172203,OW,-0.00021452694153367702,1186.0116036371883,20092.161853758058,-0.2544314419517376,-0.2916127240434596,45681.90771673112
2024-01-03 09:57:00,2024-01-03,STK2,111.75586180484488,0.0019363566855080845,1844.1472045131422,1844.1472045131422,837.9453604691854,0.8074752912016079,OW,0.014642089013705117,1006.2018440439568,-93645.30590460521,14.73289696624585,13.925421675044241,45695.83313840616
2024-01-03 09:58:00,2024-01-03,STK2,111.74359979166917,0.004137725804302059,3940.6869262019945,3940.6869262019945,2096.5397216888523,5.054800625312044,OW,-0.012262013175714515,1844.1472045131422,-234274.89560773657,-22.61295731969724,-27.667757945009285,45668.16538046115
2024-01-03 09:59:00,2024-01-03,STK2,111.71501585157559,0.0020330932294493577,1936.277145457753,1936.277145457753,-2004.4097807442415,4.6203073545146545,OW,-0.028583940093582783,3940.6869262019945,223922.6704288961,-112.64035902612268,-117.26066638063733,45550.90471408051
2024-01-03 10:00:00,2024-01-03,STK2,111.81832823451744,-0.0024093265540212,-2294.594204988442,-2294.5942049884416,-4230.871350446195,20.585313241630367,OW,0.10331238294185141,1936.277145457753,473088.9613822087,200.0414059330863,179.45609269145595,45730.36080677197
2024-01-03 10:01:00,2024-01-03,STK2,111.80645577887779,-0.0008873931954746293,-845.1354510179626,-845.1354510179626,1449.458753970479,2.4160702813809007,OW,-0.011872455639647228,-2294.5942049884416,-162058.84607910766,27.242467909716872,24.82639762833597,45755.1872044003
2024-01-03 10:02:00,2024-01-03,STK2,111.87544086172134,-0.0045394115257418625,-4323.2443371532145,-4323.2443371532145,-3478.108886135252,13.91182763738495,OW,0.06898508284355387,-845.1354510179626,389114.96500145184,-58.301739102498416,-72.21356673988336,45682.97363766042
2024-01-03 10:03:00,2024-01-03,STK2,111.99909562280267,-0.007077990069751714,-6740.93554064366,-6740.93554064366,-2417.6912034904453,6.722015368750339,OW,0.12365476108132611,-4323.2443371532145,270779.22828613524,-534.5897456068768,-541.3117609756272,45141.66187668479
2024-01-03 10:04:00,2024-01-03,STK2,111.8405229525356,-0.0018498924791410872,-1761.8004314958011,-1761.8004314958007,4979.135109147859,28.510554400421185,OW,-0.1585726702670769,-6740.93554064366,-556869.0744584269,1068.9281487781068,1040.4175943776856,46182.079471062476
2024-01-03 10:05:00,2024-01-03,STK2,111.66945791700424,0.0033016411386370932,3144.416688150383,3144.4166881503834,4906.217119646184,27.681611388875687,OW,-0.1710650355313561,-1761.8004314958007,-547874.6061740153,301.3824534129877,273.700842024112,46455.78031308659
2024-01-03 10:06:00,2024-01-03,STK2,111.75163030079153,0.003358279008435429,3198.357457451765,3198.357457451765,53.940769301381806,0.0033460475817486276,OW,0.08217238378729519,3144.4166881503834,-6027.968909108305,258.38421488586897,258.3808688382872,46714.16118192487
2024-01-03 10:07:00,2024-01-03,STK2,111.59481107366645,0.006143482331708911,5850.929145847993,5850.929145847993,2652.5716883962277,8.091557046393394,OW,-0.15681922712508367,3198.357457451765,-296013.2364259335,-501.5639445473335,-509.6555015937269,46204.505680331145
2024-01-03 10:08:00,2024-01-03,STK2,111.56104538812069,0.00536889751273595,5113.230126210767,5113.230126210767,-737.6990196372262,0.6258298201097833,OW,-0.03376568554575954,5850.929145847993,82298.47381252074,-197.56063368922278,-198.18646350933255,46006.319216821816
2024-01-03 10:09:00,2024-01-03,STK2,111.72619692105792,0.0038351730098260366,3652.5417232410045,3652.5417232410045,-1460.6884029697621,2.453652202155907,OW,0.16515153293723017,5113.230126210767,163197.16015050525,844.457793604535,842.0041414023791,46848.323358224196
2024-01-03 10:10:00,2024-01-03,STK2,111.87319201820243,0.00266632802184411,2539.357239603128,2539.357239603128,-1113.1844836378764,1.425056648803944,OW,0.14699509714451153,3652.5417232410045,124535.50148970366,536.905725432193,535.4806687833891,47383.80402700759
2024-01-03 10:11:00,2024-01-03,STK2,111.95901184067756,0.0026471631442896914,2521.1049952561402,2521.1049952561402,-18.252244346987936,0.00038311608725747595,OW,0.08581982247513054,2539.357239603128,2043.5032409633625,217.92718750367797,217.92680438759072,47601.73083139518
2024-01-03 10:12:00,2024-01-03,STK2,111.97365302719086,0.005025656436788564,4786.33422143258,4786.33422143258,2265.22922617644,5.900952964192499,OW,0.014641186513301818,2521.1049952561402,-253645.99139893276,36.91196845516205,31.011015490969548,47632.74184688615
2024-01-03 10:13:00,2024-01-03,STK2,111.89202187470467,0.0033463689341690335,3187.0145420022004,3187.0145420022004,-1599.31967943038,2.9414969525652865,OW,-0.0816311524861959,4786.33422143258,178951.11255546974,-390.7139786796607,-393.655475632226,47239.08637125392
2024-01-03 10:14:00,2024-01-03,STK2,111.96297387478528,0.0022919740303567523,2182.830019144981,2182.830019144981,-1004.1845228572192,1.159644539337878,OW,0.07095200008060942,3187.0145420022004,112431.48549812655,226.12505604104354,224.96541150170566,47464.051782755625
2024-01-03 10:15:00,2024-01-03,STK2,112.03802308112353,0.00046840257874213324,446.0972054574733,446.09720545747336,-1736.7328136875078,3.468676996059766,OW,0.07504920633824952,2182.830019144981,194580.1110656656,163.81966050813685,160.35098351207708,47624.4027662677
2024-01-03 10:16:00,2024-01-03,STK2,112.12278367631795,-0.00032824764956151226,-312.6164667167386,-312.6164667167386,-758.713672174212,0.6619934017956891,OW,0.08476059519442458,446.09720545747336,85069.08893745398,37.81146464914495,37.14947124734926,47661.552237515054
2024-01-03 10:17:00,2024-01-03,STK2,112.28461558182765,-0.0018224584222617803,-1735.6727868934051,-1735.6727868934051,-1423.0563201766665,2.328852683953968,OW,0.1618319055097004,-312.6164667167386,159787.33186232726,-50.59131850247964,-52.920171186433606,47608.63206632862
2024-01-03 10:18:00,2024-01-03,STK2,112.09892754555746,-0.0027715391097815926,-2639.5581659901923,-2639.5581659901923,-903.8853790967871,0.9395600953266838,OW,-0.18568803627019292,-1735.6727868934051,101324.58162085948,322.29367140584947,321.3541113105228,47929.98617763914
2024-01-03 10:19:00,2024-01-03,STK2,112.10477627119785,-0.0028741796687219573,-2737.3109722041327,-2737.3109722041327,-97.7528062139404,0.010988952791105212,OW,0.0058487256403907395,-2639.5581659901923,10958.556470495549,-15.438051524729593,-15.449040477520699,47914.53713716162
2024-01-03 10:20:00,2024-01-03,STK2,112.06702215757765,-0.0018989542626344177,-1808.5258884091868,-1808.5258884091868,928.7850837949459,0.9920379916619821,OW,-0.03775411362019554,-2737.3109722041327,-104086.17856527581,103.34474945840275,102.35271146674076,48016.88984862836
2024-01-03 10:21:00,2024-01-03,STK2,112.10244629886735,-0.001593209570621008,-1517.3407863610512,-1517.3407863610512,291.1851020481356,0.0975070782030006,OW,0.0354241412896954,-1808.5258884091868,-32642.56226538133,-64.06547659707893,-64.16298367528192,47952.726864953074
2024-01-03 10:22:00,2024-01-03,STK2,112.17153778504417,-0.0009240926078076068,-880.0872340069407,-880.0872340069407,637.2535523541105,0.467005903486123,OW,0.06909148617681637,-1517.3407863610512,-71481.71092654273,-104.83532996638425,-105.30233586987038,47847.424529083204
2024-01-03 10:23:00,2024-01-03,STK2,111.92724666915677,0.004484706823003294,4271.144677320872,4119.912765993059,5000.0,28.749999999999996,OW,-0.2442911158873926,-880.0872340069407,-559636.2333457839,214.99749247380436,186.24749247380436,48033.67202155701
2024-01-03 10:24:00,2024-01-03,STK2,111.92672811453303,0.006260779926365092,5962.641018407543,5962.641018407543,1842.728252414484,3.9049945240835178,OW,-0.0005185546237385097,4119.912765993059,-206250.54409696453,-2.1363998142050136,-6.041394338288532,48027.63062721872
2024-01-03 10:25:00,2024-01-03,STK2,111.94942636346869,0.0,0.0,962.641018407543,-5000.0,28.749999999999996,OW,0.02269824893565442,5962.641018407543,559747.1318173434,135.3415101497584,106.59151014975839,48134.22213736848
2024-01-03 10:26:00,2024-01-03,STK2,112.00375304924408,0.0,0.0,0.0,-962.641018407543,1.0656793898688182,OW,0.05432668577539346,962.641018407543,107819.40690079128,52.29709612153134,51.23141673166252,48185.453554100146
2024-01-03 10:27:00,2024-01-03,STK2,112.11425849552353,0.0,0.0,0.0,0.0,0.0,OW,0.11050544627944703,0.0,-0.0,0.0,0.0,48185.453554100146
2024-01-03 10:28:00,2024-01-03,STK2,112.20462295621766,0.0,0.0,0.0,0.0,0.0,OW,0.09036446069413273,0.0,-0.0,0.0,0.0,48185.453554100146
2024-01-03 10:29:00,2024-01-03,STK2,112.31395160829848,0.0,0.0,0.0,0.0,0.0,OW,0.10932865208081921,0.0,-0.0,0.0,0.0,48185.453554100146
2024-01-04 09:30:00,2024-01-04,STK2,112.37077186416296,0.00022370905184057556,213.05600650111248,213.05600650111248,213.05600650111248,0.052201791192132384,OW,0.05682025586447992,0.0,-23941.26790082613,0.0,-0.052201791192132384,48185.40135230895
2024-01-04 09:31:00,2024-01-04,STK2,112.4317601672738,4.6587210755540454e-05,44.368723553817496,44.36872355381749,-168.687282947295,0.032723709342361865,OW,0.060988303110832476,213.05600650111248,18965.808139599325,12.993924304073342,12.96120059473098,48198.36255290368
2024-01-04 09:32:00,2024-01-04,STK2,112.48096120172364,-0.0015705507323991502,-1495.760964070516,-1495.760964070516,-1540.1296876243334,2.7277993729071004,OW,0.04920103444985102,44.36872355381749,173235.2676392954,2.182987096067291,-0.5448122768398096,48197.81774062684
2024-01-04 09:33:00,2024-01-04,STK2,112.49329516273494,-0.002933374399484777,-2793.6868445189584,-2793.6868445189584,-1297.9258804484425,1.937303329808544,OW,0.012333961011293582,-1495.760964070516,146007.95916863927,-18.448657413060644,-20.385960742869187,48177.43177988397
2024-01-04 09:34:00,2024-01-04,STK2,112.33846303699796,0.0003802240140674232,362.11771203052797,362.11771203052785,3155.8045565494863,11.452967759009272,OW,-0.15483212573697358,-2793.6868445189584,-354518.2335279242,432.5524727802883,421.09950502127907,48598.53128490525
2024-01-04 09:35:00,2024-01-04,STK2,112.38466295571557,-0.0005038227829842349,-479.83069636088965,-479.83069636088965,-841.9484083914175,0.8152086907517672,OW,0.04619991871760476,362.11771203052785,94622.08810317062,16.729808862015393,15.914600171263626,48614.445885076515
2024-01-04 09:36:00,2024-01-04,STK2,112.43465454476203,-0.001722828410747732,-1640.7871655642778,-1640.787165564278,-1160.9564692033882,1.5499929118929772,OW,0.0499915890464564,-479.83069636088965,130531.73955638961,-23.987498984348598,-25.537491896241576,48588.908393180274
2024-01-04 09:37:00,2024-01-04,STK2,112.38334308134364,-0.002547801801874453,-2426.4752489789685,-2426.4752489789685,-785.6880834146905,0.709901629082827,OW,-0.05131146341838644,-1640.787165564278,88298.2534333165,84.19119062320942,83.4812889941266,48672.3896821744
2024-01-04 09:38:00,2024-01-04,STK2,112.31095027647885,0.0037040417340248127,3527.654930687279,2573.5247510210315,5000.0,28.749999999999996,OW,-0.0723928048647906,-2426.4752489789685,-561554.7513823942,175.65934920857867,146.90934920857867,48819.29903138298
2024-01-04 09:39:00,2024-01-04,STK2,112.36206605147254,0.005482525878649526,5221.44749903324,5221.44749903324,2647.9227480122086,8.063219111356604,OW,0.05111577499368991,2573.5247510210315,-297526.0707113445,131.5477121138829,123.4844930025263,48942.78352438551
2024-01-04 09:40:00,2024-01-04,STK2,112.35337448746346,0.006408402577371977,6103.23386538384,6103.23386538384,881.7863663505996,0.8941792752640626,OW,-0.008691564009083663,5221.44749903324,-99071.67383652856,-45.382545157917214,-46.27672443318128,48896.50679995232
2024-01-04 09:41:00,2024-01-04,STK2,112.32761563736207,0.0070254097382851976,6690.85908933071,6690.85908933071,587.6252239468704,0.397098914391401,OW,-0.02575885010138279,6103.23386538384,-66006.54029432287,-157.2122862721054,-157.60938518649678,48738.89741476583
2024-01-04 09:42:00,2024-01-04,STK2,112.22512101940414,0.005879892420198955,5599.891409832223,5599.891409832223,-1090.967679498487,1.3687420493668605,OW,-0.10249461795793025,6690.85908933071,122433.97985997623,-685.7770461712962,-687.1457882206631,48051.75162654517
2024-01-04 09:43:00,2024-01-04,STK2,112.54082828479278,0.00028588793991281297,272.2739302836125,599.891409832223,-5000.0,28.749999999999996,OW,0.3157072653886388,5599.891409832223,562704.1414239639,1767.9264034714604,1739.1764034714604,49790.92803001663
2024-01-04 09:44:00,2024-01-04,STK2,112.70247413066254,-0.0008727817877087061,-831.2198398151337,-831.2198398151336,-1431.1112496473565,2.355291320197301,OW,0.1616458458697565,599.891409832223,161289.77859148133,96.96995437233043,94.61466305213314,49885.54269306876
2024-01-04 09:45:00,2024-01-04,STK2,112.75123914264358,-0.0028408615689834416,-2705.579483397177,-2705.579483397177,-1874.3596435820432,4.040207684512354,OW,0.04876501198104677,-831.2198398151336,211336.37241283915,-40.53444544746876,-44.574653131981115,49840.96803993678
2024-01-04 09:46:00,2024-01-04,STK2,112.76368708458958,-0.00018505236258108576,-176.24015229039108,-176.24015229039105,2529.3393311067857,7.357191069666279,OW,0.01244794194599308,-2705.579483397177,-285217.6288636707,-33.678896339598005,-41.03608740926428,49799.93195252751
2024-01-04 09:47:00,2024-01-04,STK2,112.5897564916364,0.0043756937968674435,4167.322861377289,4167.322861377289,4343.56301366768,21.696520601757136,OW,-0.1739305929531838,-176.24015229039105,-489040.7020149224,30.65355419002713,8.957033588269994,49808.88898611578
2024-01-04 09:48:00,2024-01-04,STK2,112.5586072055763,0.00599236863901229,5707.01150090387,5707.01150090387,1539.688639526581,2.7262372726902955,OW,-0.031149286060099257,4167.322861377289,-173305.20879536058,-129.80913191383254,-132.53536918652284,49676.35361692926
2024-01-04 09:49:00,2024-01-04,STK2,112.6481192460776,0.005492635662355856,5231.075853922499,5231.075853922499,-475.93564698137106,0.26049195107771267,OW,0.08951204050130457,5707.01150090387,53613.255514616576,510.8462446103182,510.5857526592405,50186.939369588494
2024-01-04 09:50:00,2024-01-04,STK2,112.57424012837268,0.0042229001311721946,4021.8052439011094,4021.8052439011094,-1209.2706100213895,1.6816857195007289,OW,-0.0738791177049194,5231.075853922499,136132.72003273162,-386.467268735302,-388.1489544548027,49798.79041513369
2024-01-04 09:51:00,2024-01-04,STK2,112.75215618064351,0.003723021739273698,3545.731106364691,3545.731106364691,-476.0741375364182,0.2606435720957011,OW,0.17791605227083096,4021.8052439011094,53678.385509071384,715.5437119970119,715.2830684249162,50514.073483558604
2024-01-04 09:52:00,2024-01-04,STK2,112.86199230397749,0.0014661342536056267,1396.3168074679031,1396.3168074679033,-2149.414298896788,5.312979102547264,OW,0.1098361233339773,3545.731106364691,242587.18006014844,389.449359107792,384.13638000524475,50898.20986356385
2024-01-04 09:53:00,2024-01-04,STK2,112.93132204606866,-8.08904957099262e-05,-77.03848296730551,-77.03848296730553,-1473.3552904352089,2.496392183631431,OW,0.06932974209117049,1396.3168074679033,166387.96079241758,96.80628413931629,94.30989195568486,50992.519755519534
2024-01-04 09:54:00,2024-01-04,STK2,112.99002325266221,0.0010305774043706667,981.5012148993044,981.5012148993044,1058.53969786661,1.2885822357534635,OW,0.058701206593553934,-77.03848296730553,-119604.42507581429,-4.522251904317788,-5.810834140071251,50986.70892137946
2024-01-04 09:55:00,2024-01-04,STK2,112.83693360453141,0.004125630013479138,3929.167138035171,3929.167138035171,2947.6659231358663,9.992044553578879,OW,-0.15308964813080195,981.5012148993044,-332605.58405722154,-150.25767562888913,-160.24972018246802,50826.459201196994
2024-01-04 09:56:00,2024-01-04,STK2,112.98411980208708,0.0017683944490794236,1684.1833450176923,1684.1833450176923,-2244.9837930174785,5.795945065547816,OW,0.1471861975556692,3929.167138035171,253647.51782403066,578.319170608088,572.5232255425402,51398.98242673954
2024-01-04 09:57:00,2024-01-04,STK2,112.95342908010365,0.001833326834390608,1746.0236442508735,1746.0236442508735,61.84029923318121,0.004397856000636801,OW,-0.030690721983432923,1684.1833450176923,-6985.073853727522,-51.68880281106608,-51.69320066706672,51347.28922607247
2024-01-04 09:58:00,2024-01-04,STK2,112.92627413887594,0.005481348174177219,5220.325876954725,5220.325876954725,3474.302232703851,13.881392404796607,OW,-0.027154941227706786,1746.0236442508735,-392340.00637162384,-47.413169441818894,-61.2945618466155,51285.99466422585
2024-01-04 09:59:00,2024-01-04,STK2,113.05436904703501,0.0029825530455030885,2840.5235989532857,2840.5235989532857,-2379.802278001439,6.512977714737963,OW,0.12809490815907054,5220.325876954725,269047.04499614926,668.6971637689348,662.1841860541969,51948.17885028005
2024-01-04 10:00:00,2024-01-04,STK2,113.09417508826574,0.0018679160184071205,1778.9656881872181,1778.9656881872181,-1061.5579107660676,1.2959409775965207,OW,0.03980604123073306,2840.5235989532857,120056.01622651123,113.06999949680474,111.77405851920822,52059.952908799256
2024-01-04 10:01:00,2024-01-04,STK2,113.09452664773113,0.004367029364970268,4159.071030512936,4159.071030512936,2380.105342325718,6.514636656652536,OW,0.00035155946538623084,1778.9656881872181,-269176.88706206315,0.6254122262795466,-5.889224430372989,52054.063684368884
2024-01-04 10:02:00,2024-01-04,STK2,113.06785878230278,0.004906848793847379,4673.184209224321,4673.184209224321,514.1131787113854,0.3039592146034336,OW,-0.02666786542835098,4159.071030512936,-58129.67628865972,-110.913546548672,-111.21750576327544,51942.84617860561
2024-01-04 10:03:00,2024-01-04,STK2,113.2683180321929,0.0015346143927940285,1461.535916216881,1461.535916216881,-3211.6482930074403,11.861887471674244,OW,0.2004592498901161,4673.184209224321,363778.0002599162,936.7830011794429,924.9211137077687,52867.76729231337
2024-01-04 10:04:00,2024-01-04,STK2,113.2406956986453,-0.0022210403550200555,-2115.27421186163,-2115.27421186163,-3576.8101280785113,14.712606296173766,OW,-0.027622333547597577,1461.535916216881,405040.4672855712,-40.37103256953632,-55.083638865710085,52812.68365344766
2024-01-04 10:05:00,2024-01-04,STK2,113.21090899925633,-0.0027272325808749475,-2597.3615180087636,-2597.3615180087636,-482.0873061471334,0.26726939636042985,OW,-0.029786699388964166,-2115.27421186163,54577.542145919746,63.00703707395048,62.739767677590045,52875.42342112525
2024-01-04 10:06:00,2024-01-04,STK2,113.36744148803476,-0.00436831635273802,-4160.296731806456,-4160.296731806456,-1562.935213797692,2.8091814549081624,OW,0.1565324887784243,-2597.3615180087636,177185.96639979896,-406.5714626712179,-409.38064412612607,52466.04277699912
2024-01-04 10:07:00,2024-01-04,STK2,113.37443700035055,-0.0026391983635646876,-2513.5194981116806,-2513.5194981116806,1646.777233694775,3.1186565460277276,OW,0.006995512315796759,-4160.296731806456,-186702.44173513984,-29.10340702472107,-32.222063570748794,52433.82071342837
2024-01-04 10:08:00,2024-01-04,STK2,113.3643702000382,-0.0007381842383206177,-703.0318379371469,-703.031837937147,1810.4876601745336,3.7695454027908957,OW,-0.010066800312358737,-2513.5194981116806,-205244.79335062677,25.303098868710443,21.533553465919546,52455.35426689429
2024-01-04 10:09:00,2024-01-04,STK2,113.10171373903361,0.0024449547592512687,2328.5257918539123,2328.5257918539123,3031.5576297910593,10.568892912156041,OW,-0.26265646100458184,-703.031837937147,-342874.36322801164,184.65585452611774,174.0869616139617,52629.44122850825
2024-01-04 10:10:00,2024-01-04,STK2,113.0402968686244,0.00343194202299663,3268.512632578193,3268.512632578193,939.9868407242807,1.0161115498450362,OW,-0.06141687040921795,2328.5257918539123,-106256.39152807304,-143.01076680281335,-144.0268783526584,52485.414350155595
2024-01-04 10:11:00,2024-01-04,STK2,113.09378743778825,-0.0018617653867379251,-1773.1079501559834,-1731.487367421807,-5000.0,28.749999999999996,OW,0.05349056916385564,3268.512632578193,565468.9371889413,174.83460103585972,146.08460103585972,52631.498951191454
2024-01-04 10:12:00,2024-01-04,STK2,113.20909368969764,-0.0043589868840286615,-4151.411533243237,-4151.411533243237,-2419.9241658214296,6.734437913575522,OW,0.11530625190938792,-1731.487367421807,273957.42161044164,-199.6513185658618,-206.38575647943733,52425.113194712016
2024-01-04 10:13:00,2024-01-04,STK2,113.31812775382589,-0.008812584319109322,-8392.92825451603,-8392.92825451603,-4241.516721272793,20.689033711362207,OW,0.10903406412825234,-4151.411533243237,480640.7336911791,-452.64527133840943,-473.3343050497716,51951.778889662244
2024-01-04 10:14:00,2024-01-04,STK2,113.25451940763979,-0.0033677338335355855,-3207.3620429230823,-3392.9282545160295,5000.0,28.749999999999996,OW,-0.06360834618610056,-8392.92825451603,-566272.597038199,533.8602859283603,505.1102859283603,52456.88917559061
2024-01-04 10:15:00,2024-01-04,STK2,113.25467115144171,-0.00411374581037271,-3917.84886175859,-3917.84886175859,-524.9206072425604,0.31687289049408307,OW,0.00015174380192206627,-3392.9282545160295,59449.71075387127,-0.5148558329890625,-0.8317287234831455,52456.057446867126
2024-01-04 10:16:00,2024-01-04,STK2,112.97743830439155,-0.003133526508247479,-2984.3076917082226,-2984.3076917082226,933.5411700503673,1.00222398360586,OW,-0.2772328470501577,-3917.84886175859,-105469.08994397488,1086.1563942575538,1085.1541702739478,53541.211617141074
2024-01-04 10:17:00,2024-01-04,STK2,112.93640550024516,-0.004279578295108738,-4075.784388530182,-4075.784388530182,-1091.4766968219592,1.370019586661181,OW,-0.041032804146396984,-2984.3076917082226,123267.45482635293,122.45451302644956,121.08449343978837,53662.296110580864
2024-01-04 10:18:00,2024-01-04,STK2,112.76630179271466,-0.0029334231754359545,-2793.7332977549163,-2793.7332977549163,1282.0510907752655,1.8902032492617549,OW,-0.17010370753050097,-4075.784388530182,-144572.1602160426,693.3060355839198,691.415832334658,54353.71194291552
2024-01-04 10:19:00,2024-01-04,STK2,113.04375719267867,-0.006707759156979856,-6388.33505751861,-6388.33505751861,-3594.6017597636933,14.859336082990675,OW,0.2774553999640119,-2793.7332977549163,406347.2885351024,-775.1363895213683,-789.995725604359,53563.716217311165
2024-01-04 10:20:00,2024-01-04,STK2,112.99722107274931,-0.004422971818289542,-4212.349499131065,-4212.349499131065,2175.985558387544,5.445150122857824,OW,-0.0465361199293568,-6388.33505751861,-245880.3211922272,297.2883263856005,291.8431762627427,53855.55939357391
2024-01-04 10:21:00,2024-01-04,STK2,112.7818132171084,0.00016998495109898815,161.8902523097124,161.8902523097122,4374.239751440778,22.004069413547374,OW,-0.2154078556409189,-4212.349499131065,-493334.69061384443,907.3731728179216,885.3691034043742,54740.92849697828
2024-01-04 10:22:00,2024-01-04,STK2,112.66932979135397,0.0014040939871315511,1337.230904110487,1337.230904110487,1175.3406518007748,1.5886394949417906,OW,-0.11248342575441939,161.8902523097122,-132424.84351492644,-18.209970176043733,-19.798609670985524,54721.129887307296
2024-01-04 10:23:00,2024-01-04,STK2,112.58351133970434,0.003895931229842153,3710.406631309074,3710.4066313090743,2373.175727198587,6.476757486989223,OW,-0.08581845164962942,1337.230904110487,-267180.4563941732,-114.75908568879608,-121.2358431757853,54599.89404413151
2024-01-04 10:24:00,2024-01-04,STK2,112.62474805228828,0.005059349301412873,4818.422628787477,4818.422628787477,1108.0159974784028,1.4118543682682687,OW,0.04123671258393813,3710.4066313090743,-124790.02255391,153.0049718248304,151.5931174565621,54751.48716158808
2024-01-04 10:25:00,2024-01-04,STK2,112.72104796452693,0.0,0.0,0.0,-4818.422628787477,26.6997761240529,OW,0.0962999122386492,4818.422628787477,543137.6482529151,464.0136762809554,437.3139001569025,55188.801061744976
2024-01-04 10:26:00,2024-01-04,STK2,112.79240694954167,0.0,0.0,0.0,0.0,0.0,OW,0.07135898501474003,0.0,-0.0,0.0,0.0,55188.801061744976
2024-01-04 10:27:00,2024-01-04,STK2,112.75674788732395,0.0,0.0,0.0,0.0,0.0,OW,-0.035659062217717974,0.0,-0.0,-0.0,-0.0,55188.801061744976
2024-01-04 10:28:00,2024-01-04,STK2,112.82588505737493,0.0,0.0,0.0,0.0,0.0,OW,0.06913717005097908,0.0,-0.0,0.0,0.0,55188.801061744976
2024-01-04 10:29:00,2024-01-04,STK2,112.93961563458664,0.0,0.0,0.0,0.0,0.0,OW,0.11373057721171165,0.0,-0.0,0.0,0.0,55188.801061744976
2024-01-05 09:30:00,2024-01-05,STK2,113.2166983033961,-0.00559167296995516,-5325.396995951062,-5000.0,-5000.0,28.749999999999996,OW,0.27708266880945587,0.0,566083.4915169805,0.0,-28.749999999999996,55160.051061744976
2024-01-05 09:31:00,2024-01-05,STK2,113.11184786488448,-0.0033820434034775196,-3220.9901898464773,-3220.9901898464773,1779.0098101535227,3.639607290315843,OW,-0.1048504385116189,-5000.0,-201227.0869962223,524.2521925580945,520.6125852677786,55680.663647012756
2024-01-05 09:32:00,2024-01-05,STK2,112.99220705762951,-0.0018056827255219848,-1719.6959503539447,-1719.6959503539447,1501.2942394925326,2.5919670525634806,OW,-0.11964080725496729,-3220.9901898464773,-169634.54956316669,385.3618664735629,382.7698994209994,56063.43354643376
2024-01-05 09:33:00,2024-01-05,STK2,113.0396993790697,-0.007350817825259351,-7000.771213688054,-6719.695950353945,-5000.0,28.749999999999996,OW,0.047492321440188334,-1719.6959503539447,565198.4968953485,-81.6723528535997,-110.4223528535997,55953.011193580154
2024-01-05 09:34:00,2024-01-05,STK2,112.96618377887246,-0.010230827227320854,-9743.634306801336,-9743.634306801336,-3023.938356447391,10.515833661132808,OW,-0.0735156001972399,-6719.695950353945,341602.7761104175,494.0024809332327,483.48664727209984,56436.49784085225
2024-01-05 09:35:00,2024-01-05,STK2,112.8668726114918,-0.00625963977179365,-5961.555158100208,-5961.555158100208,3782.0791487011275,16.44974109009582,OW,-0.09931116738066237,-9743.634306801336,-426871.4454830295,967.6516975387116,951.2019564486158,57387.69979730087
2024-01-05 09:36:00,2024-01-05,STK2,112.90045675124279,-0.006054991923409284,-5766.652658817835,-5766.652658817835,194.90249928237336,0.04368503186049287,OW,0.03358413975098529,-5961.555158100208,-22004.58119093872,-200.2137015628446,-200.25738659470508,57187.442410706164
2024-01-05 09:37:00,2024-01-05,STK2,112.879464109374,-0.007344011627565304,-6994.289127745531,-6994.289127745531,-1227.6364689276961,1.7331549948174512,OW,-0.020992641868787132,-5766.652658817835,138574.9467336825,121.05727404825191,119.32411905343446,57306.766529759596
2024-01-05 09:38:00,2024-01-05,STK2,112.58053720219971,-0.003600182153756425,-3428.7411530515233,-3428.7411530515233,3565.5479746940077,14.62010221382122,OW,-0.29892690717429105,-6994.289127745531,-401411.30641126656,2090.7812168397413,2076.16111462592,59382.92764438552
2024-01-05 09:39:00,2024-01-05,STK2,112.32754003706077,0.0014928402020040383,1421.7510161813045,1421.7510161813047,4850.492169232828,27.05636542635733,OW,-0.252997165138936,-3428.7411530515233,-544843.8533389502,867.461791717242,840.4054262908846,60223.3330706764
2024-01-05 09:40:00,2024-01-05,STK2,112.47646768866578,-0.003045835316090712,-2900.79236207571,-2900.7923620757097,-4322.543378257014,21.48703844545059,OW,0.14892765160500687,1421.7510161813047,486184.4106173813,211.73804000691385,190.25100156146326,60413.58407223786
2024-01-05 09:41:00,2024-01-05,STK2,112.5227030575119,-0.00790959258772454,-7532.9370712827695,-7532.9370712827695,-4632.144709207059,24.67527929809019,OW,0.046235368846126335,-2900.7923620757097,521221.44363353075,-134.11920480659649,-158.79448410468666,60254.78958813318
2024-01-05 09:42:00,2024-01-05,STK2,112.42137734129362,-0.0077143226088817185,-7346.965866543783,-7346.965866543783,185.97120473898667,0.0397730823408806,OW,-0.1013257162182839,-7532.9370712827695,-20907.138982576595,763.2802439749886,763.2404708926477,61018.03005902583
2024-01-05 09:43:00,2024-01-05,STK2,112.35656854616455,-0.0056459555752045604,-5377.094658614956,-5377.094658614956,1969.871207928827,4.462451462201022,OW,-0.06480879512906768,-7346.965866543783,-221327.96940077122,476.14800566508916,471.6855542028881,61489.71561322871
2024-01-05 09:44:00,2024-01-05,STK2,112.42020147226287,-0.0043632085124743645,-4155.432127359446,-4155.432127359446,1221.6625312555097,1.7163282413146619,OW,0.06363292609832172,-5377.094658614956,-137339.54789485905,-342.16026703532594,-343.8765952766406,61145.83901795207
2024-01-05 09:45:00,2024-01-05,STK2,112.28716031107142,0.0008213402435795874,782.2279466832846,782.2279466832842,4937.66007404273,28.037560057815003,OW,-0.13304116119145704,-4155.432127359446,-554435.8282956128,552.8435154761872,524.8059554183723,61670.64497337044
2024-01-05 09:46:00,2024-01-05,STK2,112.03089717044642,0.005086103728831066,4843.90300794534,4843.90300794534,4061.6750612620554,18.971784948769834,OW,-0.2562631406249949,782.2279466832842,-455033.101128016,-200.45619030169948,-219.4279752504693,61451.21699811998
2024-01-05 09:47:00,2024-01-05,STK2,111.94214496448275,0.0032447458023578306,3090.2307129452483,3090.2307129452483,-1753.6722950000913,3.5366714959885197,OW,-0.08875220596367228,4843.90300794534,196309.83826709737,-429.9070774292165,-433.443748925205,61017.77324919477
2024-01-05 09:48:00,2024-01-05,STK2,112.00603032683946,0.003964186477544016,3775.4115579245,3775.4115579245,685.1808449792516,0.5398937088754532,OW,0.06388536235671438,3090.2307129452483,-76744.38650211554,197.420508862355,196.88061515347957,61214.65386434825
2024-01-05 09:49:00,2024-01-05,STK2,112.14915124254173,0.0002067929021590287,196.9454054017262,196.94540540172602,-3578.466152522774,14.726233005463813,OW,0.14312091570226926,3775.4115579245,401321.941755593,540.3403593230854,525.6141263176216,61740.267990665874
2024-01-05 09:50:00,2024-01-05,STK2,112.33812303750295,-0.003972948025715606,-3783.755880377471,-3783.755880377471,-3980.701285779197,18.22288013559477,OW,0.18897179496121908,196.94540540172602,447184.5108174096,37.217126768129134,18.994246632534363,61759.26223729841
2024-01-05 09:51:00,2024-01-05,STK2,112.34576078709466,-0.00416528997212672,-3966.9384858547255,-3966.9384858547255,-183.18260547725458,0.03858924699185082,OW,0.007637749591708598,-3783.755880377471,20579.78917530438,-28.899379930478034,-28.937969177469885,61730.324268120945
2024-01-05 09:52:00,2024-01-05,STK2,112.14285715749133,0.0009099551108970866,866.6229659815959,866.6229659815963,4833.561451836322,26.867813754979753,OW,-0.20290362960332686,-3966.9384858547255,-542049.391455237,804.9062171930495,778.0384034380697,62508.362671559014
2024-01-05 09:53:00,2024-01-05,STK2,112.25138533867619,0.0005994280193126434,570.8832026637718,570.8832026637718,-295.73976331782444,0.10058130874837523,OW,0.10852818118485175,866.6229659815963,33197.198132158,94.05301427100429,93.95243296225591,62602.31510452127
2024-01-05 09:54:00,2024-01-05,STK2,112.16196661025192,0.0018333911962610254,1746.084941203184,1746.084941203184,1175.201738539412,1.5882639952059645,OW,-0.08941872842426335,570.8832026637718,-131812.93815836753,-51.04765006096551,-52.63591405617147,62549.6791904651
2024-01-05 09:55:00,2024-01-05,STK2,112.09149667389433,0.004172771840804903,3974.064067267834,3974.064067267834,2227.9791260646502,5.708474634106772,OW,-0.07046993635759691,1746.084941203184,-249737.51479878172,-123.0464946815467,-128.75496931565348,62420.92422114945
2024-01-05 09:56:00,2024-01-05,STK2,112.08717694568304,0.007032748210060636,6697.8481024145885,6697.8481024145885,2723.7840351467544,8.531849390638385,OW,-0.004319728211285678,3974.064067267834,-305301.26310932083,-17.16687666483357,-25.698726055471955,62395.225495093975
2024-01-05 09:57:00,2024-01-05,STK2,112.19924572188258,0.004537796229124042,4321.705961106844,4321.705961106844,-2376.142141307744,6.492959197053334,OW,0.11206877619953559,6697.8481024145885,266601.3559827078,750.6196400079847,744.1266808109314,63139.3521759049
2024-01-05 09:58:00,2024-01-05,STK2,112.28856694955867,0.0031369982945694264,2987.6141512506215,2987.6141512506215,-1334.0918098562229,2.04677110069427,OW,0.08932122767609485,4321.705961106844,149803.25750789838,386.02008210116077,383.9733110004665,63523.32548690537
2024-01-05 09:59:00,2024-01-05,STK2,112.27559849485331,0.006285990515213271,5986.651076728127,5986.651076728127,2999.0369254775055,10.343355852434204,OW,-0.012968454705358567,2987.6141512506215,-336718.6657161517,-38.74473879758197,-49.088094650016174,63474.23739225535
2024-01-05 10:00:00,2024-01-05,STK2,112.34995870894686,0.00725149753142142,6906.180561251214,6906.180561251214,919.5294845230874,0.9723646438433888,OW,0.0743602140935451,5986.651076728127,-103309.09961782806,445.1686557688558,444.1962911250124,63918.43368338037
2024-01-05 10:01:00,2024-01-05,STK2,112.5227695048118,0.0008109103681026813,772.2947428225973,1906.1805612512144,-5000.0,28.749999999999996,OW,0.1728107958649474,6906.180561251214,562613.847524059,1193.4625591768515,1164.7125591768515,65083.14624255722
2024-01-05 10:02:00,2024-01-05,STK2,112.48058759833395,0.0019435259685293082,1850.9750856266282,1850.9750856266282,-55.20547562458614,0.0035047912197772903,OW,-0.04218190647785036,1906.1805612512144,6209.544336898952,-80.40633016459503,-80.40983495581482,65002.736407601406
2024-01-05 10:03:00,2024-01-05,STK2,112.48321464869174,0.0018591263978725147,1770.5946301797048,1770.5946301797048,-80.3804554469234,0.007430170260533064,OW,0.0026270503577876525,1850.9750856266282,9041.452023595888,4.862604760951465,4.855174590690932,65007.59158219209
2024-01-05 10:04:00,2024-01-05,STK2,112.66559305805366,-0.0007663524086381766,-729.8586374292796,-729.8586374292795,-2500.4532676089843,7.190106525020912,OW,0.18237840936191674,1770.5946301797048,281715.0503091144,322.9182322769258,315.7281257519049,65323.319707944
2024-01-05 10:05:00,2024-01-05,STK2,112.80015309303944,-0.0036369652039946535,-3463.772591101118,-3463.772591101118,-2733.9139536718385,8.59542833199382,OW,0.13456003498578184,-729.8586374292795,308385.91251738014,-98.20980378715892,-106.80523211915273,65216.51447582485
2024-01-05 10:06:00,2024-01-05,STK2,112.57319065153955,0.0015349461087416064,1461.8518358209478,1461.851835820948,4925.624426922066,27.901042394355024,OW,-0.22696244149989298,-3463.772591101118,-554493.257689778,786.1462840767202,758.2452416823652,65974.75971750722
2024-01-05 10:07:00,2024-01-05,STK2,112.60138772142531,-0.00011587664900465305,-110.35859246883021,-110.35859246883024,-1572.2104282897783,2.8426224754465967,OW,0.028197069885763426,1461.851835820948,177033.07601552547,41.219938377274836,38.37731590182824,66013.13703340905
2024-01-05 10:08:00,2024-01-05,STK2,112.59877160373283,2.294960258831275e-05,21.85674043148691,21.856740431486912,132.21533290031715,0.020103028392032936,OW,-0.0026161176924830443,-110.35859246883024,-14887.284071754313,0.28871106627523285,0.2686080378831999,66013.40564144692
2024-01-05 10:09:00,2024-01-05,STK2,112.61788197378058,-0.004885294686796609,-4652.656510706307,-4652.656510706307,-4674.513251137794,25.12873525532225,OW,0.01911037004775551,21.856740431486912,526433.7816015094,0.41769039768345434,-24.711044857638797,65988.69459658928
2024-01-05 10:10:00,2024-01-05,STK2,112.57345478037729,-0.004626342479605562,-4406.03563110913,-4406.03563110913,246.620879597177,0.06994513699127806,OW,-0.04442719340329404,-4652.656510706307,-27762.96443722968,206.70447064024432,206.63452550325306,66195.32912209253
2024-01-05 10:11:00,2024-01-05,STK2,112.66867398229873,-0.007948004404261416,-7569.5197136321385,-7569.5197136321385,-3163.4840825230085,11.508776271432906,OW,0.09521920192143796,-4406.03563110913,356425.55674197624,-419.53919643163056,-431.04797270306346,65764.28114938947
2024-01-05 10:12:00,2024-01-05,STK2,112.59417765737273,-0.007382365328291061,-7030.816421763978,-7030.816421763978,538.7032918681607,0.3337314221700316,OW,-0.07449632492600244,-7569.5197136321385,-60654.8541492152,563.9014001205207,563.5676686983508,66327.84881808782
2024-01-05 10:13:00,2024-01-05,STK2,112.60019953819307,-0.00602817537019641,-5741.113112301267,-5741.113112301267,1289.7033094627104,1.9128348204049275,OW,0.006021880820341607,-7030.816421763978,-145220.84999056914,-42.33873856156331,-44.251573381968235,66283.59724470584
2024-01-05 10:14:00,2024-01-05,STK2,112.31386518055434,-0.0004071561928910582,-387.76737805578426,-741.1131123012674,5000.0,28.749999999999996,OW,-0.2863343576387223,-5741.113112301267,-561569.3259027717,1643.877935142029,1615.127935142029,67898.72517984787
2024-01-05 10:15:00,2024-01-05,STK2,112.28566641887426,-0.00032001859732104726,-304.7792826903545,-304.7792826903545,436.3338296109129,0.2189452924923639,OW,-0.028198761680087614,-741.1131123012674,-48994.034838960884,20.898472031771448,20.679526739279083,67919.40470658714
2024-01-05 10:16:00,2024-01-05,STK2,112.17383861232842,0.0036410662947938136,3467.6783875844458,3467.6783875844458,3772.4576702748004,16.366152405117447,OW,-0.11182780654583269,-304.7792826903545,-423171.05787724594,34.08279866387461,17.716646258757166,67937.1213528459
2024-01-05 10:17:00,2024-01-05,STK2,112.1348623501491,0.0032544528019183994,3099.4754643063006,3099.4754643063006,-368.20292327814514,0.15590940161715736,OW,-0.038976262179318155,3467.6783875844458,41288.38411871732,-135.1571419880466,-135.31305138966374,67801.80830145624
2024-01-05 10:18:00,2024-01-05,STK2,112.22511903422325,0.002210868100090159,2105.5863606341377,2105.5863606341377,-993.889103672163,1.1359878829579935,OW,0.09025668407414855,3099.4754643063006,111539.32296642594,279.74837777746865,278.61238989451067,68080.42069135075
2024-01-05 10:19:00,2024-01-05,STK2,112.2885958421935,0.001717148336324429,1635.3775768002056,1635.3775768002056,-470.2087838339321,0.2542607454537733,OW,0.0634768079702468,2105.5863606341377,52799.08408937773,133.65590107874397,133.4016403332902,68213.82233168404
2024-01-05 10:20:00,2024-01-05,STK2,112.26581008847148,0.0034296699675267577,3266.3487725958757,3266.3487725958757,1630.9711957956702,3.0590770977424313,OW,-0.022785753722018853,1635.3775768002056,-183102.30252696393,-37.26331070748146,-40.32238780522389,68173.49994387882
2024-01-05 10:21:00,2024-01-05,STK2,112.39953240813516,-0.0006726892864089335,-640.6557615760074,-640.6557615760075,-3907.0045341718833,17.5543870945456,OW,0.13372231966367565,3266.3487725958757,439145.4827573836,436.7837347021203,419.2293476075747,68592.7292914864
2024-01-05 10:22:00,2024-01-05,STK2,112.33652157074162,0.0010878297890259596,1036.0272358044176,1036.0272358044176,1676.6829973804251,3.232955754760297,OW,-0.0630108373935343,-640.6557615760075,-188352.73570252187,40.36825601789669,37.13530026313639,68629.86459174953
2024-01-05 10:23:00,2024-01-05,STK2,112.36222373986205,0.0015220714996331485,1449.590316765985,1449.590316765985,413.5630809615675,0.1966895852245876,OW,0.02570216912042156,1036.0272358044176,-46468.86743355033,26.628147228008007,26.43145764278342,68656.29604939232
2024-01-05 10:24:00,2024-01-05,STK2,112.39514325706344,0.0006045010136798968,575.7146205791269,575.7146205791269,-873.8756961868582,0.878207542243976,OW,0.03291951720139252,1449.590316765985,98219.38406178798,47.719813367749886,46.84160582550591,68703.13765521783
2024-01-05 10:25:00,2024-01-05,STK2,112.4785746523399,0.0,0.0,0.0,-575.7146205791269,0.3811644230008531,OW,0.08343139527646315,575.7146205791269,64755.559929252864,48.03267407597614,47.651509652975285,68750.7891648708
2024-01-05 10:26:00,2024-01-05,STK2,112.35775144299092,0.0,0.0,0.0,0.0,0.0,OW,-0.12082320934898405,0.0,-0.0,-0.0,-0.0,68750.7891648708
2024-01-05 10:27:00,2024-01-05,STK2,112.40404917963819,0.0,0.0,0.0,0.0,0.0,OW,0.046297736647275656,0.0,-0.0,0.0,0.0,68750.7891648708
2024-01-05 10:28:00,2024-01-05,STK2,112.45672874981237,0.0,0.0,0.0,0.0,0.0,OW,0.05267957017417757,0.0,-0.0,0.0,0.0,68750.7891648708
2024-01-05 10:29:00,2024-01-05,STK2,112.43268755876741,0.0,0.0,0.0,0.0,0.0,OW,-0.024041191044958055,0.0,-0.0,-0.0,-0.0,68750.7891648708
2024-01-06 09:30:00,2024-01-06,STK2,112.59959275470447,0.003524602940875268,3356.761029142938,3356.761029142938,3356.761029142938,12.958021297788665,OW,0.166905195937062,0.0,-377969.92485635745,0.0,-12.958021297788665,68737.83114357301
2024-01-06 09:31:00,2024-01-06,STK2,112.85998090824806,-0.0013392180715782655,-1275.4443855402117,-1275.444385540212,-4632.20541468315,24.675926054392868,OW,0.26038815354358746,3356.761029142938,522790.61466422357,874.060806265602,849.3848802112091,69587.21602378422
2024-01-06 09:32:00,2024-01-06,STK2,112.7773654468228,-0.0004740431903057899,-451.469210586855,-451.46921058685507,823.9751749533568,0.780775352280327,OW,-0.08261546142526299,-1275.444385540212,-92925.74942482448,105.37142643366563,104.5906510813853,69691.8066748656
2024-01-06 09:33:00,2024-01-06,STK2,112.74884974923408,0.0016424985902822274,1564.2826584354004,1564.2826584354004,2015.7518690222555,4.672743937086723,OW,-0.028515697588716193,-451.46921058685507,-227273.70461212806,12.873959479711186,8.201215542624462,69700.00789040822
2024-01-06 09:34:00,2024-01-06,STK2,112.60328555562491,0.0032955283810899415,3138.5950206720645,3138.5950206720645,1574.312362236664,2.8502283259748626,OW,-0.14556419360917516,1564.2826584354004,-177272.7444786855,-227.70354375196584,-230.5537720779407,69469.45411833028
2024-01-06 09:35:00,2024-01-06,STK2,112.81889671354497,-0.0022074291005447213,-2102.311126558977,-1861.4049793279355,-5000.0,28.749999999999996,OW,0.21561115792006547,3138.5950206720645,564094.4835677248,676.7161066492556,647.9661066492556,70117.42022497953
2024-01-06 09:36:00,2024-01-06,STK2,112.77646086200684,0.00020860392686156438,198.67018894366393,198.67018894366402,2060.0751682715995,4.8804961537686475,OW,-0.04243585153813001,-1861.4049793279355,-232327.9865873742,78.99030535509623,74.10980920132758,70191.53003418086
2024-01-06 09:37:00,2024-01-06,STK2,112.74782348655178,0.002169921212223451,2066.589367281599,2066.589367281599,1867.9191783379351,4.012490365323066,OW,-0.028637375455062397,198.67018894366402,-210603.82180639033,-5.689392792507893,-9.70188315783096,70181.82815102303
2024-01-06 09:38:00,2024-01-06,STK2,112.8511829546684,0.00046648530328884634,444.27123083517233,444.27123083517245,-1622.3181364464267,3.0267035562194575,OW,0.10335946811662211,2066.589367281599,183080.5208267924,213.60157781769271,210.57487426147327,70392.4030252845
2024-01-06 09:39:00,2024-01-06,STK2,112.80834301454279,0.0021611391750785106,2058.225531542047,2058.225531542047,1613.9543007068746,2.9955757574857484,OW,-0.042839940125617204,444.27123083517245,-182067.51036393765,-19.03255292851305,-22.028128685998798,70370.3748965985
2024-01-06 09:40:00,2024-01-06,STK2,112.68128098792799,0.006879130692164331,6551.545864653893,6551.545864653893,4493.320333111846,23.218416758349797,OW,-0.12706202661479438,2058.225531542047,-506313.09102414607,-261.52230726804487,-284.7407240263947,70085.6341725721
2024-01-06 09:41:00,2024-01-06,STK2,112.7894607734409,-5.889418606484342e-05,-56.089639582626575,1551.5458646538927,-5000.0,28.749999999999996,OW,0.10817978551290253,6551.545864653893,563947.3038672045,708.7448264162016,679.9948264162016,70765.62899898831
2024-01-06 09:42:00,2024-01-06,STK2,112.88301567077121,-0.004723887127154398,-4498.935193694215,-3448.4541353461073,-5000.0,28.749999999999996,OW,0.0935548973303213,1551.5458646538927,564415.0783538561,145.1547140709795,116.40471407097951,70882.03371305928
2024-01-06 09:43:00,2024-01-06,STK2,112.88027294213896,-0.0024246217796717972,-2309.161070606254,-2309.161070606254,1139.2930647398534,1.4926869904689768,OW,-0.0027427286322563305,-3448.4541353461073,-128603.71210892065,9.458173894036515,7.9654869035675375,70889.99919996285
2024-01-06 09:44:00,2024-01-06,STK2,112.94306032646254,-0.005082754382119812,-4840.713157428268,-4840.713157428268,-2531.5520868220137,7.3700693635368255,OW,0.06278738432358466,-2309.161070606254,285921.24006152083,-144.98618360521507,-152.3562529687519,70737.6429469941
2024-01-06 09:45:00,2024-01-06,STK2,113.10961719674603,-0.005075928965397741,-4834.21276766958,-4834.21276766958,6.500389758687561,4.859332706707764e-05,OW,0.1665568702834861,-4840.713157428268,-735.2565972347983,-806.2540334413443,-806.2540820346713,69931.38886495943
2024-01-06 09:46:00,2024-01-06,STK2,112.78579014523933,-0.0032779477970348286,-3121.851625624247,-3121.851625624247,1712.361142045333,3.3720077829048165,OW,-0.3238270515066972,-4834.21276766958,-193130.0044195873,1565.4488669104703,1562.0768591275655,71493.465724087
2024-01-06 09:47:00,2024-01-06,STK2,112.58835133993541,0.000980679151694688,933.9791215416175,933.9791215416176,4055.8307471658645,18.917227507104414,OW,-0.19743880530391777,-3121.851625624247,-456639.2971372231,616.3746552993449,597.4574277922405,72090.92315187924
2024-01-06 09:48:00,2024-01-06,STK2,112.72903474021707,-0.0038266951012427626,-3644.467533433428,-3644.4675334334274,-4578.446654975045,24.10649983832,OW,0.1406834002816595,933.9791215416176,516123.8720249125,131.39535861055208,107.28885877223208,72198.21201065146
2024-01-06 09:49:00,2024-01-06,STK2,112.62584210396109,-0.002757607949472594,-2626.2904087986894,-2626.2904087986894,1018.177124634738,1.192187355698882,OW,-0.10319263625598296,-3644.4675334334274,-114673.05607297711,376.0822125243351,374.8900251686362,72573.1020358201
2024-01-06 09:50:00,2024-01-06,STK2,112.79235778044104,-0.006472500963144912,-6164.279880212429,-6164.279880212429,-3537.9894714137395,14.39497492480964,OW,0.16651567647994625,-2626.2904087986894,399058.17428313196,-437.31852405390833,-451.71349897871795,72121.38853684139
2024-01-06 09:51:00,2024-01-06,STK2,112.58149602290634,-0.0026327819237571782,-2507.408609749788,-2507.408609749788,3656.871270462641,15.378613612045305,OW,-0.21086175753470116,-6164.279880212429,-411696.0383918703,1299.8108894773898,1284.4322758653445,73405.82081270673
2024-01-06 09:52:00,2024-01-06,STK2,112.64936398523606,-0.002794419367915475,-2661.348864156458,-2661.348864156458,-153.9402544066702,0.02725224221580889,OW,0.06786796232972847,-2507.408609749788,17341.27175063683,-170.17271307173544,-170.19996531395125,73235.62084739278
2024-01-06 09:53:00,2024-01-06,STK2,112.49066062106064,0.0037937963500524687,3613.135423758792,2338.651135843542,5000.0,28.749999999999996,OW,-0.1587033641754232,-2661.348864156458,-562453.3031053032,422.3650179860712,393.6150179860712,73629.23586537885
2024-01-06 09:54:00,2024-01-06,STK2,112.45422126285128,0.006864586822489321,6537.694575371962,6537.694575371962,4199.04343952842,20.27676067810366,OW,-0.03643935820936406,2338.651135843542,-472200.160041053,-85.21894646573895,-105.49570714384261,73523.74015823501
2024-01-06 09:55:00,2024-01-06,STK2,112.38894351517229,0.011976104511993173,11405.801328877758,11405.801328877758,4868.106753505796,27.25323286805805,OW,-0.06527774767899075,6537.694575371962,-547121.3749455917,-426.7659768934375,-454.0192097614955,73069.72094847352
2024-01-06 09:56:00,2024-01-06,STK2,112.41770829608906,0.011561025498018445,11010.488415196922,11010.488415196922,-395.3129136808366,0.17971314468125738,OW,0.028764780916773702,11405.801328877758,44440.17181584932,328.0853764054151,327.90566326073383,73397.62661173426
2024-01-06 09:57:00,2024-01-06,STK2,112.47541584923447,0.010245460109102395,9757.570369425212,9757.570369425212,-1252.9180457717102,1.8052741738334612,OW,0.057707553145405655,11010.488415196922,140922.47822318328,635.3883453768497,633.5830712030162,74031.20968293727
2024-01-06 09:58:00,2024-01-06,STK2,112.72648567049633,0.006521318901405858,6210.773103825513,6210.773103825513,-3546.797265599698,14.466736469755318,OW,0.25106982126186494,9757.570369425212,399817.99113677995,2449.8314486016575,2435.3647121319023,76466.57439506918
2024-01-06 09:59:00,2024-01-06,STK2,112.88079058349777,0.0055345200869974295,5270.965738463648,5270.965738463648,-939.8073653618649,1.015723566586671,OW,0.15430491300143956,6210.773103825513,106086.19839824144,958.3528034574766,957.33707989089,77423.91147496007
2024-01-06 10:00:00,2024-01-06,STK2,113.1327134492516,0.002843155544894405,2707.7642199671927,2707.7642199671927,-2563.2015184964557,7.5555023280859155,OW,0.2519228657538264,5270.965738463648,289981.9429047461,1327.876794123996,1320.3212917959102,78744.23276675599
2024-01-06 10:01:00,2024-01-06,STK2,113.13588371972536,0.0011093849986795593,1056.5559844192167,1056.5559844192167,-1651.208235547976,3.135461932712679,OW,0.0031702704737597287,2707.7642199671927,186810.90293400869,8.584344956465035,5.448883023752356,78749.68164977974
2024-01-06 10:02:00,2024-01-06,STK2,113.11219454746698,0.0019178224180324615,1826.4955405357998,1826.4955405357998,769.9395561165832,0.6817279580839511,OW,-0.023689172258372082,1056.5559844192167,-87089.55286124932,-25.028936715520715,-25.710664673604665,78723.97098510613
2024-01-06 10:03:00,2024-01-06,STK2,113.13270525593728,0.0007926259962686306,754.8810744337096,754.8810744337095,-1071.6144661020903,1.3206111985531581,OW,0.020510708470297345,1826.4955405357998,121234.64354152638,37.46271755422796,36.1421063556748,78760.11309146181
2024-01-06 10:04:00,2024-01-06,STK2,113.22601337737636,0.0013293526971146687,1266.0488011033785,1266.0488011033785,511.16772666966904,0.30048631150693306,OW,0.09330812143907963,754.8810744337095,-57877.48385798301,70.43653496532347,70.13604865381654,78830.24914011563
2024-01-06 10:05:00,2024-01-06,STK2,113.31045471809213,0.0006324182295091664,602.3024160584647,602.3024160584647,-663.7463850449138,0.5066431532092196,OW,0.08444134071577025,1266.0488011033785,75209.40470692905,106.90685817676284,106.40021502355361,78936.64935513918
2024-01-06 10:06:00,2024-01-06,STK2,113.20523941264278,0.0020539976096685163,1956.1860571948102,1956.18605719481,1353.8836411363454,2.1079510507970993,OW,-0.10521530544934876,602.3024160584647,-153266.72173170053,-63.371432678472104,-65.4793837292692,78871.16997140991
2024-01-06 10:07:00,2024-01-06,STK2,113.2320664151263,0.005842348523082071,5564.135356501345,5564.135356501345,3607.949299306535,14.969892868321493,OW,0.02682700248351466,1956.18605719481,-408535.554681486,52.478608214581925,37.50871534626043,78908.67868675618
2024-01-06 10:08:00,2024-01-06,STK2,113.18225665678932,0.005564173635043812,5299.207181862432,5299.207181862432,-264.92817463891333,0.08071497837513253,OW,-0.049809758336976984,5564.135356501345,29985.168657596194,-277.1482374615613,-277.2289524399364,78631.44973431624
2024-01-06 10:09:00,2024-01-06,STK2,113.30918705215292,0.004455505853130842,4243.334260282327,4243.334260282327,-1055.872921580105,1.282097770505022,OW,0.12693039536360118,5299.207181862432,119640.10237462331,672.6304627074333,671.3483649369282,79302.79809925317
2024-01-06 10:10:00,2024-01-06,STK2,113.35005276948198,0.006464114721509111,6156.2929921639725,6156.2929921639725,1912.9587318816457,4.208322776364568,OW,0.040865717329054974,4243.334260282327,-216833.97320462586,173.40689841339216,169.1985756370276,79471.9966748902
2024-01-06 10:11:00,2024-01-06,STK2,113.33372840222295,0.01090748902851294,10388.073411646208,10388.073411646208,4231.780419482236,20.59416034652023,OW,-0.01632436725903119,6156.2929921639725,-479603.45271944476,-100.49758775828472,-121.09174810480495,79350.90492678538
2024-01-06 10:12:00,2024-01-06,STK2,113.59762446058262,0.007327269788646239,6978.344536714307,6978.344536714307,-3409.7288749319014,13.370188650626023,OW,0.263896058359677,10388.073411646208,387337.100246919,2741.3716272843967,2728.0014386337707,82078.90636541916
2024-01-06 10:13:00,2024-01-06,STK2,113.5302560409281,0.007088547990532606,6750.990692279343,6750.990692279343,-227.35384443496332,0.05944323616626111,OW,-0.06736841965452811,6978.344536714307,25811.54017059072,-470.12004324325295,-470.1794864794192,81608.72687893973
2024-01-06 10:14:00,2024-01-06,STK2,113.58815968086019,0.007958359010297646,7579.381232389742,7579.381232389742,828.3905401103984,0.7891655199860571,OW,0.05790363993209269,6750.990692279343,-94095.35694817395,390.90693423065227,390.1177687106662,81998.8446476504
2024-01-06 10:15:00,2024-01-06,STK2,113.7549364149779,0.0029602549222634733,2819.287314364821,2819.287314364821,-4760.093918024921,26.05726822468051,OW,0.1667767341177182,7579.381232389742,541484.1809742479,1264.0644485710873,1238.0071803464068,83236.85182799681
2024-01-06 10:16:00,2024-01-06,STK2,114.0168270310302,-0.004397142644962056,-4187.7503133801865,-2180.712685635179,-5000.0,28.749999999999996,OW,0.26189061605229824,2819.287314364821,570084.135155151,738.3448915874325,709.5948915874325,83946.44671958424
2024-01-06 10:17:00,2024-01-06,STK2,114.05757473738414,-0.0030106545798968746,-2867.28693573038,-2867.28693573038,-686.574250095201,0.5420918310278557,OW,0.040747706353940316,-2180.712685635179,78308.99384299686,-88.85904015657482,-89.40113198760268,83857.04558759664
2024-01-06 10:18:00,2024-01-06,STK2,113.9749572945911,-0.0020459083462768257,-1948.4820052595428,-1948.4820052595428,918.804930470837,0.9708328752961475,OW,-0.08261744279303684,-2867.28693573038,-104720.7527124734,236.88791438392656,235.91708150863042,84092.96266910527
2024-01-06 10:19:00,2024-01-06,STK2,114.08768331684192,-4.294893107506475e-05,-40.903699081724575,-40.90369908172465,1907.5783061778181,4.1846832433302685,OW,0.1127260222508113,-1948.4820052595428,-217631.18969729263,-219.64462588019265,-223.8293091235229,83869.13335998174
2024-01-06 10:20:00,2024-01-06,STK2,113.94101603753879,0.005380024261709122,5123.82701838862,4959.096300918275,5000.0,28.749999999999996,OW,-0.14666727930313073,-40.90369908172465,-569705.0801876939,5.999234257750522,-22.750765742249474,83846.38259423949
2024-01-06 10:21:00,2024-01-06,STK2,113.73978927685022,0.009615734165827075,9157.832032685941,9157.832032685941,4198.735731767666,20.273789007005938,OW,-0.20122676068857004,4959.096300918275,-477563.31736043585,-997.9028845764547,-1018.1766735834606,82828.20592065604
2024-01-06 10:22:00,2024-01-06,STK2,113.86782354401484,0.008983759844886915,8555.952386230163,8555.952386230163,-601.8796464557781,0.41659797514039226,OW,0.1280342671646224,9157.832032685941,68534.72537736058,1172.5163131216489,1172.0997151465085,84000.30563580255
2024-01-06 10:23:00,2024-01-06,STK2,113.84610413724617,0.010928615942552398,10408.194260122857,10408.194260122857,1852.2418738926935,3.9454199533117436,OW,-0.02171940676866768,8555.952386230163,-210870.5212625556,-185.83021016988582,-189.77563012319757,83810.53000567935
2024-01-06 10:24:00,2024-01-06,STK2,114.0849756790113,0.007441393817353331,7087.0339688231115,7087.0339688231115,-3321.160291299745,12.684621532582137,OW,0.23887154176512126,10408.194260122857,378894.4910590295,2486.221409906432,2473.53678837385,86284.0667940532
2024-01-06 10:25:00,2024-01-06,STK2,114.27975392484696,0.0,0.0,2087.0339688231115,-5000.0,28.749999999999996,OW,0.19477824583566417,7087.0339688231115,571398.7696242348,1380.4000446251307,1351.6500446251307,87635.71683867833
2024-01-06 10:26:00,2024-01-06,STK2,114.3441473393944,0.0,0.0,0.0,-2087.0339688231115,5.00906740507478,OW,0.06439341454743897,2087.0339688231115,238640.1196334309,134.39124352901342,129.38217612393865,87765.09901480227
2024-01-06 10:27:00,2024-01-06,STK2,114.4330970176737,0.0,0.0,0.0,0.0,0.0,OW,0.088949678279306,0.0,-0.0,0.0,0.0,87765.09901480227
2024-01-06 10:28:00,2024-01-06,STK2,114.53362010634281,0.0,0.0,0.0,0.0,0.0,OW,0.10052308866910664,0.0,-0.0,0.0,0.0,87765.09901480227
2024-01-06 10:29:00,2024-01-06,STK2,114.55409378561737,0.0,0.0,0.0,0.0,0.0,OW,0.02047367927455923,0.0,-0.0,0.0,0.0,87765.09901480227
2024-01-02 09:30:00,2024-01-02,STK3,120.01583434548462,-0.001802447955810553,-1716.6149754391283,-1716.6149754391283,-1716.6149754391283,3.830797066072443,OW,0.0,0.0,206020.9785272806,0.0,-3.830797066072443,87761.2682177362
2024-01-02 09:31:00,2024-01-02,STK3,119.88341133849961,0.0001164602509226601,110.91438736567287,110.91438736567284,1827.5293628048012,4.3418226434878395,OW,-0.13242300698500742,-1716.6149754391283,-219090.45433431407,227.31931688314404,222.9774942396562,87984.24571197586
2024-01-02 09:32:00,2024-01-02,STK3,119.74561442043664,0.0023221266073926374,2211.546411792668,2211.5464117926686,2100.6320244269955,5.736451372662734,OW,-0.13779691806297478,110.91438736567284,-251541.47243625624,-15.283660747832666,-21.0201121204954,87963.22559985537
2024-01-02 09:33:00,2024-01-02,STK3,119.67782228480978,0.004973022455468216,4736.205998476587,4736.205998476587,2524.659586683919,8.286077837225521,OW,-0.06779213562685982,2211.5464117926686,-302145.76134479936,-149.92545429334376,-158.21153213056928,87805.0140677248
2024-01-02 09:34:00,2024-01-02,STK3,119.83651808391623,0.0029510797190682326,2810.5486336714366,2810.5486336714366,-1925.6573648051508,4.820603172616813,OW,0.1586957991064537,4736.205998476587,230764.07362089894,751.6159956610215,746.7953924884048,88551.8094602132
2024-01-02 09:35:00,2024-01-02,STK3,119.8962977906467,0.004425898586038268,4215.136291772465,4215.136291772465,1404.587658101028,2.5647264360766493,OW,0.05977970673046684,2810.5486336714366,-168404.8601287479,168.01377307259276,165.4490466365161,88717.25850684971
2024-01-02 09:36:00,2024-01-02,STK3,119.89112634447065,0.002205202605649348,2100.1903575256024,2100.1903575256024,-2114.945934246862,5.814895196223533,OW,-0.005171446176049699,4215.136291772465,253563.25021451508,-21.79835045761502,-27.613245653838554,88689.64526119588
2024-01-02 09:37:00,2024-01-02,STK3,119.8992688073031,0.0016580273407341473,1579.0717028008892,1579.0717028008892,-521.1186547247132,0.3530340479927233,OW,0.00814246283245268,2100.1903575256024,62481.74566333857,17.10072192722772,16.747687879235,88706.39294907512
2024-01-02 09:38:00,2024-01-02,STK3,120.00669932160152,0.0019900276124617936,1895.262046305841,1895.262046305841,316.1903435049519,0.12996923332351332,OW,0.10743051429841444,1579.0717028008892,-37944.95948139266,169.64048514597255,169.51051591264903,88875.90346498777
2024-01-02 09:39:00,2024-01-02,STK3,120.03193833902063,0.0013004948033923719,1238.5649459599447,1238.5649459599447,-656.6971003458964,0.5606264060835209,OW,0.02523901741911061,1895.262046305841,78824.62585613228,47.83455180049234,47.27392539440882,88923.17739038217
2024-01-02 09:40:00,2024-01-02,STK3,120.18952663169898,-6.928860743426218e-05,-65.9890682366414,-65.98906823664151,-1304.5540141965862,2.212419528743355,OW,0.15758829267835495,1238.5649459599447,156793.72943177042,195.18333520508665,192.97091567634328,89116.14830605852
2024-01-02 09:41:00,2024-01-02,STK3,120.03722122236756,0.004005989547535367,3815.2234168999275,3815.2234168999275,3881.212485136569,19.582953461213975,OW,-0.15230540933141867,-65.98906823664151,-465889.9616893533,10.050492049180605,-9.53246141203337,89106.61584464648
2024-01-02 09:42:00,2024-01-02,STK3,120.00912073310435,0.002690999766000921,2562.853746943857,2562.853746943857,-1252.3696699560705,2.03895872729364,OW,-0.028100489263209738,3815.2234168999275,150295.78292423612,-107.20964466334279,-109.24860339063643,88997.36724125585
2024-01-02 09:43:00,2024-01-02,STK3,120.13866592718728,-0.002315487328178647,-2205.2232965603444,-2205.2232965603444,-4768.077043504201,29.554926300629297,OW,0.12954519408292242,2562.853746943857,572830.415044642,332.0053860539869,302.4504597533576,89299.8177010092
2024-01-02 09:44:00,2024-01-02,STK3,120.11819743316256,-0.0024790665494904265,-2361.0128382607013,-2361.0128382607013,-155.78954170035695,0.031551495694169436,OW,-0.02046849402471196,-2205.2232965603444,18713.158927985387,45.13759986880102,45.10604837310685,89344.92374938232
2024-01-02 09:45:00,2024-01-02,STK3,120.1849248298932,-0.0030543948304379105,-2908.9438560103786,-2908.9438560103786,-547.9310177496773,0.39029692027585633,OW,0.06672739673064143,-2361.0128382607013,65853.04818021184,-157.54424034475957,-157.93453726503543,89186.98921211727
2024-01-02 09:46:00,2024-01-02,STK3,120.30294180594807,-0.005253769035176373,-5003.583362398096,-5003.583362398096,-2094.6395063877176,5.703769060236235,OW,0.11801697605486083,-2908.9438560103786,251991.29464140136,-343.3047573997114,-349.00852645994763,88837.98068565733
2024-01-02 09:47:00,2024-01-02,STK3,120.1875751766174,-0.00497191871871546,-4735.154821918277,-4735.154821918277,268.4285404798193,0.09367004574736376,OW,-0.11536662933066566,-5003.583362398096,-32261.775388467966,577.2465470948669,577.1528770491195,89415.13356270644
2024-01-02 09:48:00,2024-01-02,STK3,119.98494794811513,-0.004754818950737438,-4528.393394120023,-4528.393394120023,206.76142779825386,0.05557537443272431,OW,-0.20262722850226567,-4735.154821918277,-24808.259152051454,959.4712980944398,959.4157227200071,90374.54928542644
2024-01-02 09:49:00,2024-01-02,STK3,119.95364797968837,-0.005333783268227926,-5079.787299528034,-5079.787299528034,-551.393905408011,0.39524581059742825,OW,-0.03129996842676519,-4528.393394120023,66141.71042745815,141.73857025992876,141.34332444933133,90515.89260987578
2024-01-02 09:50:00,2024-01-02,STK3,119.9820750108098,-0.006894452049144205,-6566.13667920621,-6566.13667920621,-1486.3493796781759,2.8720048220106076,OW,0.028427031121424307,-5079.787299528034,178335.2827648175,-144.40327165389937,-147.27527647590998,90368.61733339987
2024-01-02 09:51:00,2024-01-02,STK3,119.95368355363539,-0.005075986608836514,-4834.266975513758,-4834.266975513758,1731.8697036924523,3.8991844717381174,OW,-0.02839145717440772,-6566.13667920621,-207744.1503928527,186.4221883289908,182.5230038572527,90551.14033725712
2024-01-02 09:52:00,2024-01-02,STK3,119.85737063220614,-0.004333782440801132,-4127.406738259401,-4127.406738259401,706.8602372543564,0.6495468135146706,OW,-0.09631292142924508,-4834.266975513758,-84722.40944176457,465.6023753806508,464.9528285671361,91016.09316582426
2024-01-02 09:53:00,2024-01-02,STK3,119.66969423903153,-0.0029783958793150184,-2836.5639921731695,-2836.5639921731695,1290.8427460862317,2.166157493660477,OW,-0.1876763931746126,-4127.406738259401,-154474.75673481118,774.6168098011167,772.4506523074563,91788.54381813171
2024-01-02 09:54:00,2024-01-02,STK3,119.60010006721049,-0.003074314125802295,-2927.914590012693,-2927.914590012693,-91.35059783952374,0.010848411243329921,OW,-0.06959417182103778,-2836.5639921731695,10925.540642806542,197.40832185266842,197.3974734414251,91985.94129157314
2024-01-02 09:55:00,2024-01-02,STK3,119.5249704269198,-0.0016457571566670074,-1567.385827681363,-1567.385827681363,1360.5287623313302,2.406350067070068,OW,-0.07512964029069735,-2927.914590012693,-162617.16008262604,219.97316994953826,217.5668198824682,92203.50811145561
2024-01-02 09:56:00,2024-01-02,STK3,119.61722350055729,-0.002994774766002161,-2852.162912562261,-2852.162912562261,-1284.7770848808982,2.1458478051855763,OW,0.0922530736374938,-1567.385827681363,153681.46771059287,-144.59616017945294,-146.74200798463852,92056.76610347097
2024-01-02 09:57:00,2024-01-02,STK3,119.57033797976901,-0.0016690011504799126,-1589.5229372381848,-1589.5229372381848,1262.6399753240764,2.0725376194722998,OW,-0.04688552078827968,-2852.162912562261,-150974.28859626703,133.72514352849822,131.6526059090259,92188.41870938
2024-01-02 09:58:00,2024-01-02,STK3,119.47273967178226,-0.0024748561656765928,-2357.0029538788117,-2357.0029538788117,-767.4800166406269,0.765733248725506,OW,-0.0975983079867433,-1589.5229372381848,91692.94023140073,155.1347491805652,154.3690159318397,92342.78772531183
2024-01-02 09:59:00,2024-01-02,STK3,119.3969208718352,0.0005340931701950125,508.6595323215432,508.65953232154334,2865.662486200355,10.6756279302608,OW,-0.07581879994705787,-2357.0029538788117,-342151.2771102503,178.7051354347621,168.0295075045013,92510.81723281633
2024-01-02 10:00:00,2024-01-02,STK3,119.41627185214848,0.002395151898979577,2281.094222435321,2281.094222435321,1772.4346901137778,4.08398214993434,OW,0.019350980313276978,508.65953232154334,-211657.54279480546,9.84306059611486,5.75907844618052,92516.57631126251
2024-01-02 10:01:00,2024-01-02,STK3,119.4192726668615,0.003346872185725064,3187.4933733177886,3187.4933733177886,906.3991508824674,1.0680272469365955,OW,0.00300081471301894,2281.094222435321,-108241.52734424511,6.8451411044664106,5.777113857529815,92522.35342512005
2024-01-02 10:02:00,2024-01-02,STK3,119.46006235031687,-0.0002075530883682865,-197.6693632362993,-197.66936323629943,-3385.162736554088,14.897124778840672,OW,0.04078968345537248,3187.4933733177886,404391.75157472066,130.01684571373002,115.11972093488934,92637.47314605494
2024-01-02 10:03:00,2024-01-02,STK3,119.30935239329814,0.003787005611181305,3606.6675452509485,3606.6675452509485,3804.336908487248,18.814873107261803,OW,-0.15070995701873358,-197.66936323629943,-453892.9728375355,29.790741237263124,10.97586813000132,92648.44901418494
2024-01-02 10:04:00,2024-01-02,STK3,119.43215873816835,-0.0005876244717113564,-559.6416611211398,-559.6416611211403,-4166.309206372089,22.56557212403107,OW,0.12280634487021302,3606.6675452509485,497591.30248772353,442.9216583942926,420.3560862702615,93068.8051004552
2024-01-02 10:05:00,2024-01-02,STK3,119.57432240609029,-0.0030525611854433886,-2907.1975296062856,-2907.1975296062856,-2347.5558684851453,7.164324122356758,OW,0.1421636679219347,-559.6416611211403,280707.40228455205,-79.56071126690568,-86.72503538926244,92982.08006506594
2024-01-02 10:06:00,2024-01-02,STK3,119.64013059899466,-0.0032289946667456927,-3075.2292085216395,-3075.2292085216395,-168.03167891535395,0.03670503865484639,OW,0.06580819290437034,-2907.1975296062856,20103.332010201284,-191.31741583943935,-191.3541208780942,92790.72594418784
2024-01-02 10:07:00,2024-01-02,STK3,119.44636137797463,0.0001332423192746876,126.89728981734365,126.89728981734379,3202.1264983389833,13.329698344774084,OW,-0.1937692210200339,-3075.2292085216395,-382482.35889858665,595.8847681932936,582.5550698485195,93373.28101403636
2024-01-02 10:08:00,2024-01-02,STK3,119.55902442165025,-0.001671503960464628,-1591.906562843901,-1591.906562843901,-1718.8038526612447,3.8405726891000795,OW,0.11266304367562441,126.89728981734379,205498.5117963523,14.296634905009771,10.456062215909691,93383.73707625226
2024-01-02 10:09:00,2024-01-02,STK3,119.39337759484638,0.0031278391176072892,2978.890709570825,2978.8907095708246,4570.797272414726,27.15984401716807,OW,-0.1656468268038651,-1591.906562843901,-545722.9246549053,263.69427070333984,236.53442668617177,93620.27150293843
2024-01-02 10:10:00,2024-01-02,STK3,119.37262432858107,0.005907106439162457,5625.808691058245,5625.808691058245,2646.9179814874205,9.108027240937872,OW,-0.020753266265316483,2978.8907095708246,-315969.54583266395,-61.821712071000874,-70.92973931193875,93549.3417636265
2024-01-02 10:11:00,2024-01-02,STK3,119.426657252329,0.005440061973464195,5181.004988721627,5181.004988721627,-444.8037023366178,0.25720543369607124,OW,0.054032923747925565,5625.808691058245,53121.41930352222,303.9788920243671,303.721686590671,93853.06345021716
2024-01-02 10:12:00,2024-01-02,STK3,119.45515594697767,0.005530127072899254,5266.781167698796,5266.781167698796,85.77617897716846,0.009564818743900208,OW,0.028498694648675382,5181.004988721627,-10246.406836253525,147.6518791468415,147.6423143280976,94000.70576454526
2024-01-02 10:13:00,2024-01-02,STK3,119.44859387421342,0.005552556329007318,5288.142337545027,5288.142337545027,21.36116984623095,0.0005931894503593844,OW,-0.006562072764253912,5266.781167698796,-2551.5617016405345,-34.56100125584169,-34.561594445292044,93966.14417009997
2024-01-02 10:14:00,2024-01-02,STK3,119.599736919395,0.004223551591964853,4022.4251074402027,4022.4251074402027,-1265.717230104824,2.0826521385594967,OW,0.15114304518158406,5288.142337545027,151379.4477348823,799.2659362502155,797.183284111656,94763.32745421163
2024-01-02 10:15:00,2024-01-02,STK3,119.7622781955496,-0.0014543102691407168,-1385.0556843507877,-977.5748925597973,-5000.0,32.5,OW,0.1625412761545988,4022.4251074402027,598811.390977748,653.8101101996297,621.3101101996297,95384.63756441126
2024-01-02 10:16:00,2024-01-02,STK3,119.78566562432279,-0.0007631856536584282,-726.8425797743565,-726.8425797743565,250.73231278544074,0.08172670047715692,OW,0.023387428773190777,-977.5748925597973,-30034.13698052992,-22.862963170201883,-22.944689870679042,95361.69287454057
2024-01-02 10:17:00,2024-01-02,STK3,119.82019511243001,9.378243126073215e-05,89.31649061837555,89.3164906183755,816.159070392732,0.8659503166396272,OW,0.03452948810722489,-726.8425797743565,-97792.33905723665,-25.097502214143304,-25.96345253078293,95335.7294220098
2024-01-02 10:18:00,2024-01-02,STK3,119.81509344236066,0.002220841599676298,2115.0846191107553,2115.0846191107553,2025.7681284923797,5.334857463540175,OW,-0.0051016700693509165,89.3164906183755,-242717.59760787056,-0.4556632668872282,-5.790520730427403,95329.93890127937
2024-01-02 10:19:00,2024-01-02,STK3,119.87886753954604,0.004139427393903753,3942.3069227664314,3942.3069227664314,1827.2223036556761,4.340363751069782,OW,0.06377409718537308,2115.0846191107553,-219045.34050524296,134.88761205445712,130.54724830338733,95460.48614958275
2024-01-02 10:20:00,2024-01-02,STK3,119.66603355117275,0.005150204612009125,4904.950700545918,4904.950700545918,962.6437777794868,1.2046879557668306,OW,-0.2128339883732906,3942.3069227664314,-115195.76260958775,-839.0569057640137,-840.2615937197805,94620.22455586297
2024-01-02 10:21:00,2024-01-02,STK3,119.7351489791796,0.004367341327298749,4159.367542972326,4159.367542972326,-745.583157573592,0.7226625183146299,OW,0.06911542800685311,4904.950700545918,89272.51044844117,339.0077670207451,338.2851045024305,94958.5096603654
2024-01-02 10:22:00,2024-01-02,STK3,119.82640453137522,0.004952755317961873,4716.90398665399,4716.90398665399,557.5364436816635,0.4041009518431558,OW,0.09125555219561932,4159.367542972326,-66807.58744158331,379.56538191847596,379.16128096663283,95337.67094133202
2024-01-02 10:23:00,2024-01-02,STK3,119.96213109712713,0.004665643672968667,4443.464663299623,4443.464663299623,-273.43932335436693,0.09719978262344224,OW,0.13572656575190933,4716.90398665399,32802.3639553463,640.209179090036,640.1119793074125,95977.78292063944
2024-01-02 10:24:00,2024-01-02,STK3,120.15307694907757,-0.0008805878190676754,-838.6540274451805,-556.5353367003772,-5000.0,32.5,OW,0.19094585195044544,4443.464663299623,600765.3847453878,848.4611457454457,815.9611457454457,96793.74406638488
2024-01-02 10:25:00,2024-01-02,STK3,120.00659448820485,0.0,0.0,0.0,556.5353367003772,0.40265105529506295,OW,-0.14648246087271843,-556.5353367003772,-66787.91046975872,81.52266568249819,81.12001462720312,96874.86408101209
2024-01-02 10:26:00,2024-01-02,STK3,120.02410932390212,0.0,0.0,0.0,0.0,0.0,OW,0.01751483569726986,0.0,-0.0,0.0,0.0,96874.86408101209
2024-01-02 10:27:00,2024-01-02,STK3,120.15434790023104,0.0,0.0,0.0,0.0,0.0,OW,0.13023857632892089,0.0,-0.0,0.0,0.0,96874.86408101209
2024-01-02 10:28:00,2024-01-02,STK3,120.27141348686517,0.0,0.0,0.0,0.0,0.0,OW,0.11706558663412636,0.0,-0.0,0.0,0.0,96874.86408101209
2024-01-02 10:29:00,2024-01-02,STK3,120.09461045892373,0.0,0.0,0.0,0.0,0.0,OW,-0.1768030279414461,0.0,-0.0,-0.0,-0.0,96874.86408101209
2024-01-03 09:30:00,2024-01-03,STK3,119.25183638201963,0.0017705519911149301,1686.2379038149095,1686.2379038149095,1686.2379038149095,3.69641774874073,OW,-0.8427740769040923,0.0,-201086.96660689535,-0.0,-3.69641774874073,96871.16766326335
2024-01-03 09:31:00,2024-01-03,STK3,119.23762612605542,0.003348945335834322,3189.467799548745,3189.467799548745,1503.2298957338355,2.9376101552563454,OW,-0.014210255964215435,1686.2379038149095,-179241.56428902035,-23.96187222977195,-26.899482385028293,96844.26818087832
2024-01-03 09:32:00,2024-01-03,STK3,119.2163256105873,0.0016790489907791222,1599.0922971039388,1599.0922971039388,-1590.3755024448062,3.2880825104095406,OW,-0.021300515468112735,3189.467799548745,189598.72374256141,-67.93730819933553,-71.22539070974507,96773.04279016858
2024-01-03 09:33:00,2024-01-03,STK3,119.36817063716819,0.002630993312115818,2505.7048139995804,2505.7048139995804,906.6125168956416,1.0685301325294052,OW,0.1518450265808866,1599.0922971039388,-108220.67761859148,242.8142123590386,241.7456822265092,97014.78847239508
2024-01-03 09:34:00,2024-01-03,STK3,119.32214756623927,0.0037361070546636497,3558.1927895362123,3558.1927895362123,1052.487975536632,1.4400502202439571,OW,-0.04602307092892488,2505.7048139995804,-125585.12552867441,-115.32023038165121,-116.76028060189518,96898.02819179319
2024-01-03 09:35:00,2024-01-03,STK3,119.36851014690913,0.003542955830384463,3374.239470355382,3374.239470355382,-183.95331918083048,0.04399047072893784,OW,0.04636258066986443,3558.1927895362123,21958.23364719458,164.96700024380257,164.92300977307363,97062.95120156626
2024-01-03 09:36:00,2024-01-03,STK3,119.45828471284196,-0.0007128297119431563,-678.8845994220733,-678.8845994220733,-4053.124069777455,21.35615914251217,OW,0.08977456593282795,3374.239470355382,484179.24910394795,302.9208838045697,281.56472466205753,97344.51592622833
2024-01-03 09:37:00,2024-01-03,STK3,119.32693667021576,0.002093518584062462,1993.824754371696,1993.8247543716957,2672.709353793769,9.286387876813718,OW,-0.13134804262620037,-678.8845994220733,-318926.2197980424,89.17016330316144,79.88377542634773,97424.39970165468
2024-01-03 09:38:00,2024-01-03,STK3,119.54171389055595,0.0006270224136966621,597.1634641753891,597.163464175389,-1396.6612901963067,2.5358615873926555,OW,0.21477722034019564,1993.8247543716957,166959.28435466165,428.2281385894261,425.69227700203345,97850.09197865671
2024-01-03 09:39:00,2024-01-03,STK3,119.56849033921361,-0.0010919161087309677,-1039.9188160347683,-1039.9188160347683,-1637.0822802101573,3.4840499098315143,OW,0.026776448657656715,597.163464175389,195743.45680580597,15.989916838720728,12.505866928889214,97862.5978455856
2024-01-03 09:40:00,2024-01-03,STK3,119.6022081298613,-0.0034548509708341563,-3290.3301841951584,-3290.330184195159,-2250.4113681603903,6.583656723729176,OW,0.03371779064768532,-1039.9188160347683,269154.1688325249,-35.0637649296491,-41.64742165337828,97820.95042393221
2024-01-03 09:41:00,2024-01-03,STK3,119.41123017410177,0.0016576030914537822,1578.6676563674557,1578.6676563674555,4868.997840562614,30.819281962824423,OW,-0.19097795575952148,-3290.330184195159,-581413.0218566268,628.3805323514412,597.5612503886167,98418.51167432083
2024-01-03 09:42:00,2024-01-03,STK3,119.46497978963085,-0.00013171918113506677,-125.44668386131214,-125.44668386131207,-1704.1143402287676,3.7752073899453262,OW,0.05374961552907109,1578.6676563674555,203581.98521464982,84.85277957793045,81.07757218798513,98499.58924650883
2024-01-03 09:43:00,2024-01-03,STK3,119.58313311819123,-0.0021752167477212705,-2071.632432951531,-2071.632432951531,-1946.185749090219,4.923930660950414,OW,0.11815332856038196,-125.44668386131207,232730.98950618235,-14.82194325507597,-19.745873916026383,98479.8433725928
2024-01-03 09:44:00,2024-01-03,STK3,119.49634546650188,-0.003704641517837265,-3528.2256487084965,-3528.2256487084965,-1456.5932157569655,2.7581629350459833,OW,-0.08678765168934888,-2071.632432951531,174057.56611425726,179.79211401935586,177.03395108430988,98656.87732367711
2024-01-03 09:45:00,2024-01-03,STK3,119.37387550532844,-0.0028131163107957004,-2679.1550741848605,-2679.1550741848605,849.070574523636,0.9371970926784665,OW,-0.12246996117343656,-3528.2256487084965,-101356.84505842222,432.1016582084526,431.16446111577415,99088.04178479288
2024-01-03 09:46:00,2024-01-03,STK3,119.52060696397885,-0.005871689887229308,-5592.0786833590655,-5592.0786833590655,-2912.923609174205,11.03066113874982,OW,0.14673145865040738,-2679.1550741848605,348154.39780820487,-393.11633198578494,-404.1469931245348,98683.89479166834
2024-01-03 09:47:00,2024-01-03,STK3,119.45628439916702,-0.00803387156293014,-7651.296777375551,-7651.296777375551,-2059.2180940164853,5.512492906342352,OW,-0.06432256481183174,-5592.0786833590655,245986.54227874393,359.6968435432262,354.18435063688383,99038.07914230523
2024-01-03 09:48:00,2024-01-03,STK3,119.43939501192,-0.008667948094979998,-8255.178441188595,-8255.178441188595,-603.8816638130438,0.4740749830564931,OW,-0.016889387247019272,-7651.296777375551,72127.26058462162,129.22571421496627,128.7516392319098,99166.83078153714
2024-01-03 09:49:00,2024-01-03,STK3,119.25172078928311,-0.01002331349566338,-9546.001034154318,-9546.001034154318,-1290.8225929657237,2.166089856463981,OW,-0.18767422263688616,-8255.178441188595,153932.81544484693,1549.2841966788512,1547.1181068223873,100713.94888835952
2024-01-03 09:50:00,2024-01-03,STK3,119.1883103476696,-0.00988214474140907,-9411.55476798845,-9411.55476798845,134.44626616586902,0.023498538031726808,OW,-0.06341044161351306,-9546.001034154318,-16024.423296862988,605.3161412187777,605.292642680746,101319.24153104026
2024-01-03 09:51:00,2024-01-03,STK3,119.1328091534345,-0.007197211325658966,-6854.478490320884,-6854.478490320884,2557.0762776675656,8.500230816753277,OW,-0.0555011942351058,-9411.55476798845,-304631.6801781448,522.352529232463,513.8522984157097,101833.09382945596
2024-01-03 09:52:00,2024-01-03,STK3,118.92597009788022,-0.008166722764722604,-7777.821574813863,-7777.821574813863,-923.343084492979,1.108331187185311,OW,-0.20683905555426918,-6854.478490320884,109809.47205649651,1417.7738572550245,1416.6655260678392,103249.7593555238
2024-01-03 09:53:00,2024-01-03,STK3,118.86730633840651,-0.007481599810303245,-7125.324330839632,-7125.324330839632,652.4972439742305,0.5534784494121565,OW,-0.05866375947371694,-7777.821574813863,-77560.58978445083,456.2762540943667,455.72277564495454,103705.48213116876
2024-01-03 09:54:00,2024-01-03,STK3,118.59121683656042,-0.004340000984821525,-4133.329153803452,-4133.329153803452,2991.9951770361804,11.637645681230095,OW,-0.27608950184608716,-7125.324330839632,-354824.34881384065,1967.2272449933184,1955.5895993120882,105661.07173048085
2024-01-03 09:55:00,2024-01-03,STK3,118.53745522670418,-0.0024258204072558145,-2310.3022893931793,-2310.3022893931793,1823.0268644102725,4.320455032870015,OW,-0.053761609856238124,-4133.329153803452,-216096.9653171116,222.21442937419604,217.89397434132604,105878.96570482217
2024-01-03 09:56:00,2024-01-03,STK3,118.65900911698276,-0.006798776952602388,-6475.017652456608,-6475.017652456608,-4164.715363063428,22.54831027193751,OW,0.12155389027857666,-2310.3022893931793,494180.9982353815,-280.82623099524295,-303.37454126718046,105575.59116355499
2024-01-03 09:57:00,2024-01-03,STK3,118.38927952344352,0.0007868410400598981,749.3714913113898,-1475.0176524566077,5000.0,32.5,OW,-0.269729593539239,-6475.017652456608,-591946.3976172176,1746.503879556518,1714.003879556518,107289.5950431115
2024-01-03 09:58:00,2024-01-03,STK3,118.37588235503333,-0.000710446317799973,-676.614703048437,-676.614703048437,798.4029494081707,0.8286814505107658,OW,-0.013397168410193672,-1475.0176524566077,-94511.65361105323,19.761059897969695,18.93237844745893,107308.52742155896
2024-01-03 09:59:00,2024-01-03,STK3,118.30680883817159,0.000478353549046029,455.57424457096283,455.57424457096283,1132.1889476193999,1.6664073570449813,OW,-0.06907351686173513,-676.614703048437,-133945.661394699,46.736157099914124,45.06974974286914,107353.59717130182
2024-01-03 10:00:00,2024-01-03,STK3,118.37855895861148,-0.0006745705781107707,-642.4473742182706,-642.4473742182705,-1098.0216187892333,1.5673469179270871,OW,0.07175012043988716,455.57424457096283,129982.21693767127,32.68750691727719,31.120159999350104,107384.71733130117
2024-01-03 10:01:00,2024-01-03,STK3,118.213218458726,-0.0007546940791105308,-718.7553759319449,-718.7553759319449,-76.30800171367434,0.007569784463194365,OW,-0.16534049988547395,-642.4473742182705,9020.614476727424,106.222570003359,106.2150002188958,107490.93233152007
2024-01-03 10:02:00,2024-01-03,STK3,118.44075481722301,-0.006698570804989991,-6379.58334431585,-5718.755375931945,-5000.0,32.5,OW,0.22753635849700515,-718.7553759319449,592203.7740861151,-163.54298088970071,-196.04298088970071,107294.88935063037
2024-01-03 10:03:00,2024-01-03,STK3,118.32941007832422,-0.006480800876151233,-6172.183668869012,-6172.183668869012,-453.42829293706654,0.26727638188656894,OW,-0.1113447388987936,-5718.755375931945,53653.902416064666,636.7533241592147,636.4860477773282,107931.3753984077
2024-01-03 10:04:00,2024-01-03,STK3,118.33808102075159,-0.003947124667663723,-3759.161695955731,-3759.161695955731,2413.021972913281,7.569477554290994,OW,0.008670942427372097,-6172.183668869012,-285552.3897354657,-53.51864924392949,-61.08812679822048,107870.28727160949
2024-01-03 10:05:00,2024-01-03,STK3,118.33443241644993,-0.006258728006813789,-5960.685959925752,-5960.685959925752,-2201.5242639700214,6.300721810303367,OW,-0.003648604301659475,-3759.161695955731,260516.12422793516,13.715693534497607,7.41497172419424,107877.70224333368
2024-01-03 10:06:00,2024-01-03,STK3,118.16391964864968,-0.004698130030349708,-4474.404012975706,-4474.404012975706,1486.2819469500464,2.871744233578507,OW,-0.17051276780024693,-5960.685959925752,-175624.9005546439,1016.3730610150118,1013.5013167814333,108891.20356011511
2024-01-03 10:07:00,2024-01-03,STK3,118.0023424756657,-0.0031152174562254172,-2966.8700945659943,-2966.8700945659943,1507.5339184097115,2.95445606970246,OW,-0.1615771729839821,-4474.404012975706,-177892.53373386504,722.9615512047993,720.0070951350968,109611.21065525021
2024-01-03 10:08:00,2024-01-03,STK3,117.9056492295661,-0.0027524105333655035,-2621.3401196412833,-2621.3401196412833,345.52997492471104,0.15520825264291288,OW,-0.09669324609960483,-2966.8700945659943,-40739.93602177375,286.87630019942753,286.7210919467846,109897.931747197
2024-01-03 10:09:00,2024-01-03,STK3,118.0799710280554,-0.006440243153579054,-6133.557314242424,-6133.557314242424,-3512.2171946011404,16.036370508667474,OW,0.17432179848930218,-2621.3401196412833,414722.50458274066,-456.95672410803104,-472.9930946166985,109424.9386525803
2024-01-03 10:10:00,2024-01-03,STK3,117.92517490146848,-0.000983083289996852,-936.268640807256,-1133.5573142424237,5000.0,32.5,OW,-0.15479612658691622,-6133.557314242424,-589625.8745073423,949.450914443576,916.950914443576,110341.88956702387
2024-01-03 10:11:00,2024-01-03,STK3,117.85715212978968,-0.0018035379641153522,-1717.653077301287,-1717.653077301287,-584.0957630588634,0.44351821855031076,OW,-0.06802277167879822,-1133.5573142424237,68839.86320519405,77.10771037154412,76.6641921529938,110418.55375917687
2024-01-03 10:12:00,2024-01-03,STK3,117.79921042684217,-0.0023202594979391897,-2209.768214514772,-2209.768214514772,-492.1151372134848,0.31483050075704105,OW,-0.05794170294751666,-1717.653077301287,57970.7746028456,99.52374437187905,99.20891387112201,110517.76267304798
2024-01-03 10:13:00,2024-01-03,STK3,117.72632157113041,-0.0031120838087076684,-2963.8856720536137,-2963.8856720536137,-754.1174575388418,0.739301081694301,OW,-0.07288885571175285,-2209.768214514772,88779.47430862098,161.06747654418493,160.32817546249063,110678.09084851047
2024-01-03 10:14:00,2024-01-03,STK3,117.65974983150116,-0.004287917267175001,-4083.7256746015464,-4083.7256746015464,-1119.8400025479327,1.6302541206985202,OW,-0.06657173962925356,-2963.8856720536137,131760.0945510974,197.31102525082838,195.68077113012987,110873.77161964061
2024-01-03 10:15:00,2024-01-03,STK3,117.86111352060338,-0.009025700488117837,-8595.894584242738,-8595.894584242738,-4512.168909641192,26.46756874987236,OW,0.20136368910222302,-4083.7256746015464,531809.2520833577,-822.3140671192317,-848.7816358691041,110024.9899837715
2024-01-03 10:16:00,2024-01-03,STK3,117.73969464849432,-0.007729256161599688,-7361.1872305297975,-7361.1872305297975,1234.7073537129409,1.9818529241066571,OW,-0.12141887210906077,-8595.894584242738,-145374.06680641213,1043.7038251871372,1041.7219722630305,111066.71195603453
2024-01-03 10:17:00,2024-01-03,STK3,117.6481751516676,-0.006197630165015332,-5902.497611208035,-5902.497611208035,1458.6896193217626,2.7661080271721894,OW,-0.09151949682672011,-7361.1872305297975,-171612.17182588606,673.6921513853645,670.9260433581923,111737.63799939273
2024-01-03 10:18:00,2024-01-03,STK3,117.5238685271264,-0.0022678061014486744,-2159.8126606592527,-2159.8126606592527,3742.684950548782,18.209997830783642,OW,-0.12430662454120522,-5902.497611208035,-439854.81406674965,733.719554411798,715.5095565810143,112453.14755597374
2024-01-03 10:19:00,2024-01-03,STK3,117.38096202780429,-0.0025029057815086487,-2383.7168406445294,-2383.7168406445294,-223.90417998527664,0.06517300635934291,OW,-0.14290649932210897,-2159.8126606592527,26282.088048718415,308.6512665263839,308.5860935200246,112761.73364949376
2024-01-03 10:20:00,2024-01-03,STK3,117.27328465288146,0.001803482838280821,1717.6005765714963,1717.6005765714958,4101.317417216025,21.867045923787387,OW,-0.10767737492282947,-2383.7168406445294,-480974.9649209955,256.6723719599435,234.80532603615615,112996.53897552993
2024-01-03 10:21:00,2024-01-03,STK3,117.23681963349877,0.002539867870502248,2418.9187865788813,2418.9187865788813,701.3182100073855,0.6394014011943523,OW,-0.03646501938268898,1717.6005765714958,-82220.31649232405,-62.63233831639736,-63.271739717591714,112933.26723581234
2024-01-03 10:22:00,2024-01-03,STK3,117.2452630568287,0.0036560708884665945,3481.9679637221348,3481.9679637221348,1063.0491771432535,1.469095618932433,OW,0.008443423329936195,2418.9187865788813,-124637.48041650605,20.42395531582108,18.954859696888647,112952.22209550922
2024-01-03 10:23:00,2024-01-03,STK3,117.3765927067419,0.0036373377006148288,3464.126854523731,3464.126854523731,-17.841109198403956,0.0004137967306581865,OW,0.13132964991319795,3481.9679637221348,2094.1286078175676,457.28563368459874,457.2852198878681,113409.50731539709
2024-01-03 10:24:00,2024-01-03,STK3,117.21861601810005,0.007926020884489876,7548.581972698391,7548.581972698391,4084.45511817466,21.68760569609813,OW,-0.15797668864185255,3464.126854523731,-478774.1761404789,-547.2512895129754,-568.9388952090735,112840.56842018802
2024-01-03 10:25:00,2024-01-03,STK3,117.39015667433222,0.0,0.0,2548.581972698391,-5000.0,32.5,OW,0.17154065623216752,7548.581972698391,586950.7833716611,1294.8887052189916,1262.3887052189916,114102.95712540702
2024-01-03 10:26:00,2024-01-03,STK3,117.40136081266073,0.0,0.0,0.0,-2548.581972698391,8.443851093032189,OW,0.011204138328508861,2548.581972698391,299206.99173740647,28.554664963656766,20.110813870624575,114123.06793927764
2024-01-03 10:27:00,2024-01-03,STK3,117.48213267811555,0.0,0.0,0.0,0.0,0.0,OW,0.08077186545482107,0.0,-0.0,0.0,0.0,114123.06793927764
2024-01-03 10:28:00,2024-01-03,STK3,117.61251260644536,0.0,0.0,0.0,0.0,0.0,OW,0.13037992832981615,0.0,-0.0,0.0,0.0,114123.06793927764
2024-01-03 10:29:00,2024-01-03,STK3,117.73201056837578,0.0,0.0,0.0,0.0,0.0,OW,0.11949796193042062,0.0,-0.0,0.0,0.0,114123.06793927764
2024-01-04 09:30:00,2024-01-04,STK3,117.75276695650837,-0.004949591590942357,-4713.890917032538,-4713.890917032538,-4713.890917032538,28.886997850986422,OW,0.020756388132582515,0.0,555073.698611734,0.0,-28.886997850986422,114094.18094142665
2024-01-04 09:31:00,2024-01-04,STK3,117.7144213477398,-0.004362716823607734,-4154.963259195711,-4154.963259195711,558.9276578368272,0.40612016470344975,OW,-0.03834560876856585,-4713.890917032538,-65793.84581750962,180.7570168822258,180.35089671752235,114274.53183814418
2024-01-04 09:32:00,2024-01-04,STK3,117.69699238072727,-0.007617903189058018,-7255.136911790507,-7255.136911790507,-3100.1736525947963,12.49439967911585,OW,-0.017428967012534713,-4154.963259195711,364881.1147683812,72.41671758281576,59.92231790369991,114334.45415604788
2024-01-04 09:33:00,2024-01-04,STK3,117.69231916349507,-0.0070528515198782695,-6716.993131225903,-6716.993131225903,538.1437805646037,0.3764783471284737,OW,-0.00467321723219527,-7255.136911790507,-63335.3895780592,33.90483083811537,33.5283524909869,114367.98250853887
2024-01-04 09:34:00,2024-01-04,STK3,117.65649592481199,-0.007337103155954419,-6987.708639936368,-6987.708639936368,-270.71550871046475,0.09527295265327544,OW,-0.03582323868307924,-6716.993131225903,31851.4381473762,240.62444817250932,240.52917521985603,114608.51168375873
2024-01-04 09:35:00,2024-01-04,STK3,117.43070462049047,-0.002186688723103421,-2082.5581102646447,-2082.5581102646447,4905.150529671723,31.278652234360425,OW,-0.22579130432151828,-6987.708639936368,-576015.2829689225,1577.7638480299752,1546.4851957956148,116154.99687955434
2024-01-04 09:36:00,2024-01-04,STK3,117.43063849561717,-0.005991284728306015,-5705.978390984862,-5705.978390984862,-3623.4202807202173,17.06792688995495,OW,-6.612487329960004e-05,-2082.5581102646447,425500.55710294354,0.13770889118030413,-16.930217998774648,116138.06666155557
2024-01-04 09:37:00,2024-01-04,STK3,117.2015418855732,-0.000256313434860787,-244.1077309721302,-705.978390984862,5000.0,32.5,OW,-0.22909661004396753,-5705.978390984862,-586007.709427866,1307.2203063587642,1274.7203063587642,117412.78696791433
2024-01-04 09:38:00,2024-01-04,STK3,117.23363651203488,0.00046758163813558355,445.3152945006673,445.3152945006673,1151.2936854855293,1.723120295310509,OW,0.03209462646167083,-705.978390984862,-134970.34544281155,-22.658112748670547,-24.381233043981055,117388.40573487035
2024-01-04 09:39:00,2024-01-04,STK3,117.17947219084536,0.00412947586484844,3932.8292877813005,3932.8292877813005,3487.5139932806333,15.811580009326697,OW,-0.05416432118951775,445.3152945006673,-408665.04899081204,-24.12020064193883,-39.93178065126553,117348.47395421908
2024-01-04 09:40:00,2024-01-04,STK3,117.28880929630223,0.0037932879385065336,3612.6507067243947,3612.6507067243947,-320.17858105690584,0.1332686208978977,OW,0.10933710545687347,3932.8292877813005,37553.36453434407,430.00417058202464,429.8709019611267,117778.3448561802
2024-01-04 09:41:00,2024-01-04,STK3,117.04186125396576,0.005590167101223953,5323.962076260241,5323.962076260241,1711.311369535846,3.807162584553449,OW,-0.24694804233647005,3612.6507067243947,-200295.06787554864,-892.1370196710543,-895.9441822556078,116882.4006739246
2024-01-04 09:42:00,2024-01-04,STK3,117.18494203615668,0.0035332480299052876,3364.993957536326,3364.993957536326,-1958.9681187239148,4.9888229172297285,OW,0.14308078219092124,5323.962076260241,229561.56544334086,761.7566582261163,756.7678353088866,117639.16850923348
2024-01-04 09:43:00,2024-01-04,STK3,117.26392720001498,0.0018432190546665609,1755.4445453225255,1755.4445453225255,-1609.5494122138005,3.367844103465128,OW,0.07898516385829168,3364.993957536326,188742.085098666,265.7845991181681,262.41675501470297,117901.58526424818
2024-01-04 09:44:00,2024-01-04,STK3,117.44686265935522,-0.002040378032399434,-1943.2147678287959,-1943.2147678287959,-3698.6593131513214,17.784104929189304,OW,0.1829354593402428,1755.4445453225255,434395.9323754283,321.1330542448999,303.34894931571057,118204.93421356389
2024-01-04 09:45:00,2024-01-04,STK3,117.5346602175601,-0.0018023294810635027,-1716.5021424863974,-1716.5021424863974,226.7126253423985,0.06681819883653557,OW,0.08779755820488333,-1943.2147678287959,-26646.591386649812,-170.60951168303754,-170.67632988187407,118034.25788368202
2024-01-04 09:46:00,2024-01-04,STK3,117.40340883655145,-0.0034655314497772137,-3300.5020563090857,-3300.5020563090857,-1583.9999138226883,3.2617724450873693,OW,-0.13125138100865286,-1716.5021424863974,185966.98947958733,225.29327670565107,222.0315042605637,118256.28938794258
2024-01-04 09:47:00,2024-01-04,STK3,117.41373643464792,-0.005642991658948525,-5374.271116567688,-5374.271116567688,-2073.7690602586026,5.590673549871603,OW,0.010327598096466772,-3300.5020563090857,243488.97386753105,-34.08625875412238,-39.676932303993986,118216.61245563859
2024-01-04 09:48:00,2024-01-04,STK3,117.38336473693141,-0.0063335092855938595,-6031.906137253219,-6031.906137253219,-657.6350206855304,0.5622289665616755,OW,-0.03037169771650383,-5374.271116567688,77195.41149690906,163.22573779893136,162.6635088323697,118379.27596447096
2024-01-04 09:49:00,2024-01-04,STK3,117.31444329109759,-0.005814103115298673,-5537.234206565908,-5537.234206565908,494.67193068731103,0.3181104147128854,OW,-0.06892144583382276,-6031.906137253219,-58032.16216031431,415.7276921134008,415.40958169868793,118794.68554616964
2024-01-04 09:50:00,2024-01-04,STK3,117.41760262304953,-0.008645541278296476,-8233.838642196419,-8233.838642196419,-2696.604435630511,9.453178126940792,OW,0.10315933195194305,-5537.234206565908,316628.8280544161,-571.2173816107864,-580.6705597377272,118214.01498643191
2024-01-04 09:51:00,2024-01-04,STK3,117.1785810401296,-0.0030871605066798554,-2940.1492233198715,-3233.8386421964187,5000.0,32.5,OW,-0.23902158291993203,-8233.838642196419,-585892.905200648,1968.0651457650918,1935.5651457650918,120149.580132197
2024-01-04 09:52:00,2024-01-04,STK3,117.04761279622409,0.00012043268132322616,114.6976497297919,114.69764972979192,3348.5362919262107,14.576503887851018,OW,-0.13096824390551376,-3233.8386421964187,-391938.1793314831,423.530168042256,408.953664154405,120558.53379635142
2024-01-04 09:53:00,2024-01-04,STK3,116.97254583415585,0.0038416736430687544,3658.732273063618,3658.732273063618,3544.034623333826,16.328235834805614,OW,-0.07506696206823449,114.69764972979192,-414554.7524157512,-8.610004121581936,-24.938239956387548,120533.59555639503
2024-01-04 09:54:00,2024-01-04,STK3,116.93753675705481,0.004669861286941578,4447.4814335387755,4447.4814335387755,788.7491604751576,0.8087628095953459,OW,-0.03500907710103718,3658.732273063618,-92234.38394515988,-128.0888402397372,-128.89760304933256,120404.69795334569
2024-01-04 09:55:00,2024-01-04,STK3,116.85665172179279,0.00715804844089712,6817.180551011813,6817.180551011813,2369.6991174730374,7.30011607955824,OW,-0.08088503526202828,4447.4814335387755,-276915.10445598647,-359.73469257899995,-367.0348086585582,120037.66314468713
2024-01-04 09:56:00,2024-01-04,STK3,116.97868375449286,0.0068459269565674195,6519.922362541283,6519.922362541283,-297.2581884705296,0.11487115979661516,OW,0.12203203270007634,6817.180551011813,34772.87162252752,831.914399923398,831.7995287636014,120869.46267345073
2024-01-04 09:57:00,2024-01-04,STK3,117.05540223859825,0.004537124720631262,4321.065812614957,4321.065812614957,-2198.856549926326,6.2854611653000765,OW,0.07671848410538473,6519.922362541283,257388.03791660248,500.1985601389659,493.9130989736658,121363.37577242439
2024-01-04 09:58:00,2024-01-04,STK3,117.22086135324055,-0.0013330525372940282,-1269.5722731905457,-678.9341873850426,-5000.0,32.5,OW,0.165459114642303,4321.065812614957,586104.3067662028,714.9597236663944,682.4597236663944,122045.83549609079
2024-01-04 09:59:00,2024-01-04,STK3,117.23929377163397,0.001656220475657326,1577.3508810487433,1577.3508810487433,2256.285068433786,6.618069003048431,OW,0.018432418393416583,-678.9341873850426,-264525.2679706599,-12.5143990034754,-19.13246800652383,122026.70302808426
2024-01-04 10:00:00,2024-01-04,STK3,117.31887043478615,0.001740142692022044,1657.276702440315,1657.276702440315,79.92582139157162,0.00830457800265263,OW,0.07957666315218148,1577.3508810487433,-9376.80708423165,125.52031973401253,125.51201515600988,122152.21504324027
2024-01-04 10:01:00,2024-01-04,STK3,117.42120939970599,-0.0006651663472612234,-633.4909749742436,-633.4909749742435,-2290.7676774145584,6.821901517453478,OW,0.10233896491983785,1657.276702440315,268984.711135773,169.60398231350393,162.78208079605045,122314.99712403632
2024-01-04 10:02:00,2024-01-04,STK3,117.3488775904095,0.0009327659114155955,888.3473872038019,888.3473872038019,1521.8383621780454,3.0107896007757824,OW,-0.07233180929648597,-633.4909749742435,-178586.02367562073,45.82154839288195,42.81075879210617,122357.80788282843
2024-01-04 10:03:00,2024-01-04,STK3,117.13451348370289,0.004608458991503377,4389.003129332674,4389.003129332674,3500.6557421288717,15.930967812369795,OW,-0.21436410670661132,888.3473872038019,-410047.6072281963,-190.42979410309516,-206.36076191546496,122151.44712091297
2024-01-04 10:04:00,2024-01-04,STK3,117.34659156625747,0.0031858897941208545,3034.1769997054803,3034.1769997054803,-1354.8261296271935,2.3862199939767814,OW,0.2120780825545836,4389.003129332674,158984.22847665567,930.8113679949406,928.4251480009639,123079.87226891394
2024-01-04 10:05:00,2024-01-04,STK3,117.43168162658372,-0.00018611313491121638,-177.250385224491,-177.25038522449086,-3211.427384929971,13.407245603281599,OW,0.08509006032625166,3034.1769997054803,377123.3182339887,258.17830394546456,244.77105834218295,123324.64332725613
2024-01-04 10:06:00,2024-01-04,STK3,117.37804991304543,-0.00041189420443068836,-392.2797090162539,-392.2797090162539,-215.02932379176303,0.06010889311744573,OW,-0.053631713538294434,-177.25038522449086,25239.722700797967,9.50624188491223,9.446132991794784,123334.08946024792
2024-01-04 10:07:00,2024-01-04,STK3,117.40936306027258,-7.482862689020969e-05,-71.26527070986454,-71.26527070986452,321.01443830638937,0.13396535048151667,OW,0.03131314722715217,-392.2797090162539,-37690.10073470434,-12.28351228265037,-12.417477633131888,123321.67198261479
2024-01-04 10:08:00,2024-01-04,STK3,117.43280442035042,-0.0014391278391969096,-1370.59624516361,-1370.59624516361,-1299.3309744537455,2.1947392755273962,OW,0.02344136007783959,-71.26527070986452,152584.08020033003,-1.6705548717546492,-3.8652941472820457,123317.8066884675
2024-01-04 10:09:00,2024-01-04,STK3,117.5531774683178,-0.002201275468169916,-2096.450231223443,-2096.450231223443,-725.853986059833,0.6849232118026328,OW,0.12037304796737658,-1370.59624516361,85326.44243937742,-164.98284756298546,-165.6677707747881,123152.13891769272
2024-01-04 10:10:00,2024-01-04,STK3,117.41960455175803,-0.0022446351090874865,-2137.7450762084636,-2137.7450762084636,-41.29484498502052,0.0022168434890379365,OW,-0.13357291655977122,-2096.450231223443,4848.8243681672575,280.028971806922,280.02675496343295,123432.16567265615
2024-01-04 10:11:00,2024-01-04,STK3,117.35133387681458,-0.0009266895605532657,-882.5603935473847,-882.5603935473846,1255.184682661079,2.048135163863092,OW,-0.06827067494344874,-2137.7450762084636,-147297.59677202383,145.94529920978607,143.89716404592298,123576.06283670207
2024-01-04 10:12:00,2024-01-04,STK3,117.40450827572967,-0.003156318607811878,-3006.0139999939784,-3006.0139999939784,-2123.4536064465938,5.86177178435036,OW,0.05317439891508968,-882.5603935473846,249303.02651118714,-46.92961843314717,-52.79139021749753,123523.27144648458
2024-01-04 10:13:00,2024-01-04,STK3,117.33941702571596,-0.001156424029115883,-1101.3548546234017,-1101.3548546234017,1904.6591453705767,4.7160443980569084,OW,-0.06509125001370819,-3006.0139999939784,-223491.59375048184,195.66520881831505,190.94916442025814,123714.22061090484
2024-01-04 10:14:00,2024-01-04,STK3,117.41018662785935,-0.007746510098495713,-7377.619531038402,-6101.3548546234015,-5000.0,32.5,OW,0.07076960214338612,-1101.3548546234017,587050.9331392967,-77.942444880385,-110.442444880385,123603.77816602445
2024-01-04 10:15:00,2024-01-04,STK3,117.27396282562111,-0.003802716785501665,-3621.630549887571,-3621.630549887571,2479.7243047358306,7.993742415746878,OW,-0.13622380223823427,-6101.3548546234015,-290807.09593137895,831.1497571015088,823.156014685762,124426.93418071022
2024-01-04 10:16:00,2024-01-04,STK3,117.29124117184185,-0.006042521187630957,-5754.774958498581,-5754.774958498581,-2133.1444086110105,5.915396588384944,OW,0.017278346220734875,-3621.630549887571,250199.15528475997,-62.57578652454788,-68.49118311293282,124358.44299759729
2024-01-04 10:17:00,2024-01-04,STK3,117.19973887366623,-0.008099420096604805,-7713.723875013112,-7713.723875013112,-1958.9489165145305,4.988725114767489,OW,-0.0915022981756124,-5754.774958498581,229588.30148235438,526.5751341860846,521.5864090713171,124880.0294066686
2024-01-04 10:18:00,2024-01-04,STK3,117.26443442734734,-0.011239086421985577,-10703.878578041356,-10703.878578041356,-2990.1547030282445,11.62333269245451,OW,0.06469555368110491,-7713.723875013112,350638.80010087986,-499.04363703713136,-510.66696972958584,124369.36243693902
2024-01-04 10:19:00,2024-01-04,STK3,116.90759954522456,-0.0075838180974295705,-7222.674959954401,-7222.674959954401,3481.2036180869554,15.754412219756222,OW,-0.3568348821227829,-10703.878578041356,-406979.1585186966,3819.5172506519684,3803.762838432212,128173.12527537123
2024-01-04 10:20:00,2024-01-04,STK3,117.02753199835311,-0.012522892650147862,-11926.549662507903,-11926.549662507903,-4703.874702553502,28.764368382519642,OW,0.1199324531285555,-7222.674959954401,550482.8472693237,-866.2331260975226,-894.9974944800422,127278.12778089118
2024-01-04 10:21:00,2024-01-04,STK3,116.89960462157475,-0.012108508988176194,-11531.89904448327,-11531.89904448327,394.6506180246324,0.20247384339939165,OW,-0.1279273767783593,-11926.549662507903,-46134.501210739654,1525.7322123414624,1525.529738498063,128803.65751938925
2024-01-04 10:22:00,2024-01-04,STK3,116.6751971706879,-0.005759583193452258,-5485.310535760535,-6531.899044483271,5000.0,32.5,OW,-0.22440745088685787,-11531.89904448327,-583375.9858534394,2587.844068457083,2555.344068457083,131359.00158784635
2024-01-04 10:23:00,2024-01-04,STK3,116.5361571222294,-0.005704633431013428,-5432.977493469224,-5432.977493469224,1098.9215510140466,1.5699171478680531,OW,-0.13904004845849727,-6531.899044483271,-128064.09453397697,908.195559670966,906.6256425230979,132265.62723036946
2024-01-04 10:24:00,2024-01-04,STK3,116.41767397877165,-0.006168904894317088,-5875.140244414066,-5875.140244414066,-442.1627509448417,0.2541602678200432,OW,-0.1184831434577518,-5432.977493469224,51475.55898505339,643.7162517614508,643.4620914936309,132909.08932186308
2024-01-04 10:25:00,2024-01-04,STK3,116.21770517691806,0.0,0.0,-875.1402444140658,5000.0,32.5,OW,-0.19996880185358634,-5875.140244414066,-581088.5258845903,1174.8447553972671,1142.3447553972671,134051.43407726035
2024-01-04 10:26:00,2024-01-04,STK3,116.1174310039391,0.0,0.0,0.0,875.1402444140658,0.9956315816110441,OW,-0.10027417297895624,-875.1402444140658,-101619.0369495207,87.75396424922208,86.75833266761103,134138.19240992796
2024-01-04 10:27:00,2024-01-04,STK3,116.30385946331519,0.0,0.0,0.0,0.0,0.0,OW,0.18642845937608854,0.0,-0.0,0.0,0.0,134138.19240992796
2024-01-04 10:28:00,2024-01-04,STK3,116.16880048744062,0.0,0.0,0.0,0.0,0.0,OW,-0.13505897587457127,0.0,-0.0,-0.0,-0.0,134138.19240992796
2024-01-04 10:29:00,2024-01-04,STK3,116.02082392345922,0.0,0.0,0.0,0.0,0.0,OW,-0.1479765639814019,0.0,-0.0,-0.0,-0.0,134138.19240992796
2024-01-05 09:30:00,2024-01-05,STK3,115.61733999251479,-0.002032762275581047,-1935.9616750770183,-1935.9616750770183,-1935.9616750770183,4.872331889577119,OW,-0.40348393094443225,0.0,223830.73919985807,-0.0,-4.872331889577119,134133.32007803838
2024-01-05 09:31:00,2024-01-05,STK3,115.53040985052625,-0.001190575992159314,-1133.880493442545,-1133.880493442545,802.0811816344733,0.8363344885117989,OW,-0.08693014198853177,-1935.9616750770183,-92664.76764762509,168.293423298801,167.4570888102892,134300.77716684865
2024-01-05 09:32:00,2024-01-05,STK3,115.42980173272495,-0.0007732635118914372,-736.4405281130958,-736.4405281130958,397.43996532944925,0.20534608385339595,OW,-0.10060811780130052,-1133.880493442545,-45876.416398639405,114.07758225686433,113.87223617301093,134414.64940302167
2024-01-05 09:33:00,2024-01-05,STK3,115.45812833476559,-0.001644041953057119,-1565.7523024563102,-1565.7523024563102,-829.3117743432144,0.8940854247835779,OW,0.028326602040635862,-736.4405281130958,95750.78527165101,-20.86085776645537,-21.75494319123895,134392.89445983042
2024-01-05 09:34:00,2024-01-05,STK3,115.38264765883567,-2.992287286808115e-05,-28.497938876914862,-28.49793887691476,1537.2543635793954,3.0720962718470597,OW,-0.07548067592992425,-1565.7523024563102,-177372.47859488905,118.18404212823748,115.11194585639042,134508.0064056868
2024-01-05 09:35:00,2024-01-05,STK3,115.48746993936759,-0.0024505505199077906,-2333.854748472969,-2333.854748472969,-2305.356809596054,6.909071025416167,OW,0.10482228053191989,-28.49793887691476,266239.82524774066,-2.987218943537465,-9.896289968953631,134498.11011571786
2024-01-05 09:36:00,2024-01-05,STK3,115.45440297371576,-0.0024872930979736615,-2368.8476366397463,-2368.8476366397463,-34.99288816677745,0.0015918528889283712,OW,-0.03306696565182676,-2333.854748472969,4040.0830116212933,77.17349480410844,77.17190295121952,134575.2820186691
2024-01-05 09:37:00,2024-01-05,STK3,115.38047925109144,0.001741182111246763,1658.2666242858584,1658.2666242858586,4027.114260925605,21.082944051715497,OW,-0.07392372262431479,-2368.8476366397463,-464650.3734245012,175.11403563022023,154.03109157850474,134729.3131102476
2024-01-05 09:38:00,2024-01-05,STK3,115.35323766434226,-0.0012579231182505886,-1198.0205341179942,-1198.0205341179944,-2856.287158403853,10.605889230641585,OW,-0.02724158674918442,1658.2666242858586,329481.9714209685,-45.173814098760424,-55.77970332940201,134673.5334069182
2024-01-05 09:39:00,2024-01-05,STK3,115.38073981316734,0.001160994054007924,1105.7072538938037,1105.7072538938037,2303.727788011798,6.899310237635052,OW,0.02750214882507862,-1198.0205341179944,-265805.8165089528,-32.948139024813266,-39.847449262448315,134633.68595765575
2024-01-05 09:40:00,2024-01-05,STK3,115.33108390036124,0.0009256167473467292,881.5386679490102,881.5386679490102,-224.16858594479345,0.06532702140183473,OW,-0.049655912806102265,1105.7072538938037,25853.605993424313,-54.9049029884255,-54.97023000982733,134578.71572764593
2024-01-05 09:41:00,2024-01-05,STK3,115.29571759337941,0.0010245406501579993,975.7517920768281,975.7517920768281,94.21312412781788,0.011538946585300707,OW,-0.03536630698182819,881.5386679490102,-10862.36975303089,-31.176767147036603,-31.188306093621904,134547.5274215523
2024-01-05 09:42:00,2024-01-05,STK3,115.49149280029631,-0.00168622800401521,-1605.9294441018403,-1605.92944410184,-2581.6812361786683,8.664601406808123,OW,0.19577520691690609,975.7517920768281,298162.21990078874,191.02800899338294,182.36340758657482,134729.8908291389
2024-01-05 09:43:00,2024-01-05,STK3,115.27305447257174,0.00027992384312214454,266.5938062382823,266.59380623828224,1872.5232503401223,4.558246319983637,OW,-0.21843832772457006,-1605.92944410184,-215851.474637614,350.7965422132544,346.23829589327073,135076.12912503217
2024-01-05 09:44:00,2024-01-05,STK3,115.45476214590911,-0.0015829350712706987,-1507.5553442369057,-1507.5553442369057,-1774.149150475188,4.091886770571381,OW,0.18170767333737103,266.59380623828224,204833.96817947956,48.442140257712175,44.3502534871408,135120.47937851932
2024-01-05 09:45:00,2024-01-05,STK3,115.39007371478533,0.00117763127730414,1121.5522088440653,1121.5522088440655,2629.1075530809712,8.985868483367636,OW,-0.06468843112378408,-1507.5553442369057,-303372.9143541122,97.52139005096168,88.53552156759405,135209.0149000869
2024-01-05 09:46:00,2024-01-05,STK3,115.36099183331963,0.0021845644516594403,2080.534997108518,2080.534997108518,958.9827882644524,1.1955423846437028,OW,-0.02908188146570012,1121.5522088440655,-110629.20560526958,-32.61684839519726,-33.81239077984096,135175.20250930707
2024-01-05 09:47:00,2024-01-05,STK3,115.38387955094147,0.0008638327608636186,822.6968489121094,822.6968489121095,-1257.8381481964084,2.056803849175621,OW,0.02288771762184183,2080.534997108518,145134.24538607366,47.61869751617927,45.561893667003645,135220.76440297408
2024-01-05 09:48:00,2024-01-05,STK3,115.29088512135637,0.0011180576771868064,1064.8155170729847,1064.8155170729847,242.11866816087513,0.07620788431359476,OW,-0.0929944295851044,822.6968489121095,-27914.075556671258,-76.50622418604445,-76.58243207035804,135144.1819709037
2024-01-05 09:49:00,2024-01-05,STK3,115.35377306847758,0.0005867243437999601,558.7843975049936,558.7843975049936,-506.031119567991,0.33288774216260475,OW,0.0628879471212116,1064.8155170729847,58372.59893223368,66.96406193153145,66.63117418936883,135210.81314509307
2024-01-05 09:50:00,2024-01-05,STK3,115.46516287289725,-0.0013299880890396132,-1266.6537546568877,-1266.6537546568877,-1825.4381521618814,4.33189178157864,OW,0.11138980441967306,558.7843975049936,210774.51355377224,62.24288475084609,57.91099296926745,135268.72413806233
2024-01-05 09:51:00,2024-01-05,STK3,115.50025084098438,0.00027100899028983103,258.10348071933913,258.10348071933913,1524.7572353762268,3.022350014881801,OW,0.03508796808712589,-1266.6537546568877,-176109.84315756007,-44.444306520839056,-47.46665653572086,135221.2574815266
2024-01-05 09:52:00,2024-01-05,STK3,115.43895705616224,0.0044531968482687395,4241.134604565479,4241.134604565479,3983.03112384614,20.62389801358516,OW,-0.06129378482214065,258.10348071933913,-459796.9588590322,-15.820139209056702,-36.44403722264186,135184.81344430396
2024-01-05 09:53:00,2024-01-05,STK3,115.36211441440405,0.005643077260040723,5374.352641316465,5374.352641316465,1133.2180367509864,1.669438054463088,OW,-0.07684264175819067,4241.134604565479,-130730.42881213361,-325.89998706689073,-327.56942512135385,134857.2440191826
2024-01-05 09:54:00,2024-01-05,STK3,115.39117253133101,0.005134972841162309,4890.444270080721,4890.444270080721,-483.9083712357442,0.3044175052776401,OW,0.029058116926961475,5374.352641316465,55838.75435461914,156.1685674580981,155.86414995282047,135013.10816913543
2024-01-05 09:55:00,2024-01-05,STK3,115.38030382073,0.006362280775991975,6059.307522754471,6059.307522754471,1168.8632526737501,1.776113694486377,OW,-0.010868710601002363,4890.444270080721,-134863.797218384,-53.15282348183759,-54.92893717632397,134958.1792319591
2024-01-05 09:56:00,2024-01-05,STK3,115.51754765350267,0.0027723131922833886,2640.2950094284533,2640.2950094284533,-3419.012513326018,15.196540536163864,OW,0.13724383277266838,6059.307522754471,394955.9409360602,831.6025883710862,816.4060478349223,135774.58527979403
2024-01-05 09:57:00,2024-01-05,STK3,115.72302598914567,-0.0005721538551867933,-544.9077588635301,-544.90775886353,-3185.2027682919834,13.18917167767539,OW,0.20547833564299367,2640.2950094284533,368601.3027357519,542.5234241438609,529.3342524661855,136303.91953226022
2024-01-05 09:58:00,2024-01-05,STK3,115.72184606980751,0.0004690119467947872,446.6774915371887,446.67749153718864,991.5852504007187,1.2782137014559327,OW,-0.00117991933815631,-544.90775886353,-114748.07571196351,0.6429472021944945,-0.6352664992614382,136303.28426576094
2024-01-05 09:59:00,2024-01-05,STK3,115.71859629014527,0.0008917183018193297,849.2544740842984,849.2544740842984,402.57698254710976,0.2106886949397567,OW,-0.003249779662240826,446.67749153718864,-46585.64331907385,-1.4516034275783043,-1.662292122518061,136301.62197363842
2024-01-05 10:00:00,2024-01-05,STK3,115.78594679829393,-0.0010541712652042074,-1003.9713905156187,-1003.9713905156189,-1853.2258645999173,4.464779936788744,OW,0.06735050814866383,849.2544740842984,214577.5113637883,57.19772037710376,52.73294044031501,136354.35491407875
2024-01-05 10:01:00,2024-01-05,STK3,115.694513600598,-0.00034311245641334686,-326.77336343616605,-326.77336343616605,677.1980270794528,0.5961763182443943,OW,-0.09143319769593461,-1003.9713905156189,-78348.09635424189,91.79631463007695,91.20013831183256,136445.55505239058
2024-01-05 10:02:00,2024-01-05,STK3,115.68643854584712,-0.0010536004968656274,-1003.427802294747,-1003.427802294747,-676.654438858581,0.5952195985151275,OW,-0.008075054750875665,-326.77336343616605,78279.7421577879,2.638712800874833,2.0434932023597057,136447.59854559295
2024-01-05 10:03:00,2024-01-05,STK3,115.75183760598298,-0.0038707756324375545,-3686.4484190996277,-3686.4484190996277,-2683.020616804881,9.358179519260057,OW,0.06539906013586005,-1003.427802294747,310564.5667299029,-65.62323518426805,-74.98141470352812,136372.6171308894
2024-01-05 10:04:00,2024-01-05,STK3,115.77561669409626,-0.0030496217681625494,-2904.39808804289,-2904.39808804289,782.0503310567378,0.7950835363977393,OW,0.02377908811327245,-3686.4484190996277,-90542.35936391597,-87.66038178280398,-88.45546531920172,136284.16166557022
2024-01-05 10:05:00,2024-01-05,STK3,115.71849920185491,-0.0035372925478198676,-3368.8458745906955,-3368.8458745906955,-464.44778654780566,0.2804252703579029,OW,-0.05711749224134621,-2904.39808804289,53745.20081693553,165.89193525957054,165.61150998921264,136449.77317555944
2024-01-05 10:06:00,2024-01-05,STK3,115.67257804180932,-0.0016265514536793059,-1549.0947046249426,-1549.0947046249426,1819.751169965753,4.304942616769245,OW,-0.045921160045594434,-3368.8458745906955,-210495.30922453737,154.7013105760199,150.39636795925065,136600.16954351868
2024-01-05 10:07:00,2024-01-05,STK3,115.61908540223095,-0.0006050549563963272,-576.2421021729469,-576.2421021729469,972.8526024519956,1.230374841926907,OW,-0.0534926395783657,-1549.0947046249426,-112480.32812667992,82.86516470725692,81.63478986533002,136681.804333384
2024-01-05 10:08:00,2024-01-05,STK3,115.50425202680367,-0.0010229142933466026,-974.2028827455762,-974.2028827455762,-397.96078057262923,0.20588461773616928,OW,-0.11483337542728123,-576.2421021729469,45966.16229604448,66.17182565583177,65.9659410380956,136747.7702744221
2024-01-05 10:09:00,2024-01-05,STK3,115.5805143288232,0.002955788926182775,2815.033587275344,2815.033587275344,3789.23647002092,18.665806933457585,OW,0.07626230201952922,-974.2028827455762,-437961.9001185524,-74.29495447223914,-92.96076140569673,136654.8095130164
2024-01-05 10:10:00,2024-01-05,STK3,115.49230929374959,0.0053982261371992345,5141.161384466128,5141.161384466128,2326.127797190784,7.034131687522744,OW,-0.08820503507361366,2815.033587275344,-268649.8710099464,-248.3001362990222,-255.33426798654494,136399.47524502987
2024-01-05 10:11:00,2024-01-05,STK3,115.56861052443303,0.0009193403606328487,875.5611641936525,875.5611641936521,-4265.600220272476,23.65394881094517,OW,0.07630123068344119,5141.161384466128,492969.4905096055,392.2769407769499,368.62299196600475,136768.09823699587
2024-01-05 10:12:00,2024-01-05,STK3,115.58042878874315,-0.0018835712293854435,-1793.8751403312008,-1793.8751403312008,-2669.436304524853,9.263657239089895,OW,0.011818264310122117,875.5611641936521,308534.5927012204,10.347613258118809,1.0839560190289141,136769.1821930149
2024-01-05 10:13:00,2024-01-05,STK3,115.438963529674,0.0008257460323637941,786.4238190598372,786.4238190598371,2580.298959391038,8.655325535784815,OW,-0.1414652590691503,-1793.8751403312008,-297867.0374687978,253.77101146466168,245.11568592887687,137014.29787894376
2024-01-05 10:14:00,2024-01-05,STK3,115.76929498572684,-0.0046523267714142225,-4430.781915616887,-4213.576180940163,-5000.0,32.5,OW,0.3303314560528463,786.4238190598371,578846.4749286342,259.7805252246761,227.28052522467613,137241.57840416842
2024-01-05 10:15:00,2024-01-05,STK3,115.83682068897254,-0.0057628775321119565,-5488.447997266247,-5488.447997266247,-1274.8718163260837,2.112887592481338,OW,0.06752570324569263,-4213.576180940163,147677.0979891893,-284.52469479728427,-286.6375823897656,136954.94082177867
2024-01-05 10:16:00,2024-01-05,STK3,115.62732100985261,-0.0031126809175204464,-2964.454346409329,-2964.454346409329,2523.9936508569176,8.281707134435841,OW,-0.20949967911992928,-5488.447997266247,-291842.62409446266,1149.8280942936972,1141.5463871592613,138096.48720893794
2024-01-05 10:17:00,2024-01-05,STK3,115.46012874035486,-0.004071249419923111,-3877.375599366506,-3877.375599366506,-912.9212529571769,1.0834527783311723,OW,-0.1671922694977468,-2964.454346409329,105406.00539624172,495.63384999863536,494.5503972203042,138591.03760615824
2024-01-05 10:18:00,2024-01-05,STK3,115.49163778043703,-0.005599061390348032,-5332.432817319399,-5332.432817319399,-1455.057217952893,2.752348959771857,OW,0.03150904008217026,-3877.375599366506,168046.94116562596,-122.17238317406816,-124.92473213384001,138466.1128740244
2024-01-05 10:19:00,2024-01-05,STK3,115.47167434160112,-0.005349366849221838,-5094.628786861347,-5094.628786861347,237.80403045805178,0.07351598397272223,OW,-0.01996343883591578,-5332.432817319399,-27459.629562172348,106.45369639518589,106.38018041121316,138572.49305443562
2024-01-05 10:20:00,2024-01-05,STK3,115.46794038073509,-0.006941500031905178,-6610.9442263596975,-6610.9442263596975,-1516.3154394983503,2.988976265679398,OW,-0.0037339608660289514,-5094.628786861347,175085.82076638364,19.023144517084823,16.034168251405426,138588.52722268703
2024-01-05 10:21:00,2024-01-05,STK3,115.42843944921125,-0.0056264465173941165,-5358.5138584058095,-5358.5138584058095,1252.430367953888,2.039156374545045,OW,-0.039500931523832605,-6610.9442263596975,-144566.08289171872,261.1384551933109,259.0992988187659,138847.6265215058
2024-01-05 10:22:00,2024-01-05,STK3,115.20037656124033,-0.00020589220890020023,-196.0875752250975,-358.5138584058095,5000.0,32.5,OW,-0.22806288797092122,-5358.5138584058095,-576001.8828062017,1222.078145780233,1189.578145780233,140037.20466728602
2024-01-05 10:23:00,2024-01-05,STK3,115.13431128336968,0.0006598927005126804,628.4684604796969,628.4684604796969,986.9823188855064,1.2663743271303949,OW,-0.0660652778706492,-358.5138584058095,-113635.52953374594,23.685317676058386,22.41894334892799,140059.62361063494
2024-01-05 10:24:00,2024-01-05,STK3,115.13034211194605,0.0015694425576519547,1494.7053471761935,1494.7053471761935,866.2368866964966,0.9754762470357309,OW,-0.003969171423634066,628.4684604796969,-99730.14911535471,-2.494499053991308,-3.469975301027039,140056.1536353339
2024-01-05 10:25:00,2024-01-05,STK3,115.02503169025637,0.0,0.0,0.0,-1494.7053471761935,2.9043872973402367,OW,-0.10531042168967986,1494.7053471761935,171928.5299265373,-157.40805041294428,-160.3124377102845,139895.8411976236
2024-01-05 10:26:00,2024-01-05,STK3,115.0695617501894,0.0,0.0,0.0,0.0,0.0,OW,0.044530059933023836,0.0,-0.0,0.0,0.0,139895.8411976236
2024-01-05 10:27:00,2024-01-05,STK3,115.18726986410141,0.0,0.0,0.0,0.0,0.0,OW,0.11770811391201619,0.0,-0.0,0.0,0.0,139895.8411976236
2024-01-05 10:28:00,2024-01-05,STK3,115.17629467733639,0.0,0.0,0.0,0.0,0.0,OW,-0.010975186765023182,0.0,-0.0,-0.0,-0.0,139895.8411976236
2024-01-05 10:29:00,2024-01-05,STK3,115.23018903194838,0.0,0.0,0.0,0.0,0.0,OW,0.053894354611998097,0.0,-0.0,0.0,0.0,139895.8411976236
2024-01-06 09:30:00,2024-01-06,STK3,115.47106551060439,-0.0017889923178864757,-1703.8000980441411,-1703.8000980441411,-1703.8000980441411,3.773815206323792,OW,0.2408764786560056,0.0,196739.6127382292,0.0,-3.773815206323792,139892.0673824173
2024-01-06 09:31:00,2024-01-06,STK3,115.56170991191863,-0.005097963642582783,-4855.197457929607,-4855.197457929607,-3151.3973598854654,12.910696915861008,OW,0.09064440131423623,-1703.8000980441411,364180.8675202704,-154.43993984634818,-167.35063676220918,139724.71674565508
2024-01-06 09:32:00,2024-01-06,STK3,115.46877482824782,-0.0029402385882531246,-2800.2237599640343,-2800.2237599640343,2054.9736979655722,5.489791969129388,OW,-0.0929350836708096,-4855.197457929607,-237285.2952083584,451.2181819909901,445.7283900218607,140170.44513567694
2024-01-06 09:33:00,2024-01-06,STK3,115.49841470093548,-0.0017572003411709916,-1673.5220624688668,-1673.5220624688668,1126.7016974951675,1.6502937296800395,OW,0.029639872687667435,-2800.2237599640343,-130132.25990154482,-82.99827574231539,-84.64856947199543,140085.79656620495
2024-01-06 09:34:00,2024-01-06,STK3,115.41599909905534,-0.0009351156247754618,-890.58520668066,-890.58520668066,782.9368557882068,0.7968871561969805,OW,-0.08241560188014319,-1673.5220624688668,-90363.4394422689,137.92432803807023,137.12744088187324,140222.92400708684
2024-01-06 09:35:00,2024-01-06,STK3,115.35691414759764,0.00018591880456033505,177.0653089289842,177.0653089289841,1067.6505156096441,1.4818409105260006,OW,-0.05908495145770587,-890.58520668066,-123160.86886882006,52.620183705677746,51.13834279515174,140274.062349882
2024-01-06 09:36:00,2024-01-06,STK3,115.2361655744152,0.0030884240066025937,2941.3525550897825,2941.3525550897825,2764.2872461607985,9.933669173073426,OW,-0.12074857318243915,177.0653089289841,-318545.86279383,-21.380383413282633,-31.31405258635606,140242.74829729565
2024-01-06 09:37:00,2024-01-06,STK3,115.281168888926,0.0009151715494787764,871.5908727720397,871.5908727720398,-2069.7616823177427,5.569087448068005,OW,0.04500331451080797,2941.3525550897825,238604.54605909932,132.3706141238741,126.8015266758061,140369.54982397147
2024-01-06 09:38:00,2024-01-06,STK3,115.38626535251568,-0.0003844676475101919,-366.15921095544536,-366.15921095544536,-1237.7500837274852,1.9916328506976158,OW,0.10509646358967473,871.5908727720398,142819.3596010781,91.6011184253795,89.60948557468188,140459.15930954614
2024-01-06 09:39:00,2024-01-06,STK3,115.35636004017289,-0.0008630765606616184,-821.9766591352013,-821.9766591352013,-455.81744817975596,0.2701004098846359,OW,-0.029905312342791035,-366.15921095544536,52581.441664816775,10.950105570812507,10.680005160927871,140469.83931470706
2024-01-06 09:40:00,2024-01-06,STK3,115.36876545875509,-0.000880318553236817,-838.3975841142453,-838.3975841142453,-16.420924979044003,0.0003505408103176087,OW,0.012405418582204675,-821.9766591352013,1894.4618425231404,-10.196964521374344,-10.197315062184662,140459.64199964487
2024-01-06 09:41:00,2024-01-06,STK3,115.43282971158217,-0.0025674710823233053,-2445.2075271938284,-2445.2075271938284,-1606.809943079583,3.3563896511332367,OW,0.06406425282708028,-838.3975841142453,185478.61853838255,-53.711314798308315,-57.06770444944155,140402.57429519543
2024-01-06 09:42:00,2024-01-06,STK3,115.33946778542104,-0.0017403472615715367,-1657.4715303414735,-1657.4715303414735,787.7359968523549,0.8066864009580652,OW,-0.09336192616113692,-2445.2075271938284,-90857.05063236872,228.2892846025264,227.48259820156835,140630.056893397
2024-01-06 09:43:00,2024-01-06,STK3,115.36175139834512,-0.0005591589117068027,-532.5316375387371,-532.5316375387372,1124.9398928027363,1.6451366911447414,OW,0.02228361292408465,-1657.4715303414735,-129775.03625159027,-36.93445401481962,-38.579590705964364,140591.47730269106
2024-01-06 09:44:00,2024-01-06,STK3,115.30134387456712,0.0002167697511555703,206.4471264517199,206.4471264517199,738.9787639904571,0.7099164977175229,OW,-0.06040752377799663,-532.5316375387372,-85205.24458286627,32.168917557156746,31.459001059439224,140622.9363037505
2024-01-06 09:45:00,2024-01-06,STK3,115.31264418068183,0.0049394678205937495,4704.249242923555,4704.249242923555,4497.802116471836,26.299291042620084,OW,0.01130030611470545,206.4471264517199,-518653.45505183446,2.3329157254057393,-23.966375317214343,140598.96992843327
2024-01-06 09:46:00,2024-01-06,STK3,115.26905970918851,0.004365733092414782,4157.83589259821,4157.83589259821,-546.4133503253452,0.38813781423789895,OW,-0.04358447149331823,4704.249242923555,62984.55310454995,-205.03221702566557,-205.42035483990347,140393.54957359337
2024-01-06 09:47:00,2024-01-06,STK3,115.22854690454766,0.006703893592465235,6384.6526594445495,6384.6526594445495,2226.8167668463393,6.4463267870403795,OW,-0.04051280464085494,4157.83589259821,-256592.86026638656,-168.44559324556602,-174.8919200326064,140218.65765356075
2024-01-06 09:48:00,2024-01-06,STK3,115.32610656863389,0.005052080623642561,4811.499398755564,4811.499398755564,-1573.153260688986,3.2172545361013056,OW,0.09755966408623351,6384.6526594445495,181425.64059101188,622.8845687626876,619.6673142265863,140838.32496778734
2024-01-06 09:49:00,2024-01-06,STK3,115.31515510911677,0.003688320119353491,3512.681478921493,3512.681478921493,-1298.8179198340704,2.1930063855467323,OW,-0.010951459517116291,4811.499398755564,149773.38988416622,-52.69294088210093,-54.88594726764766,140783.4390205197
2024-01-06 09:50:00,2024-01-06,STK3,115.62738751682414,-0.0001212222368131659,-115.44960640826434,-115.44960640826412,-3628.1310853297573,17.112335724036907,OW,0.31223240770736993,3512.681478921493,419511.3189652596,1096.7729956727428,1079.6606599487059,141863.0996804684
2024-01-06 09:51:00,2024-01-06,STK3,115.54713947162598,-0.0003296526528260816,-313.95451874781634,-313.95451874781634,-198.50491233955222,0.051225460289813306,OW,-0.08024804519816087,-115.44960640826412,22936.67479190113,9.26460523316026,9.213379772870447,141872.3130602413
2024-01-06 09:52:00,2024-01-06,STK3,115.65540807422563,-0.0029659508698521397,-2824.711616882893,-2824.7116168828925,-2510.7570981350764,8.195071567586371,OW,0.10826860259965088,-313.95451874781634,290382.63676007086,-33.99141702467197,-42.18648859225834,141830.12657164902
2024-01-06 09:53:00,2024-01-06,STK3,115.64806318580176,-0.0004987117368495568,-474.9629708549473,-474.96297085494734,2349.748646027945,7.1777143093632105,OW,-0.007344888423872931,-2824.7116168828925,-271743.8798865919,20.747191655622547,13.569477346259337,141843.69604899528
2024-01-06 09:54:00,2024-01-06,STK3,115.550180318164,0.0032935916561872927,3136.750074678281,3136.750074678281,3611.7130455332285,16.957812460257383,OW,-0.09788286763776455,-474.96297085494734,-417334.0936688298,46.490737609034234,29.53292514877685,141873.22897414406
2024-01-06 09:55:00,2024-01-06,STK3,115.6196421416483,-0.000889867372023348,-847.4916859849106,-847.4916859849104,-3984.2417606631916,20.63643712963629,OW,0.06946182348430341,3136.750074678281,460656.606573689,217.8843800016783,197.24794287204202,142070.47691701612
2024-01-06 09:56:00,2024-01-06,STK3,115.52609125882331,-0.0009646878304965061,-918.7491772595957,-918.7491772595957,-71.25749127468532,0.006600919081590412,OW,-0.09355088282498514,-847.4916859849104,8232.099439874102,79.28359541072345,79.27699449164186,142149.75391150775
2024-01-06 09:57:00,2024-01-06,STK3,115.46585564671582,-0.0005633166012823646,-536.49133699393,-536.49133699393,382.2578402656658,0.18995737337794266,OW,-0.06023561210749051,-918.7491772595957,-44137.72860394072,55.34141906548505,55.151461692107105,142204.90537319987
2024-01-06 09:58:00,2024-01-06,STK3,115.61619279378158,-0.0028223175700577336,-2687.918167394396,-2687.918167394396,-2151.426830400466,6.017228628537094,OW,0.15033714706575552,-536.49133699393,248739.77920529468,-80.65457702916025,-86.67180565769735,142118.23356754216
2024-01-06 09:59:00,2024-01-06,STK3,115.76048058989286,-0.0041579603324930344,-3959.9573186176376,-3959.9573186176376,-1272.0391512232418,2.1035086829181693,OW,0.14428779611128562,-2687.918167394396,147251.86347476186,-387.83378850082306,-389.93729718374124,141728.29627035843
2024-01-06 10:00:00,2024-01-06,STK3,115.56278875282062,0.0027710984077719395,2639.138073230899,1040.0426813823624,5000.0,32.5,OW,-0.19769183707224158,-3959.9573186176376,-577813.9437641031,782.8512370451887,750.3512370451887,142478.64750740363
2024-01-06 10:01:00,2024-01-06,STK3,115.46450748027881,0.0009384372314194235,893.7486376630422,893.7486376630422,-146.29404371932014,0.027822531396075458,OW,-0.0982812725418114,1040.0426813823624,16891.769705349678,-102.21671822405628,-102.24454075545235,142376.40296664817
2024-01-06 10:02:00,2024-01-06,STK3,115.4299133701971,0.0015124703321208115,1440.4461519436322,1440.4461519436322,546.69751428059,0.3885416237567487,OW,-0.03459411008171287,893.7486376630422,-63105.246713110595,-30.918438756696194,-31.30698038045294,142345.09598626773
2024-01-06 10:03:00,2024-01-06,STK3,115.43588105721936,0.0005706732574299897,543.4976675076399,543.4976675076399,-896.9484844359923,1.0458715588516307,OW,0.005967687022263135,1440.4461519436322,103540.03856380639,8.596131807222886,7.550260248371255,142352.6462465161
2024-01-06 10:04:00,2024-01-06,STK3,115.4945060198934,0.0009660195703310167,920.0174993412071,920.0174993412071,376.5198318335672,0.18429733889317104,OW,0.05862496267403117,543.4976675076399,-43485.971984311174,31.862530471058392,31.67823313216522,142384.32447964826
2024-01-06 10:05:00,2024-01-06,STK3,115.73974643246972,-0.004674896676880639,-4452.277037067133,-4079.982500658793,-5000.0,32.5,OW,0.24524041257632234,920.0174993412071,578698.7321623486,225.625471115874,193.125471115874,142577.44995076413
2024-01-06 10:06:00,2024-01-06,STK3,115.52438353677645,-0.004663754043015743,-4441.665017953542,-4441.665017953542,-361.6825172947488,0.17005851631166613,OW,-0.21536289569326073,-4079.982500658793,41783.14984650534,878.6768457197087,878.506787203397,143455.95673796753
2024-01-06 10:07:00,2024-01-06,STK3,115.52638612648002,-0.004669642965596284,-4447.27350870545,-4447.27350870545,-5.608490751907993,4.0891719068508735e-05,OW,0.0020025897035651496,-4441.665017953542,647.9286681917151,-8.894832631639279,-8.894873523358347,143447.06186444417
2024-01-06 10:08:00,2024-01-06,STK3,115.47228327100612,-0.00479799139008508,-4569.509952116326,-4569.509952116326,-122.23644341087584,0.019424272527062327,OW,-0.054102855473900036,-4447.27350870545,14114.921219580963,240.61019589439528,240.5907716218682,143687.65263606605
2024-01-06 10:09:00,2024-01-06,STK3,115.55615795363146,-0.0059442624988922995,-5661.195370798398,-5661.195370798398,-1091.685418682072,1.5493101693719662,OW,0.0838746826253356,-4569.509952116326,126150.97267690179,-383.26619698706924,-384.8155071564412,143302.8371289096
2024-01-06 10:10:00,2024-01-06,STK3,115.4407582688532,-0.00467255020218683,-4450.042302030321,-4450.042302030321,1211.153068768077,1.9069592827822295,OW,-0.11539968477825369,-5661.195370798398,-139816.42863823532,653.3001612582441,651.3932019754618,143954.23033088507
2024-01-06 10:11:00,2024-01-06,STK3,115.22666302917631,-0.0005271812366448585,-502.0767466143693,-502.0767466143693,3947.9655554159513,20.262361634776017,OW,-0.2140952396768938,-4450.042302030321,-454910.8967047087,952.7328732254978,932.4705115907218,144886.70084247578
2024-01-06 10:12:00,2024-01-06,STK3,115.22828451973655,0.0008778440979249774,836.0409629254528,836.0409629254527,1338.117709539822,2.3277267059593294,OW,0.0016214905602396357,-502.0767466143693,-154189.0081557528,-0.8141127051510273,-3.1418394111103565,144883.55900306467
2024-01-06 10:13:00,2024-01-06,STK3,115.16613157464373,0.004196404942800246,3996.571187864477,3996.571187864477,3160.5302249390243,12.985636693579055,OW,-0.06215294509281932,836.0409629254527,-363986.03973096603,-51.962408064053456,-64.94804475763252,144818.61095830705
2024-01-06 10:14:00,2024-01-06,STK3,115.17658913687605,0.004056920316879352,3863.7288514588995,3863.7288514588995,-132.8423364055775,0.02294121224420041,OW,0.010457562232318196,3996.571187864477,15300.32720016787,41.794391912982626,41.77145070073843,144860.38240900778
2024-01-06 10:15:00,2024-01-06,STK3,115.14269215905385,0.004412943922724907,4202.798532463632,4202.798532463632,339.0696810047325,0.14945872314964637,OW,-0.03389697782219514,3863.7288514588995,-39041.39590039651,-130.96873118887783,-131.11818991202747,144729.26421909576
2024-01-06 10:16:00,2024-01-06,STK3,115.19309604051108,0.0037872346976279485,3606.885722549056,3606.885722549056,-595.912809914576,0.46164570012637124,OW,0.050403881457228294,4202.798532463632,68645.04154426057,211.83735901890995,211.37571331878357,144940.63993241455
2024-01-06 10:17:00,2024-01-06,STK3,115.28417990351677,0.0025102818174376094,2390.7416280699927,2390.7416280699927,-1216.1440944790634,1.9227083960971914,OW,0.09108386300569293,3606.885722549056,140202.17457652383,328.529085029848,326.6063766337508,145267.2463090483
2024-01-06 10:18:00,2024-01-06,STK3,115.43318713299587,0.0005951115467858164,566.7721999828157,566.7721999828157,-1823.969428087177,4.324923816975662,OW,0.14900722947909628,2390.7416280699927,210546.60431725055,356.2377863990537,351.912862582078,145619.15917163037
2024-01-06 10:19:00,2024-01-06,STK3,115.43479145874316,0.0016188981688789977,1541.8058709822526,1541.8058709822526,975.0336709994369,1.2358978574574297,OW,0.0016043257472944106,566.7721999828157,-112552.80847707279,0.9092872332831279,-0.32661062417430187,145618.8325610062
2024-01-06 10:20:00,2024-01-06,STK3,115.42347091194429,0.0026754718176722893,2548.0652430356886,2548.0652430356886,1006.259372053436,1.316325300998988,OW,-0.011320546798870623,1541.8058709822526,-116145.9493600811,-17.454085517228073,-18.77041081822706,145600.06215018797
2024-01-06 10:21:00,2024-01-06,STK3,115.43416879101623,0.000176900993103399,168.4769276984695,168.47692769846935,-2379.5883153372192,7.361172715636252,OW,0.010697879071940974,2548.0652430356886,274685.79924576654,27.258893837411687,19.897721121775433,145619.95987130975
2024-01-06 10:22:00,2024-01-06,STK3,115.44409580381085,-0.0018669635114624027,-1778.0582857015534,-1778.0582857015534,-1946.5352134000227,4.925699138108153,OW,0.009927012794619827,168.47692769846935,224715.99766124363,1.6724726168609447,-3.2532265212472087,145616.7066447885
2024-01-06 10:23:00,2024-01-06,STK3,115.47114733511386,-0.002453485321224332,-2336.649793885333,-2336.649793885333,-558.5915081837798,0.4056318149195386,OW,0.027051531303001752,-1778.0582857015534,64501.20234163269,-48.09919937421721,-48.504831189136745,145568.20181359936
2024-01-06 10:24:00,2024-01-06,STK3,115.53805706690244,-0.0012782400544599747,-1217.369973218104,-1217.369973218104,1119.2798206672292,1.628623512038724,OW,0.06690973178858428,-2336.649793885333,-129319.41579408266,-156.34461099271837,-157.9732345047571,145410.2285790946
2024-01-06 10:25:00,2024-01-06,STK3,115.59411606728784,0.0,0.0,0.0,1217.369973218104,1.9265865472009611,OW,0.056059000385403124,-1217.369973218104,-140720.8059810046,-68.24454379781189,-70.17113034501284,145340.0574487496
2024-01-06 10:26:00,2024-01-06,STK3,115.4454528176768,0.0,0.0,0.0,0.0,0.0,OW,-0.14866324961104738,0.0,-0.0,-0.0,-0.0,145340.0574487496
2024-01-06 10:27:00,2024-01-06,STK3,115.32499710708183,0.0,0.0,0.0,0.0,0.0,OW,-0.12045571059496751,0.0,-0.0,-0.0,-0.0,145340.0574487496
2024-01-06 10:28:00,2024-01-06,STK3,115.31459613632138,0.0,0.0,0.0,0.0,0.0,OW,-0.010400970760443329,0.0,-0.0,-0.0,-0.0,145340.0574487496
2024-01-06 10:29:00,2024-01-06,STK3,115.45644827762516,0.0,0.0,0.0,0.0,0.0,OW,0.14185214130377233,0.0,-0.0,0.0,0.0,145340.0574487496
